Tipo;Categoria / Grupo;Nome do Item / Sabor;Descrição;Preço (R$);Disponível;Grupos Vinculados;Foto URL
"PRODUTO";"Combos de Pizza";"Pizza Grande + Pizza Pequena (Doce) + Refrigerante 2L";"Acompanha 1 Pizza Grande de 12 fatias e até 3 sabores + Pizza Pequena Doce de 6 fatias e até 2 sabores + Refrigerante 2L a sua escolha.";"108,80";"Sim";"";""
"PRODUTO";"Combos de Pizza";"Pizza Familia + Pizza Pequena (Doce) + Refrigerante 2L";"Acompanha 1 Pizza Familia de 16 fatias e até 4 sabores + Pizza Pequena Doce de 6 fatias e até 2 sabores + Refrigerante 2L a sua escolha.";"121,55";"Sim";"";""
"PRODUTO";"Combos de Pizza";"Pizza Gigante + Pizza Pequena (Doce) + Refrigerante 2L - Cópia";"Acompanha 1 Pizza Gigante de 20 fatias e até 4 sabores + Pizza Pequena Doce de 6 fatias e até 2 sabores + Refrigerante 2L a sua escolha.";"134,30";"Sim";"";""
"PRODUTO";"Pizzas";"Pequena 25cm";"Pizza com até 2 sabores e 6 fatias";"0,00";"Sim";"";"https://client-assets.anota.ai/produtos/67521dcc70782200190c87c5/-1748655271281blob"
"PRODUTO";"Pizzas";"Média 30cm";"Pizza com até 2 sabores e 8 fatias";"0,00";"Sim";"";"https://client-assets.anota.ai/produtos/67521dcc70782200190c87c5/-1748655271306blob"
"PRODUTO";"Pizzas";"Grande 35cm";"Pizza com até 3 sabores e 12 fatias";"0,00";"Sim";"";"https://client-assets.anota.ai/produtos/67521dcc70782200190c87c5/-1748655271410blob"
"PRODUTO";"Pizzas";"Famiia 40cm";"Pizza com até 4 sabores e 16 fatias";"0,00";"Sim";"";"https://client-assets.anota.ai/produtos/67521dcc70782200190c87c5/-1748655271434blob"
"PRODUTO";"Pizzas";"Gigante 45cm";"Pizza com até 4 sabores e 20 fatias";"0,00";"Sim";"";"https://client-assets.anota.ai/produtos/67521dcc70782200190c87c5/-1748655271190blob"
"PRODUTO";"X - Tradicional gaúcho prensado";"X-Bacon";"Pão, molho caseiro, hambúrguer artesanal 160g, ovo frito,  mussarela, presunto, bacon, alface, tomate, milho e ervilha";"30,00";"Sim";"";"https://client-assets.anota.ai/produtos/67521dcc70782200190c87c5/-1779125711698blob"
"PRODUTO";"X - Tradicional gaúcho prensado";"X-Bacon com Abacaxi";"Pão, molho caseiro, hambúrguer artesanal 160g, ovo frito, mussarela, presunto,  bacon ,abacaxi picado, alface, tomate, milho e ervilha";"40,00";"Sim";"";"https://client-assets.anota.ai/produtos/67606969295af30019b46262/-1734463495487blob"
"PRODUTO";"X - Tradicional gaúcho prensado";"X-Burguer";"Pão, molho caseiro, hambúrguer artesanal 160g, mussarela e presunto.";"22,00";"Sim";"";"https://client-assets.anota.ai/produtos/67606969295af30019b46262/-1734463495487blob"
"PRODUTO";"X - Tradicional gaúcho prensado";"X-Calabresa";"Pão, molho caseiro, hambúrguer artesanal 160g, ovo frito, mussarela, presunto, calabresa, alface ,tomate, milho e ervilha";"28,00";"Sim";"";"https://client-assets.anota.ai/produtos/67521dcc70782200190c87c5/-1778864118866blob"
"PRODUTO";"X - Tradicional gaúcho prensado";"X-Coração";"Pão, molho caseiro, mussarela, presunto, coração 160gr, ovo frito, alface, tomate, milho e ervilha";"35,00";"Sim";"";"https://client-assets.anota.ai/produtos/67521dcc70782200190c87c5/-1737556198750blob"
"PRODUTO";"X - Tradicional gaúcho prensado";"X-Frango";"Pão, molho caseiro, frango desfiado 160gr, ovo frito, mussarela, presunto, alface, tomate, milho e ervilha";"25,00";"Sim";"";"https://client-assets.anota.ai/produtos/67521dcc70782200190c87c5/-1778863362322blob"
"PRODUTO";"X - Tradicional gaúcho prensado";"X-Italian";"Pão, molho caseiro, hambúrguer artesanal 160g, mussarela, presunto, frango ,coração, calabresa, bacon, ovo, alface ,tomate, milho e ervilha";"42,00";"Sim";"";"https://client-assets.anota.ai/produtos/67606969295af30019b46262/-1734463495487blob"
"PRODUTO";"X - Tradicional gaúcho prensado";"X-Salada";"Pão, molho caseiro, hambúrguer artesanal 160g, ovo frito, mussarela, presunto, alface, tomate, milho e ervilha";"26,00";"Sim";"";"https://client-assets.anota.ai/produtos/67521dcc70782200190c87c5/-1778863445505blob"
"PRODUTO";"X - Tradicional gaúcho prensado";"X - Alcatra";"Pão, molho caseiro, 160gr de tiras de Alcatra, ovo frito, mussarela, presunto  alface, tomate, milho e ervilha.";"37,00";"Sim";"";"https://client-assets.anota.ai/produtos/67521dcc70782200190c87c5/-1778864229777blob"
"PRODUTO";"Pastéis";"Pastel 20cm";"";"0,00";"Sim";"";"https://client-assets.anota.ai/produtos/67521dcc70782200190c87c5/-1748751872370blob"
"PRODUTO";"Porções";"Porção Mista Pequena";"150gr de alcatra, 150gr frango na panko, 150gr Calabresa, 150gr batata frita com bacon e cheddar e 1 pão de hambúrguer com molho da casa e bacon em cubos. ";"105,00";"Sim";"";"https://client-assets.anota.ai/produtos/67521dcc70782200190c87c5/-1747409584233blob"
"PRODUTO";"Porções";"Porção Mista Grande";"300gr de alcatra, 300gr frango na panko, 300gr Calabresa, 250gr batata frita com bacon e cheddar e 1 pão de hambúrguer com molho da casa e bacon em cubos. ";"175,00";"Sim";"";"https://client-assets.anota.ai/produtos/67521dcc70782200190c87c5/-1747409314531blob"
"PRODUTO";"Porções";"Lula à Dorê 400g";"400g de Lula a Dore";"65,00";"Sim";"";"https://client-assets.anota.ai/produtos/67521dcc70782200190c87c5/-1737855046623blob"
"PRODUTO";"Porções";"Iscas de Tilápia Empanada no Queijo Parmesão 400g";"";"69,00";"Sim";"";"https://client-assets.anota.ai/produtos/67521dcc70782200190c87c5/-1735931359958blob"
"PRODUTO";"Porções";"Iscas de Tilápia Empanada na Farinha Panko 400g";"";"64,00";"Sim";"";"https://client-assets.anota.ai/produtos/67521dcc70782200190c87c5/-1735931373525blob"
"PRODUTO";"Porções";"Fritas 400g com Queijo Mussarela e Bacon";"";"39,00";"Sim";"";"https://client-assets.anota.ai/produtos/67521dcc70782200190c87c5/-1735931288583blob"
"PRODUTO";"Porções";"Fritas 400g com Bacon e Cheddar";"";"42,00";"Sim";"";"https://client-assets.anota.ai/produtos/67521dcc70782200190c87c5/-1735931328780blob"
"PRODUTO";"Porções";"Fritas 400g";"";"32,00";"Sim";"";"https://client-assets.anota.ai/produtos/67521dcc70782200190c87c5/-1735931338373blob"
"PRODUTO";"Porções";"Fritas 250g com Queijo Mussarela e Bacon";"";"22,00";"Sim";"";"https://client-assets.anota.ai/produtos/67521dcc70782200190c87c5/-1735931306952blob"
"PRODUTO";"Porções";"Fritas 250g com Bacon e Cheddar";"";"24,00";"Sim";"";"https://client-assets.anota.ai/produtos/67521dcc70782200190c87c5/-1735931319861blob"
"PRODUTO";"Porções";"Fritas 250g";"";"17,00";"Sim";"";"https://client-assets.anota.ai/produtos/67521dcc70782200190c87c5/-1737556033441blob"
"PRODUTO";"Porções";"Frango Grelhado com Fritas";"Frango grelhado 400g, fritas 250g, farofa, vinagrete. Acompanha molho da casa";"59,00";"Sim";"";"https://client-assets.anota.ai/produtos/67521dcc70782200190c87c5/-1737854928658blob"
"PRODUTO";"Porções";"Frango Crocante";"Tiras de frango empanada na farinha panko. Acompanha molho";"40,00";"Sim";"";"https://client-assets.anota.ai/produtos/67521dcc70782200190c87c5/-1735932230386blob"
"PRODUTO";"Porções";"Coração Acebolado";"Coração acebolado 250g com fritas 250g. Acompanha molho";"58,00";"Sim";"";"https://client-assets.anota.ai/produtos/67521dcc70782200190c87c5/-1737852644739blob"
"PRODUTO";"Porções";"Camarão Soltinho 400g";"";"79,00";"Sim";"";"https://client-assets.anota.ai/produtos/67521dcc70782200190c87c5/-1737742927710blob"
"PRODUTO";"Porções";"Camarão Alho e Óleo 400g";"Camarão Alho e Óleo 400g acompanha molho.";"75,00";"Sim";"";"https://client-assets.anota.ai/produtos/67521dcc70782200190c87c5/-1737854474322blob"
"PRODUTO";"Porções";"Calabresa com Fritas";"Calabresa 350g, fritas 250g. Acompanha molho da casa";"55,00";"Sim";"";"https://client-assets.anota.ai/produtos/67521dcc70782200190c87c5/-1737854068798blob"
"PRODUTO";"Porções";"Calabresa Acebolada 400g";"400g de calabresa acebolada, acompanha molho.";"35,00";"Sim";"";"https://client-assets.anota.ai/produtos/67521dcc70782200190c87c5/-1737853904345blob"
"PRODUTO";"Bebidas";"Água com Gás";"";"5,00";"Sim";"";"https://client-assets.anota.ai/produtos/67521dcc70782200190c87c5/-1737840541980blob"
"PRODUTO";"Bebidas";"Água sem Gás";"";"5,00";"Sim";"";"https://client-assets.anota.ai/produtos/67521dcc70782200190c87c5/-1737840551729blob"
"PRODUTO";"Bebidas";"Cerveja Budweiser 330ml";"";"10,00";"Sim";"";"https://client-assets.anota.ai/produtos/66b65c7c19c2c800127a0b68/-1725020878245blob"
"PRODUTO";"Bebidas";"Coca cola 1,5 litros";"";"14,00";"Sim";"";"https://client-assets.anota.ai/produtos/67521dcc70782200190c87c5/-1744813088658blob"
"PRODUTO";"Bebidas";"Coca Cola 2 Litros";"";"19,00";"Sim";"";"https://client-assets.anota.ai/produtos/67521dcc70782200190c87c5/-1744813027508blob"
"PRODUTO";"Bebidas";"Coca Cola 350ml";"";"8,00";"Sim";"";"https://client-assets.anota.ai/produtos/671487de0d88160019730fc7/-1733846432018blob"
"PRODUTO";"Bebidas";"Coca Cola 600ml";"";"12,00";"Sim";"";"https://client-assets.anota.ai/produtos/66a38bae6c8ee10019640631/-1733772101578blob"
"PRODUTO";"Bebidas";"Coca Cola Zero 350ml";"";"8,00";"Sim";"";"https://client-assets.anota.ai/produtos/671487de0d88160019730fc7/-1733846432029blob"
"PRODUTO";"Bebidas";"Coca Zero 2 litros ";"";"19,00";"Sim";"";"https://client-assets.anota.ai/produtos/67521dcc70782200190c87c5/-1744813008157blob"
"PRODUTO";"Bebidas";"Cerveja Corona 330ml";"";"12,00";"Sim";"";"https://client-assets.anota.ai/produtos/673f812029093a0019dc5c8c/-1734016990590blob"
"PRODUTO";"Bebidas";"Dose Red Label";"";"20,00";"Sim";"";"https://client-assets.anota.ai/produtos/67521dcc70782200190c87c5/-1745870358081blob"
"PRODUTO";"Bebidas";"Energético Monster 473ml";"";"13,00";"Sim";"";"https://client-assets.anota.ai/produtos/66b65c7c19c2c800127a0b68/-1724960193544blob"
"PRODUTO";"Bebidas";"Fanta laranja 2 litros";"";"17,00";"Sim";"";"https://client-assets.anota.ai/produtos/67521dcc70782200190c87c5/-1744813037896blob"
"PRODUTO";"Bebidas";"Fanta Laranja lata 350ml";"";"8,00";"Sim";"";"https://client-assets.anota.ai/produtos/66b65c7c19c2c800127a0b68/-1724960440222blob"
"PRODUTO";"Bebidas";"Fanta Uva lata 350ml";"";"8,00";"Sim";"";"https://client-assets.anota.ai/produtos/66b65c7c19c2c800127a0b68/-1724960440513blob"
"PRODUTO";"Bebidas";"Gatorade Tangerina";"";"9,00";"Sim";"";"https://client-assets.anota.ai/produtos/66b65c7c19c2c800127a0b68/-1724960515793blob"
"PRODUTO";"Bebidas";"Gatorede Laranja";"";"9,00";"Sim";"";"https://client-assets.anota.ai/produtos/67521dcc70782200190c87c5/-1747412358750blob"
"PRODUTO";"Bebidas";"Gatorede Limão";"";"9,00";"Sim";"";"https://client-assets.anota.ai/produtos/67521dcc70782200190c87c5/-1747412250635blob"
"PRODUTO";"Bebidas";"Guaraná 600";"";"10,00";"Sim";"";"https://client-assets.anota.ai/produtos/67521dcc70782200190c87c5/-1744813270950blob"
"PRODUTO";"Bebidas";"Guarana Antartica 1,5 Litros";"";"14,00";"Sim";"";"https://client-assets.anota.ai/produtos/67521dcc70782200190c87c5/-1744813049591blob"
"PRODUTO";"Bebidas";"Guarana Antartica 2 litros";"";"18,00";"Sim";"";"https://client-assets.anota.ai/produtos/67521dcc70782200190c87c5/-1744813059392blob"
"PRODUTO";"Bebidas";"Guaraná lata 350ml";"";"8,00";"Sim";"";"https://client-assets.anota.ai/produtos/66b65c7c19c2c800127a0b68/-1724961891114blob"
"PRODUTO";"Bebidas";"Guaraná Zero 350ml";"";"8,00";"Sim";"";"https://client-assets.anota.ai/produtos/673f812029093a0019dc5c8c/-1734016791603blob"
"PRODUTO";"Bebidas";"H2oh! 500ml";"";"8,00";"Sim";"";"https://client-assets.anota.ai/produtos/66b65c7c19c2c800127a0b68/-1724962344302blob"
"PRODUTO";"Bebidas";"Cerveja Heineken 330ml";"";"12,00";"Sim";"";"https://client-assets.anota.ai/produtos/6756ffa0cb53070012567557/-1733836052045blob"
"PRODUTO";"Bebidas";"Cerveja Heineken 600ml";"Com retorno do CASCO. Caso não tenha o casco acréscimo de 2 reais por CASCO.";"18,00";"Sim";"";"https://client-assets.anota.ai/produtos/673bc7b2e12bd700112cf670/-1734010575946blob"
"PRODUTO";"Bebidas";"Cerveja Original 350ml";"";"9,00";"Sim";"";"https://client-assets.anota.ai/produtos/66b65c7c19c2c800127a0b68/-1725022459372blob"
"PRODUTO";"Bebidas";"Cerveja Original 600ml";"Com retorno do CASCO. Caso não tenha o casco acréscimo de 2 reais por CASCO.";"15,00";"Sim";"";"https://client-assets.anota.ai/produtos/673f812029093a0019dc5c8c/-1734016869785blob"
"PRODUTO";"Bebidas";"Schweppes 350ml";"";"8,00";"Sim";"";"https://client-assets.anota.ai/produtos/66b65c7c19c2c800127a0b68/-1725894637957blob"
"PRODUTO";"Bebidas";"Sprite lata 350ml";"";"8,00";"Sim";"";"https://client-assets.anota.ai/produtos/67575d86c49652001203a1bc/-1733928863483blob"
"PRODUTO";"Bebidas";"Brahma 600ml";"Com retorno do CASCO. Caso não tenha o casco acréscimo de 2 reais por CASCO.";"14,00";"Sim";"";""
"PRODUTO";"Bebidas";"Suco Prats Laranja 300ml";"";"11,00";"Sim";"";"https://client-assets.anota.ai/produtos/67521dcc70782200190c87c5/-1736092563141blob"
"PRODUTO";"Bebidas";"Suco Prats Laranja 900ml";"";"19,00";"Sim";"";"https://client-assets.anota.ai/produtos/67521dcc70782200190c87c5/-1736092596548blob"
"PRODUTO";"Bebidas";"Suco Prats Uva 300ml";"";"11,00";"Sim";"";"https://client-assets.anota.ai/produtos/67521dcc70782200190c87c5/-1736092620296blob"
"PRODUTO";"Bebidas";"Suco Prats Uva 900ml";"";"19,00";"Sim";"";"https://client-assets.anota.ai/produtos/67521dcc70782200190c87c5/-1736092658979blob"
"PRODUTO";"Bebidas";"Coca zero 600";"";"12,00";"Sim";"";"https://client-assets.anota.ai/produtos/67521dcc70782200190c87c5/-1747413026820blob"
"PRODUTO";"Bebidas";"Cerveja Heinecken zero 330ml";"";"12,00";"Sim";"";"https://client-assets.anota.ai/produtos/67521dcc70782200190c87c5/-1763336371056blob"
"PRODUTO";"Bebidas";"Dose Maracutala";"";"12,00";"Sim";"";""
"PRODUTO";"Bebidas";"Red Bull ";"Lata 250ml ";"15,00";"Sim";"";""
"PRODUTO";"Bebidas";"DOSE CHIVAS";"";"25,00";"Sim";"";""
"PRODUTO";"Bebidas";"Dose Black Label ";"";"30,00";"Sim";"";""
"PRODUTO";"Chocolate, chiclete e balas ";"Ficha Sinuca";"";"3,00";"Sim";"";"https://client-assets.anota.ai/produtos/67521dcc70782200190c87c5/-1745436479407blob"
"PRODUTO";"Chocolate, chiclete e balas ";"Halls Cereja";"";"4,00";"Sim";"";"https://client-assets.anota.ai/produtos/67521dcc70782200190c87c5/-1745436824439blob"
"PRODUTO";"Chocolate, chiclete e balas ";"Halls Morango";"";"4,00";"Sim";"";"https://client-assets.anota.ai/produtos/67521dcc70782200190c87c5/-1745436773839blob"
"PRODUTO";"Chocolate, chiclete e balas ";"Halls Preto";"";"4,00";"Sim";"";"https://client-assets.anota.ai/produtos/67521dcc70782200190c87c5/-1745436721577blob"
"PRODUTO";"Chocolate, chiclete e balas ";"Trident de Canela";"";"4,00";"Sim";"";"https://client-assets.anota.ai/produtos/67521dcc70782200190c87c5/-1745436612115blob"
"PRODUTO";"Chocolate, chiclete e balas ";"Trident de Tuti Fruti";"";"4,00";"Sim";"";"https://client-assets.anota.ai/produtos/67521dcc70782200190c87c5/-1745436668818blob"
"PRODUTO";"Chocolate, chiclete e balas ";"Trident Hortelã";"";"4,00";"Sim";"";"https://client-assets.anota.ai/produtos/67521dcc70782200190c87c5/-1745436548001blob"
"PRODUTO";"Combos Lanches";"Combo X - Bacon";"Pão, molho caseiro, hambúrguer artesanal 160gr, ovo frito, mussarela, presunto, bacon em cubos, alface, tomate, milho e ervilha. 100 gramas de batata frita. Coca cola 350ml, podendo trocar por outro refrigerante lata (guarana antartica, fanta uva, fanta laranja ou coca zero).";"42,00";"Sim";"";"https://client-assets.anota.ai/produtos/67521dcc70782200190c87c5/-1780004245432blob"
"PRODUTO";"Combos Lanches";"Combo X - Salada";"Pão, molho caseiro, hambúrguer artesanal 160gr, ovo frito, mussarela presunto, alface, tomate, milho e ervilha. 100 gr de batata frita. Coca cola 350ml podendo trocar por outro refrigerante lata (guarana antartica, fanta laranja, fanta uva ou coca zero.";"35,00";"Sim";"";"https://client-assets.anota.ai/produtos/67521dcc70782200190c87c5/-1780004237193blob"
"PRODUTO";"Combos Lanches";"Combo X-burguer";"Pão, molho caseiro, hambúrguer artesanal 160gr, ovo frito, mussarela e presunto. 100gr de batata frita. Coca cola 350ml podendo trocar por outro refrigerante (guarana antartica, fanta uva, fanta laranta, coca zero.";"30,00";"Sim";"";"https://client-assets.anota.ai/produtos/67521dcc70782200190c87c5/-1780004233754blob"
"PRODUTO";"Promoção Terça, Quarta e Quinta sabores tradicionais";"Pequena ";"Pizza com até 2 sabores e 6 fatias";"0,00";"Sim";"";"https://client-assets.anota.ai/produtos/67521dcc70782200190c87c5/-1781105506799blob"
"PRODUTO";"Promoção Terça, Quarta e Quinta sabores tradicionais";"Media";"Pizza com até 2 sabores e 8 fatias";"0,00";"Sim";"";"https://client-assets.anota.ai/produtos/67521dcc70782200190c87c5/-1781105506800blob"
"PRODUTO";"Promoção Terça, Quarta e Quinta sabores tradicionais";"Grande";"Pizza com até 3 sabores e 12 fatias";"0,00";"Sim";"";"https://client-assets.anota.ai/produtos/67521dcc70782200190c87c5/-1781105506925blob"
"PRODUTO";"Promoção Terça, Quarta e Quinta sabores tradicionais";"Familia";"Pizza com até 4 sabores e 16 fatias";"0,00";"Sim";"";"https://client-assets.anota.ai/produtos/67521dcc70782200190c87c5/-1781105506698blob"
"PRODUTO";"Promoção Terça, Quarta e Quinta sabores tradicionais";"Gigante";"Pizza com até 4 sabores e 20 fatias";"0,00";"Sim";"";"https://client-assets.anota.ai/produtos/67521dcc70782200190c87c5/-1781105506892blob"
"ADICIONAL / SABOR";"[GRUPO] Adicionais";"Queijo";"";"5,00";"Sim";"";"https://client-assets.anota.ai/produtos/67521dcc70782200190c87c5/-1737860542738blob"
"ADICIONAL / SABOR";"[GRUPO] Adicionais";"Calabresa";"";"5,00";"Sim";"";"https://client-assets.anota.ai/produtos/67521dcc70782200190c87c5/-1737860396243blob"
"ADICIONAL / SABOR";"[GRUPO] Adicionais";"Bacon";"";"5,00";"Sim";"";"https://client-assets.anota.ai/produtos/67521dcc70782200190c87c5/-1748755374354blob"
"ADICIONAL / SABOR";"[GRUPO] Adicionais";"Cheddar";"";"6,00";"Sim";"";"https://client-assets.anota.ai/produtos/67521dcc70782200190c87c5/-1748753384763blob"
"ADICIONAL / SABOR";"[GRUPO] Adicionais";"Catupiry";"";"5,00";"Sim";"";"https://client-assets.anota.ai/produtos/67521dcc70782200190c87c5/-1748754967525blob"
"ADICIONAL / SABOR";"[GRUPO] Adicionais";"Bacon em Fatias";"";"5,00";"Sim";"";"https://client-assets.anota.ai/produtos/67521dcc70782200190c87c5/-1737861335784blob"
"ADICIONAL / SABOR";"[GRUPO] Adicionais";"Hambúrguer 160g";"";"10,00";"Sim";"";"https://client-assets.anota.ai/produtos/67521dcc70782200190c87c5/-1737860946911blob"
"ADICIONAL / SABOR";"[GRUPO] Adicionais";"Ovo Frito";"";"4,00";"Sim";"";"https://client-assets.anota.ai/produtos/67521dcc70782200190c87c5/-1737861445046blob"
"ADICIONAL / SABOR";"[GRUPO] Adicionais";"Cheddar";"";"6,00";"Sim";"";"https://client-assets.anota.ai/produtos/67521dcc70782200190c87c5/-1748753363013blob"
"ADICIONAL / SABOR";"[GRUPO] Adicionais";"Catupiry";"";"5,00";"Sim";"";"https://client-assets.anota.ai/produtos/67521dcc70782200190c87c5/-1748754946275blob"
"ADICIONAL / SABOR";"[GRUPO] Adicionais";"Mussarela";"";"4,00";"Sim";"";"https://client-assets.anota.ai/produtos/67521dcc70782200190c87c5/-1737860787695blob"
"ADICIONAL / SABOR";"[GRUPO] Adicionais";"Abacaxi";"";"7,00";"Sim";"";"https://client-assets.anota.ai/produtos/67521dcc70782200190c87c5/-1737861037030blob"
"ADICIONAL / SABOR";"[GRUPO] Adicionais";"Cebola na Chapa";"";"3,00";"Sim";"";"https://client-assets.anota.ai/produtos/67521dcc70782200190c87c5/-1737861159256blob"
"ADICIONAL / SABOR";"[GRUPO] Adicionais";"Cebola Crispy";"";"3,50";"Sim";"";"https://client-assets.anota.ai/produtos/67521dcc70782200190c87c5/-1737861248558blob"
"ADICIONAL / SABOR";"[GRUPO] Selecione o sabor";"Bacon e Queijo";"";"23,00";"Sim";"";"https://client-assets.anota.ai/produtos/67521dcc70782200190c87c5/-1748755301932blob"
"ADICIONAL / SABOR";"[GRUPO] Selecione o sabor";"Brócolis com Bacon e Catupiry";"";"23,00";"Sim";"";"https://client-assets.anota.ai/produtos/67521dcc70782200190c87c5/-1748755080631blob"
"ADICIONAL / SABOR";"[GRUPO] Selecione o sabor";"Brócolis com Queijo";"";"23,00";"Sim";"";"https://client-assets.anota.ai/produtos/67521dcc70782200190c87c5/-1735965654605blob"
"ADICIONAL / SABOR";"[GRUPO] Selecione o sabor";"Calabresa com Queijo";"";"23,00";"Sim";"";"https://client-assets.anota.ai/produtos/67521dcc70782200190c87c5/-1735965663854blob"
"ADICIONAL / SABOR";"[GRUPO] Selecione o sabor";"Calabresa com Queijo e Bacon";"";"23,00";"Sim";"";"https://client-assets.anota.ai/produtos/67521dcc70782200190c87c5/-1735965670970blob"
"ADICIONAL / SABOR";"[GRUPO] Selecione o sabor";"Camarão Cremoso";"";"28,00";"Sim";"";"https://client-assets.anota.ai/produtos/67521dcc70782200190c87c5/-1737842539661blob"
"ADICIONAL / SABOR";"[GRUPO] Selecione o sabor";"Carne e ovo";"";"23,00";"Sim";"";"https://client-assets.anota.ai/produtos/67521dcc70782200190c87c5/-1737855225012blob"
"ADICIONAL / SABOR";"[GRUPO] Selecione o sabor";"Carne e Bacon";"";"23,00";"Sim";"";"https://client-assets.anota.ai/produtos/67521dcc70782200190c87c5/-1735965701219blob"
"ADICIONAL / SABOR";"[GRUPO] Selecione o sabor";"Carne com Cheddar";"";"23,00";"Sim";"";"https://client-assets.anota.ai/produtos/67521dcc70782200190c87c5/-1737855424060blob"
"ADICIONAL / SABOR";"[GRUPO] Selecione o sabor";"Carne com Queijo";"";"23,00";"Sim";"";"https://client-assets.anota.ai/produtos/67521dcc70782200190c87c5/-1735965641118blob"
"ADICIONAL / SABOR";"[GRUPO] Selecione o sabor";"Carne com Queijo e Bacon";"";"23,00";"Sim";"";"https://client-assets.anota.ai/produtos/67521dcc70782200190c87c5/-1735965719301blob"
"ADICIONAL / SABOR";"[GRUPO] Selecione o sabor";"Carne, Ovo e Azeitona";"";"23,00";"Sim";"";"https://client-assets.anota.ai/produtos/67521dcc70782200190c87c5/-1735965625622blob"
"ADICIONAL / SABOR";"[GRUPO] Selecione o sabor";"Frango Caipira";"";"23,00";"Sim";"";"https://client-assets.anota.ai/produtos/67521dcc70782200190c87c5/-1737860631004blob"
"ADICIONAL / SABOR";"[GRUPO] Selecione o sabor";"Frango com Catupiry";"";"23,00";"Sim";"";"https://client-assets.anota.ai/produtos/67521dcc70782200190c87c5/-1736093852850blob"
"ADICIONAL / SABOR";"[GRUPO] Selecione o sabor";"Frango com Bacon e Queijo";"";"23,00";"Sim";"";"https://client-assets.anota.ai/produtos/67521dcc70782200190c87c5/-1735965903672blob"
"ADICIONAL / SABOR";"[GRUPO] Selecione o sabor";"Frango com Queijo";"";"23,00";"Sim";"";"https://client-assets.anota.ai/produtos/67521dcc70782200190c87c5/-1735965593503blob"
"ADICIONAL / SABOR";"[GRUPO] Selecione o sabor";"Napolitano";"";"23,00";"Sim";"";"https://client-assets.anota.ai/produtos/67521dcc70782200190c87c5/-1737855739772blob"
"ADICIONAL / SABOR";"[GRUPO] Selecione o sabor";"Pizza";"";"23,00";"Sim";"";"https://client-assets.anota.ai/produtos/67521dcc70782200190c87c5/-1735965881700blob"
"ADICIONAL / SABOR";"[GRUPO] Selecione o sabor";"Presunto e Queijo";"";"23,00";"Sim";"";"https://client-assets.anota.ai/produtos/67521dcc70782200190c87c5/-1735965568475blob"
"ADICIONAL / SABOR";"[GRUPO] Selecione o sabor";"Portuguesa";"";"23,00";"Sim";"";"https://client-assets.anota.ai/produtos/67521dcc70782200190c87c5/-1737855524310blob"
"ADICIONAL / SABOR";"[GRUPO] Selecione o sabor";"Queijo";"";"25,00";"Sim";"";"https://client-assets.anota.ai/produtos/67521dcc70782200190c87c5/-1735965534861blob"
"ADICIONAL / SABOR";"[GRUPO] Selecione o sabor";"4 Queijos";"";"28,00";"Sim";"";"https://client-assets.anota.ai/produtos/67521dcc70782200190c87c5/-1737856069165blob"
"ADICIONAL / SABOR";"[GRUPO] Selecione o sabor";"Strogonoff de Frango";"";"28,00";"Sim";"";"https://client-assets.anota.ai/produtos/67521dcc70782200190c87c5/-1737855859701blob"
"ADICIONAL / SABOR";"[GRUPO] Selecione o sabor";"Strogonoff de Carne";"";"28,00";"Sim";"";"https://client-assets.anota.ai/produtos/67521dcc70782200190c87c5/-1737855966469blob"
"ADICIONAL / SABOR";"[GRUPO] Escolha até 4 sabores da Pizza Familia";"1. Alho e óleo";"Molho de tomate caseiro, mussarela, alho frito e azeitonas pretas e orégano. ";"0,00";"Sim";"";"https://client-assets.anota.ai/produtos/67521dcc70782200190c87c5/-1737694644503blob"
"ADICIONAL / SABOR";"[GRUPO] Escolha até 4 sabores da Pizza Familia";"11. Calabresa";"Molho de tomate caseiro, mussarela, calabresa e orégano. ";"0,00";"Sim";"";"https://client-assets.anota.ai/produtos/67521dcc70782200190c87c5/-1737695269496blob"
"ADICIONAL / SABOR";"[GRUPO] Escolha até 4 sabores da Pizza Familia";"36. Bolonhesa";"Molho de tomate caseiro, mussarela, carne moída, cebola, tomate e pimentão.";"8,00";"Sim";"";"https://client-assets.anota.ai/produtos/67606969295af30019b46262/-1734463468531blob"
"ADICIONAL / SABOR";"[GRUPO] Escolha até 4 sabores da Pizza Familia";"20. Frango caipira";"Molho de tomate caseiro, mussarela, frango, milho, bacon, catupiry e orégano.";"0,00";"Sim";"";"https://client-assets.anota.ai/produtos/67521dcc70782200190c87c5/-1737696152259blob"
"ADICIONAL / SABOR";"[GRUPO] Escolha até 4 sabores da Pizza Familia";"46. Filé aos 5 queijos";"Molho de tomate caseiro, mussarela, provolone, parmesão, catupiry, cheddar e filé.";"8,00";"Sim";"";"https://client-assets.anota.ai/produtos/67606969295af30019b46262/-1734463468531blob"
"ADICIONAL / SABOR";"[GRUPO] Escolha até 4 sabores da Pizza Familia";"34. Verona";"Molho de tomate caseiro, mussarela, lombo canadense, palmito, milho, catupiry, alho frito e orégano. ";"0,00";"Sim";"";"https://client-assets.anota.ai/produtos/67521dcc70782200190c87c5/-1737697634118blob"
"ADICIONAL / SABOR";"[GRUPO] Escolha até 4 sabores da Pizza Familia";"19. Frango catupiry";"Molho de tomate caseiro, mussarela, frango com catupiry e orégano.";"0,00";"Sim";"";"https://client-assets.anota.ai/produtos/67521dcc70782200190c87c5/-1737696013237blob"
"ADICIONAL / SABOR";"[GRUPO] Escolha até 4 sabores da Pizza Familia";"35. Atum";"Molho de tomate caseiro, mussarela, atum, cebola, catupiry e orégano. +";"8,00";"Sim";"";"https://client-assets.anota.ai/produtos/67521dcc70782200190c87c5/-1737696503697blob"
"ADICIONAL / SABOR";"[GRUPO] Escolha até 4 sabores da Pizza Familia";"32. Vegetariana";"Molho de tomate caseiro, mussarela, palmito, milho, brócolis, tomate e orégano.";"0,00";"Sim";"";"https://client-assets.anota.ai/produtos/67521dcc70782200190c87c5/-1737697523613blob"
"ADICIONAL / SABOR";"[GRUPO] Escolha até 4 sabores da Pizza Familia";"48. Mexicana";"Molho de tomate caseiro, mussarela, iscas de carne, cheddar, cebola e nachos.";"8,00";"Sim";"";"https://client-assets.anota.ai/produtos/67606969295af30019b46262/-1734463468531blob"
"ADICIONAL / SABOR";"[GRUPO] Escolha até 4 sabores da Pizza Familia";"23. Italiana";"Molho de tomate caseiro, mussarela, presunto, bacon, milho, palmito e orégano.";"8,00";"Sim";"";"https://client-assets.anota.ai/produtos/67606969295af30019b46262/-1734463468531blob"
"ADICIONAL / SABOR";"[GRUPO] Escolha até 4 sabores da Pizza Familia";"40. Champignon";"Molho de tomate caseiro, mussarela, champignon, catupiry e orégano.";"8,00";"Sim";"";"https://client-assets.anota.ai/produtos/67606969295af30019b46262/-1734463468531blob"
"ADICIONAL / SABOR";"[GRUPO] Escolha até 4 sabores da Pizza Familia";"41. Filé ao alho";"Molho de tomate caseiro, mussarela, filé, alho frito e orégano.";"8,00";"Sim";"";"https://client-assets.anota.ai/produtos/67521dcc70782200190c87c5/-1737697069975blob"
"ADICIONAL / SABOR";"[GRUPO] Escolha até 4 sabores da Pizza Familia";"CHOCOLATE BRANCO COM NOZES";"Mussarela, chocolate branco, nozes e leite condensado. ";"8,00";"Sim";"";""
"ADICIONAL / SABOR";"[GRUPO] Escolha até 4 sabores da Pizza Familia";"BARBECUE";"Molho de tomate caseiro, mussarela, lombo ao molho Barbecue e orégano.";"8,00";"Sim";"";""
"ADICIONAL / SABOR";"[GRUPO] Escolha até 4 sabores da Pizza Familia";"47. Filé com tomate";"Molho de tomate caseiro, mussarela, filé e tomate.";"8,00";"Sim";"";"https://client-assets.anota.ai/produtos/67606969295af30019b46262/-1734463468531blob"
"ADICIONAL / SABOR";"[GRUPO] Escolha até 4 sabores da Pizza Familia";"44. Filé com cheddar";"Molho de tomate caseiro, mussarela, Filé e cheddar.";"8,00";"Sim";"";"https://client-assets.anota.ai/produtos/67606969295af30019b46262/-1734463468531blob"
"ADICIONAL / SABOR";"[GRUPO] Escolha até 4 sabores da Pizza Familia";"42. Filé com fritas";"Molho de tomate caseiro, mussarela, tiras de carne, batata frita e orégano.";"8,00";"Sim";"";"https://client-assets.anota.ai/produtos/67521dcc70782200190c87c5/-1737697011792blob"
"ADICIONAL / SABOR";"[GRUPO] Escolha até 4 sabores da Pizza Familia";"29. Mussarela";"Molho de tomate caseiro, mussarela, tomate, azeitonas verde e orégano.";"0,00";"Sim";"";"https://client-assets.anota.ai/produtos/67521dcc70782200190c87c5/-1737696954898blob"
"ADICIONAL / SABOR";"[GRUPO] Escolha até 4 sabores da Pizza Familia";"CATUPERU";"Molho de tomate caseiro, mussarela, peito de peru, catupiry e orégano.";"8,00";"Sim";"";""
"ADICIONAL / SABOR";"[GRUPO] Escolha até 4 sabores da Pizza Familia";"22. Havaiana";"Molho de tomate caseiro, mussarela, lombo canadense, abacaxi e orégano.";"0,00";"Sim";"";"https://client-assets.anota.ai/produtos/67521dcc70782200190c87c5/-1737695866889blob"
"ADICIONAL / SABOR";"[GRUPO] Escolha até 4 sabores da Pizza Familia";"FLORESTA NEGRA";"Chocolate preto e cerejas.";"8,00";"Sim";"";""
"ADICIONAL / SABOR";"[GRUPO] Escolha até 4 sabores da Pizza Familia";"12. Calabresa com cebola";"Molho de tomate caseiro, mussarela, calabresa, cebola e orégano.";"0,00";"Sim";"";"https://client-assets.anota.ai/produtos/67521dcc70782200190c87c5/-1737695778147blob"
"ADICIONAL / SABOR";"[GRUPO] Escolha até 4 sabores da Pizza Familia";"GAÚCHA";"Molho de tomate caseiro, mussarela, filé, cebola, pimentão, tomate, barbecue e orégano.";"8,00";"Sim";"";""
"ADICIONAL / SABOR";"[GRUPO] Escolha até 4 sabores da Pizza Familia";"13. Calabresa especial";"Molho de tomate caseiro, mussarela, calabresa, cebola, catupiry e ovos.";"0,00";"Sim";"";"https://client-assets.anota.ai/produtos/67606969295af30019b46262/-1734463468531blob"
"ADICIONAL / SABOR";"[GRUPO] Escolha até 4 sabores da Pizza Familia";"39. Coração";"Molho de tomate caseiro, mussarela, coração, cebola e catupiry.";"8,00";"Sim";"";"https://client-assets.anota.ai/produtos/67606969295af30019b46262/-1734463468531blob"
"ADICIONAL / SABOR";"[GRUPO] Escolha até 4 sabores da Pizza Familia";"30. Napolitana";"Molho de tomate caseiro, mussarela, tomate, provolone e orégano.";"0,00";"Sim";"";"https://client-assets.anota.ai/produtos/67606969295af30019b46262/-1734463468531blob"
"ADICIONAL / SABOR";"[GRUPO] Escolha até 4 sabores da Pizza Familia";"57. 5 Queijos";"Molho de tomate caseiro, mussarela, provolone, parmesão, catupiry, cheddar e orégano. ";"8,00";"Sim";"";"https://client-assets.anota.ai/produtos/67521dcc70782200190c87c5/-1737696892883blob"
"ADICIONAL / SABOR";"[GRUPO] Escolha até 4 sabores da Pizza Familia";"24. La torre";"Molho de tomate caseiro, mussarela, lombo canadense, palmito e creme de leite.";"8,00";"Sim";"";"https://client-assets.anota.ai/produtos/67606969295af30019b46262/-1734463468531blob"
"ADICIONAL / SABOR";"[GRUPO] Escolha até 4 sabores da Pizza Familia";"17. Crocante";"Molho de tomate caseiro, mussarela, bacon, batata palha e orégano. ";"8,00";"Sim";"";"https://client-assets.anota.ai/produtos/67521dcc70782200190c87c5/-1737695399619blob"
"ADICIONAL / SABOR";"[GRUPO] Escolha até 4 sabores da Pizza Familia";"49. Moda da casa";"Molho de tomate caseiro, mussarela, frango, palmito, bacon, milho, azeitona, catupiry e orégano. ";"8,00";"Sim";"";"https://client-assets.anota.ai/produtos/67606969295af30019b46262/-1734463468531blob"
"ADICIONAL / SABOR";"[GRUPO] Escolha até 4 sabores da Pizza Familia";"6. Brócolis com bacon e catupiry";"Molho de tomate caseiro, mussarela, brócolis, bacon e catupiry";"8,00";"Sim";"";"https://client-assets.anota.ai/produtos/67606969295af30019b46262/-1734463468531blob"
"ADICIONAL / SABOR";"[GRUPO] Escolha até 4 sabores da Pizza Familia";"3. Americana";"Molho de tomate caseiro, mussarela, milho, bacon, ovos e orégano. ";"8,00";"Sim";"";"https://client-assets.anota.ai/produtos/67606969295af30019b46262/-1734463468531blob"
"ADICIONAL / SABOR";"[GRUPO] Escolha até 4 sabores da Pizza Familia";"LA CANTINA";"Molho de tomate caseiro, mussarela, tomate seco, manjericão, champignon, azeitonas pretas e orégano.";"8,00";"Sim";"";""
"ADICIONAL / SABOR";"[GRUPO] Escolha até 4 sabores da Pizza Familia";"10. Bauru";"Molho de tomate caseiro, mussarela, presunto, tomate e orégano.";"0,00";"Sim";"";"https://client-assets.anota.ai/produtos/67521dcc70782200190c87c5/-1737695122243blob"
"ADICIONAL / SABOR";"[GRUPO] Escolha até 4 sabores da Pizza Familia";"51. Pepperoni";"Molho de tomate caseiro, mussarela, pepperoni e orégano. ";"8,00";"Sim";"";"https://client-assets.anota.ai/produtos/67521dcc70782200190c87c5/-1737696842466blob"
"ADICIONAL / SABOR";"[GRUPO] Escolha até 4 sabores da Pizza Familia";"21. Fricasse";"Molho de tomate caseiro, mussarela, frango, milho, creme de leite e batata palha.";"0,00";"Sim";"";"https://client-assets.anota.ai/produtos/67606969295af30019b46262/-1734463468531blob"
"ADICIONAL / SABOR";"[GRUPO] Escolha até 4 sabores da Pizza Familia";"5. Brócolis com bacon";"Molho de tomate caseiro, mussarela, brócolis, bacon, tomate, alho frito e orégano. ";"0,00";"Sim";"";"https://client-assets.anota.ai/produtos/67521dcc70782200190c87c5/-1737695214279blob"
"ADICIONAL / SABOR";"[GRUPO] Escolha até 4 sabores da Pizza Familia";"9. Baiana";"Molho de tomate caseiro, mussarela, calabresa, cebola, pimenta calabresa, azeitonas verde e orégano.";"0,00";"Sim";"";"https://client-assets.anota.ai/produtos/67606969295af30019b46262/-1734463468531blob"
"ADICIONAL / SABOR";"[GRUPO] Escolha até 4 sabores da Pizza Familia";"4. Brócolis";"Molho de tomate caseiro, mussarela, brócolis, tomate, alho frito e orégano.";"0,00";"Sim";"";"https://client-assets.anota.ai/produtos/67521dcc70782200190c87c5/-1737694875750blob"
"ADICIONAL / SABOR";"[GRUPO] Escolha até 4 sabores da Pizza Familia";"8. Bacon com abacaxi";"Molho caseiro, mussarela, bacon e abacaxi.";"0,00";"Sim";"";"https://client-assets.anota.ai/produtos/67606969295af30019b46262/-1734463468531blob"
"ADICIONAL / SABOR";"[GRUPO] Escolha até 4 sabores da Pizza Familia";"2. Alhobresa";"Molho de tomate caseiro, mussarela, calabresa, alho e orégano. ";"0,00";"Sim";"";"https://client-assets.anota.ai/produtos/67606969295af30019b46262/-1734463468531blob"
"ADICIONAL / SABOR";"[GRUPO] Escolha até 4 sabores da Pizza Familia";"61. 6 Queijos com bacon";"Molho de tomate caseiro, mussarela, provolone, parmesão, gorgonzola, catupiry, cheddar e orégano. ";"8,00";"Sim";"";"https://client-assets.anota.ai/produtos/67606969295af30019b46262/-1734463468531blob"
"ADICIONAL / SABOR";"[GRUPO] Escolha até 4 sabores da Pizza Familia";"56. 4 Queijos";"Molho de tomate caseiro, mussrela, Parmesão, provolone, catupiry e orégano. ";"8,00";"Sim";"";"https://client-assets.anota.ai/produtos/67521dcc70782200190c87c5/-1737696672530blob"
"ADICIONAL / SABOR";"[GRUPO] Escolha até 4 sabores da Pizza Familia";"PRESUNTO E QUEIJO (MODA ARGENTINA)";"Molho de tomate caseiro, mussarela, presunto e orégano.";"0,00";"Sim";"";""
"ADICIONAL / SABOR";"[GRUPO] Escolha até 4 sabores da Pizza Familia";"15. Canadense";"Molho de tomate caseiro, mussarela, lombo canadense, catupiry e orégano.";"8,00";"Sim";"";"https://client-assets.anota.ai/produtos/67521dcc70782200190c87c5/-1737695323565blob"
"ADICIONAL / SABOR";"[GRUPO] Escolha até 4 sabores da Pizza Familia";"43. Filé com catupiry";"Molho de tomate caseiro, mussarela, tiras de carne e catupiry.";"8,00";"Sim";"";"https://client-assets.anota.ai/produtos/67606969295af30019b46262/-1734463468531blob"
"ADICIONAL / SABOR";"[GRUPO] Escolha até 4 sabores da Pizza Familia";"27. Milho com catupiry";"Molho de tomate caseiro, mussarela, milho e catupiry.";"0,00";"Sim";"";"https://client-assets.anota.ai/produtos/67606969295af30019b46262/-1734463468531blob"
"ADICIONAL / SABOR";"[GRUPO] Escolha até 4 sabores da Pizza Familia";"7. Bacon";"Molho de tomate caseiro, mussarela, bacon e orégano.";"0,00";"Sim";"";"https://client-assets.anota.ai/produtos/67606969295af30019b46262/-1734463468531blob"
"ADICIONAL / SABOR";"[GRUPO] Escolha até 4 sabores da Pizza Familia";"58. 6 Queijos";"Molho de tomate caseiro, mussarela, provolone, parmesão, gorgonzola, catupiry, cheddar e orégano.";"8,00";"Sim";"";"https://client-assets.anota.ai/produtos/67606969295af30019b46262/-1734463468531blob"
"ADICIONAL / SABOR";"[GRUPO] Escolha até 4 sabores da Pizza Familia";"54. Strogonoff de carne";"Molho de tomate caseiro, mussarela, strogonoff de carne e batata palha.";"8,00";"Sim";"";"https://client-assets.anota.ai/produtos/67521dcc70782200190c87c5/-1737696784707blob"
"ADICIONAL / SABOR";"[GRUPO] Escolha até 4 sabores da Pizza Familia";"26. Marguerita";"Molho de tomate caseiro, mussarela, tomate, manjericão, azeitonas pretas e orégano.";"0,00";"Sim";"";"https://client-assets.anota.ai/produtos/67521dcc70782200190c87c5/-1737696326540blob"
"ADICIONAL / SABOR";"[GRUPO] Escolha até 4 sabores da Pizza Familia";"31. Portuguesa";"Molho de tomate caseiro, mussarela, presunto, queijo, ovo, tomate, cebola, pimentão, azeitonas verde e orégano.";"0,00";"Sim";"";"https://client-assets.anota.ai/produtos/67521dcc70782200190c87c5/-1737698133288blob"
"ADICIONAL / SABOR";"[GRUPO] Escolha até 4 sabores da Pizza Familia";"FUGAZZETA";"Molho de tomate caseiro, mussarela, cebola, azeitonas verdes e orégano.";"0,00";"Sim";"";""
"ADICIONAL / SABOR";"[GRUPO] Escolha até 4 sabores da Pizza Familia";"45. Filé aos 4 queijos";"Molho de tomate caseiro, mussarela, provolone, parmesão, catupiry e filé.";"8,00";"Sim";"";"https://client-assets.anota.ai/produtos/67606969295af30019b46262/-1734463468531blob"
"ADICIONAL / SABOR";"[GRUPO] Escolha até 4 sabores da Pizza Familia";"55. Strogonoff de frango";"Molho de tomate caseiro, mussarela, strogonoff de frango e batata palha.";"8,00";"Sim";"";"https://client-assets.anota.ai/produtos/67606969295af30019b46262/-1734463468531blob"
"ADICIONAL / SABOR";"[GRUPO] Escolha até 4 sabores da Pizza Familia";"59. 4 Queijos com bacon";"Molho de tomate caseiro, mussarela, provolone, parmesão, catupiry, bacon e orégano. ";"0,00";"Sim";"";"https://client-assets.anota.ai/produtos/67606969295af30019b46262/-1734463468531blob"
"ADICIONAL / SABOR";"[GRUPO] Escolha até 4 sabores da Pizza Familia";"37. Camarão alho e óleo";"Molho de tomate caseiro, mussarela, camarão ao alho e óleo e orégano.";"8,00";"Sim";"";"https://client-assets.anota.ai/produtos/67521dcc70782200190c87c5/-1737696442271blob"
"ADICIONAL / SABOR";"[GRUPO] Escolha até 4 sabores da Pizza Familia";"50. Palmito";"Molho de tomate caseiro, mussarela, Palmito e orégano.";"8,00";"Sim";"";"https://client-assets.anota.ai/produtos/67521dcc70782200190c87c5/-1737697259780blob"
"ADICIONAL / SABOR";"[GRUPO] Escolha até 4 sabores da Pizza Familia";"52. Rúcula com tomate seco";"Molho de tomate caseiro, mussarela, tomate seco, rúcula e orégano.";"8,00";"Sim";"";"https://client-assets.anota.ai/produtos/67521dcc70782200190c87c5/-1737696604432blob"
"ADICIONAL / SABOR";"[GRUPO] Escolha até 4 sabores da Pizza Familia";"16. Carbonara";"Molho de tomate caseiro, mussarela, Bacon, ovos e creme de leite";"8,00";"Sim";"";"https://client-assets.anota.ai/produtos/67606969295af30019b46262/-1734463468531blob"
"ADICIONAL / SABOR";"[GRUPO] Escolha até 4 sabores da Pizza Familia";"25. Lombinho";"Molho de tomate caseiro, mussarela, lombo canadense, cebola e orégano.";"0,00";"Sim";"";"https://client-assets.anota.ai/produtos/67521dcc70782200190c87c5/-1737696261278blob"
"ADICIONAL / SABOR";"[GRUPO] Escolha até 4 sabores da Pizza Familia";"28. Milho e bacon";"Molho de tomate caseiro, mussarela, milho e bacon.";"0,00";"Sim";"";"https://client-assets.anota.ai/produtos/67606969295af30019b46262/-1734463468531blob"
"ADICIONAL / SABOR";"[GRUPO] Escolha até 4 sabores da Pizza Familia";"LINGUIÇA BLUMENAU";"Molho de tomate caseiro, linguiça Blumenau, mussarela, catupiry e orégano.";"8,00";"Sim";"";""
"ADICIONAL / SABOR";"[GRUPO] Escolha até 4 sabores da Pizza Familia";"18. Difiori";"Molho de tomate caseiro, mussarela, frango, bacon, tomate e creme de leite";"0,00";"Sim";"";"https://client-assets.anota.ai/produtos/67606969295af30019b46262/-1734463468531blob"
"ADICIONAL / SABOR";"[GRUPO] Escolha até 4 sabores da Pizza Familia";"38. Camarão aos 4 queijos";"Molho de tomate caseiro, mussarela, camarão, parmesão, provolone e catupiry.";"8,00";"Sim";"";"https://client-assets.anota.ai/produtos/67521dcc70782200190c87c5/-1737696390224blob"
"ADICIONAL / SABOR";"[GRUPO] Escolha até 4 sabores da Pizza Familia";"TOSCANA";"Molho de tomate caseiro, mussarela, salame, provolone, manjericão e oregano.";"8,00";"Sim";"";""
"ADICIONAL / SABOR";"[GRUPO] Escolha até 4 sabores da Pizza Familia";"PRIMAVERA";"Palmito, ervilha e ovos de codorna.";"8,00";"Sim";"";""
"ADICIONAL / SABOR";"[GRUPO] Escolha até 4 sabores da Pizza Familia";"33. Veneza";"Molho de tomate caseiro, mussarela, lombo, bacon, ovos e orégano.";"0,00";"Sim";"";"https://client-assets.anota.ai/produtos/67521dcc70782200190c87c5/-1737697468914blob"
"ADICIONAL / SABOR";"[GRUPO] Escolha até 4 sabores da Pizza Familia";"ITALIAN ";"Molho de tomate caseiro, mussarela, salame, tomate, azeitonas pretas e orégano.   ";"8,00";"Sim";"";""
"ADICIONAL / SABOR";"[GRUPO] Escolha até 4 sabores da Pizza Familia";"SPECIALE";" Molho de tomate caseiro, mussarela, anéis de cebola na manteiga, salsinha e orégano. ";"8,00";"Sim";"";""
"ADICIONAL / SABOR";"[GRUPO] Escolha até 4 sabores da Pizza Familia";"60. 5 Queijos com bacon";"Molho de tomate caseiro, mussarela, parmesão, provolone, catupiry, cheddar, bacon e orégano.";"8,00";"Sim";"";"https://client-assets.anota.ai/produtos/67606969295af30019b46262/-1734463468531blob"
"ADICIONAL / SABOR";"[GRUPO] Escolha até 4 sabores da Pizza Familia";"14. Catulabresa";"Molho de tomate caseiro, mussarela, calabresa e catupiry.";"0,00";"Sim";"";"https://client-assets.anota.ai/produtos/67606969295af30019b46262/-1734463468531blob"
"ADICIONAL / SABOR";"[GRUPO] Escolha até 4 sabores da Pizza Familia";"53. Siciliana";"Molho de tomate caseiro, mussarela, bacon, champignon, catupiry e orégano.";"8,00";"Sim";"";"https://client-assets.anota.ai/produtos/67521dcc70782200190c87c5/-1737696739414blob"
"ADICIONAL / SABOR";"[GRUPO] Escolha até 4 sabores da Pizza Familia";"NORDESTINA ";" Molho de tomate caseiro, carne seca, cebola roxa, catupiry, mussarela, pimenta biquinho e orégano. ";"8,00";"Sim";"";""
"ADICIONAL / SABOR";"[GRUPO] Escolha até 4 sabores da Pizza Gigante";"36. Bolonhesa";"Molho de tomate caseiro, mussarela, carne moída, cebola, tomate e pimentão.";"8,00";"Sim";"";"https://client-assets.anota.ai/produtos/67606969295af30019b46262/-1734463468531blob"
"ADICIONAL / SABOR";"[GRUPO] Escolha até 4 sabores da Pizza Gigante";"11. Calabresa";"Molho de tomate caseiro, mussarela, calabresa e orégano. ";"0,00";"Sim";"";"https://client-assets.anota.ai/produtos/67521dcc70782200190c87c5/-1737695269496blob"
"ADICIONAL / SABOR";"[GRUPO] Escolha até 4 sabores da Pizza Gigante";"35. Atum";"Molho de tomate caseiro, mussarela, atum, cebola, catupiry e orégano. +";"8,00";"Sim";"";"https://client-assets.anota.ai/produtos/67521dcc70782200190c87c5/-1737696503697blob"
"ADICIONAL / SABOR";"[GRUPO] Escolha até 4 sabores da Pizza Gigante";"46. Filé aos 5 queijos";"Molho de tomate caseiro, mussarela, provolone, parmesão, catupiry, cheddar e filé.";"8,00";"Sim";"";"https://client-assets.anota.ai/produtos/67606969295af30019b46262/-1734463468531blob"
"ADICIONAL / SABOR";"[GRUPO] Escolha até 4 sabores da Pizza Gigante";"41. Filé ao alho";"Molho de tomate caseiro, mussarela, filé, alho frito e orégano.";"8,00";"Sim";"";"https://client-assets.anota.ai/produtos/67521dcc70782200190c87c5/-1737697069975blob"
"ADICIONAL / SABOR";"[GRUPO] Escolha até 4 sabores da Pizza Gigante";"34. Verona";"Molho de tomate caseiro, mussarela, lombo canadense, palmito, milho, catupiry, alho frito e orégano. ";"8,00";"Sim";"";"https://client-assets.anota.ai/produtos/67521dcc70782200190c87c5/-1737697634118blob"
"ADICIONAL / SABOR";"[GRUPO] Escolha até 4 sabores da Pizza Gigante";"51. Pepperoni";"Molho de tomate caseiro, mussarela, pepperoni e orégano. ";"8,00";"Sim";"";"https://client-assets.anota.ai/produtos/67521dcc70782200190c87c5/-1737696842466blob"
"ADICIONAL / SABOR";"[GRUPO] Escolha até 4 sabores da Pizza Gigante";"8. Bacon com abacaxi";"Molho caseiro, mussarela, bacon e abacaxi.";"8,00";"Sim";"";"https://client-assets.anota.ai/produtos/67606969295af30019b46262/-1734463468531blob"
"ADICIONAL / SABOR";"[GRUPO] Escolha até 4 sabores da Pizza Gigante";"9. Baiana";"Molho de tomate caseiro, mussarela, calabresa, cebola, pimenta calabresa, azeitonas verde e orégano.";"0,00";"Sim";"";"https://client-assets.anota.ai/produtos/67606969295af30019b46262/-1734463468531blob"
"ADICIONAL / SABOR";"[GRUPO] Escolha até 4 sabores da Pizza Gigante";"27. Milho com catupiry";"Molho de tomate caseiro, mussarela, milho e catupiry.";"0,00";"Sim";"";"https://client-assets.anota.ai/produtos/67606969295af30019b46262/-1734463468531blob"
"ADICIONAL / SABOR";"[GRUPO] Escolha até 4 sabores da Pizza Gigante";"2. Alhobresa";"Molho de tomate caseiro, mussarela, calabresa, alho e orégano. ";"0,00";"Sim";"";"https://client-assets.anota.ai/produtos/67606969295af30019b46262/-1734463468531blob"
"ADICIONAL / SABOR";"[GRUPO] Escolha até 4 sabores da Pizza Gigante";"61. 6 Queijos com bacon";"Molho de tomate caseiro, mussarela, provolone, parmesão, gorgonzola, catupiry, cheddar e orégano. ";"8,00";"Sim";"";"https://client-assets.anota.ai/produtos/67606969295af30019b46262/-1734463468531blob"
"ADICIONAL / SABOR";"[GRUPO] Escolha até 4 sabores da Pizza Gigante";"52. Rúcula com tomate seco";"Molho de tomate caseiro, mussarela, tomate seco, rúcula e orégano.";"8,00";"Sim";"";"https://client-assets.anota.ai/produtos/67521dcc70782200190c87c5/-1737696604432blob"
"ADICIONAL / SABOR";"[GRUPO] Escolha até 4 sabores da Pizza Gigante";"26. Marguerita";"Molho de tomate caseiro, mussarela, tomate, manjericão, azeitonas pretas e orégano.";"0,00";"Sim";"";"https://client-assets.anota.ai/produtos/67521dcc70782200190c87c5/-1737696326540blob"
"ADICIONAL / SABOR";"[GRUPO] Escolha até 4 sabores da Pizza Gigante";"15. Canadense";"Molho de tomate caseiro, mussarela, lombo canadense, catupiry e orégano.";"8,00";"Sim";"";"https://client-assets.anota.ai/produtos/67521dcc70782200190c87c5/-1737695323565blob"
"ADICIONAL / SABOR";"[GRUPO] Escolha até 4 sabores da Pizza Gigante";"25. Lombinho";"Molho de tomate caseiro, mussarela, lombo canadense, cebola e orégano.";"8,00";"Sim";"";"https://client-assets.anota.ai/produtos/67521dcc70782200190c87c5/-1737696261278blob"
"ADICIONAL / SABOR";"[GRUPO] Escolha até 4 sabores da Pizza Gigante";"31. Portuguesa";"Molho de tomate caseiro, mussarela, presunto, queijo, ovo, tomate, cebola, pimentão, azeitonas verde e orégano.";"0,00";"Sim";"";"https://client-assets.anota.ai/produtos/67521dcc70782200190c87c5/-1737698133288blob"
"ADICIONAL / SABOR";"[GRUPO] Escolha até 4 sabores da Pizza Gigante";"54. Strogonoff de carne";"Molho de tomate caseiro, mussarela, strogonoff de carne e batata palha.";"8,00";"Sim";"";"https://client-assets.anota.ai/produtos/67521dcc70782200190c87c5/-1737696784707blob"
"ADICIONAL / SABOR";"[GRUPO] Escolha até 4 sabores da Pizza Gigante";"16. Carbonara";"Molho de tomate caseiro, mussarela, Bacon, ovos e creme de leite";"8,00";"Sim";"";"https://client-assets.anota.ai/produtos/67606969295af30019b46262/-1734463468531blob"
"ADICIONAL / SABOR";"[GRUPO] Escolha até 4 sabores da Pizza Gigante";"55. Strogonoff de frango";"Molho de tomate caseiro, mussarela, strogonoff de frango e batata palha.";"8,00";"Sim";"";"https://client-assets.anota.ai/produtos/67606969295af30019b46262/-1734463468531blob"
"ADICIONAL / SABOR";"[GRUPO] Escolha até 4 sabores da Pizza Gigante";"CHOCOLATE BRANCO COM NOZES";"Mussarela, chocolate branco, nozes e leite condensado. ";"8,00";"Sim";"";""
"ADICIONAL / SABOR";"[GRUPO] Escolha até 4 sabores da Pizza Gigante";"SPECIALE";" Molho de tomate caseiro, mussarela, anéis de cebola na manteiga, salsinha e orégano. ";"8,00";"Sim";"";""
"ADICIONAL / SABOR";"[GRUPO] Escolha até 4 sabores da Pizza Gigante";"PRIMAVERA";"Palmito, ervilha e ovos de codorna.";"8,00";"Sim";"";""
"ADICIONAL / SABOR";"[GRUPO] Escolha até 4 sabores da Pizza Gigante";"45. Filé aos 4 queijos";"Molho de tomate caseiro, mussarela, provolone, parmesão, catupiry e filé.";"8,00";"Sim";"";"https://client-assets.anota.ai/produtos/67606969295af30019b46262/-1734463468531blob"
"ADICIONAL / SABOR";"[GRUPO] Escolha até 4 sabores da Pizza Gigante";"53. Siciliana";"Molho de tomate caseiro, mussarela, bacon, champignon, catupiry e orégano.";"8,00";"Sim";"";"https://client-assets.anota.ai/produtos/67521dcc70782200190c87c5/-1737696739414blob"
"ADICIONAL / SABOR";"[GRUPO] Escolha até 4 sabores da Pizza Gigante";"ITALIAN ";"Molho de tomate caseiro, mussarela, salame, tomate, azeitonas pretas e orégano.   ";"8,00";"Sim";"";""
"ADICIONAL / SABOR";"[GRUPO] Escolha até 4 sabores da Pizza Gigante";"37. Camarão alho e óleo";"Molho de tomate caseiro, mussarela, camarão ao alho e óleo e orégano.";"8,00";"Sim";"";"https://client-assets.anota.ai/produtos/67521dcc70782200190c87c5/-1737696442271blob"
"ADICIONAL / SABOR";"[GRUPO] Escolha até 4 sabores da Pizza Gigante";"NORDESTINA ";" Molho de tomate caseiro, carne seca, cebola roxa, catupiry, mussarela, pimenta biquinho e orégano. ";"8,00";"Sim";"";""
"ADICIONAL / SABOR";"[GRUPO] Escolha até 4 sabores da Pizza Gigante";"50. Palmito";"Molho de tomate caseiro, mussarela, Palmito e orégano.";"8,00";"Sim";"";"https://client-assets.anota.ai/produtos/67521dcc70782200190c87c5/-1737697259780blob"
"ADICIONAL / SABOR";"[GRUPO] Escolha até 4 sabores da Pizza Gigante";"13. Calabresa especial";"Molho de tomate caseiro, mussarela, calabresa, cebola, catupiry e ovos.";"8,00";"Sim";"";"https://client-assets.anota.ai/produtos/67606969295af30019b46262/-1734463468531blob"
"ADICIONAL / SABOR";"[GRUPO] Escolha até 4 sabores da Pizza Gigante";"28. Milho e bacon";"Molho de tomate caseiro, mussarela, milho e bacon.";"0,00";"Sim";"";"https://client-assets.anota.ai/produtos/67606969295af30019b46262/-1734463468531blob"
"ADICIONAL / SABOR";"[GRUPO] Escolha até 4 sabores da Pizza Gigante";"GAÚCHA";"Molho de tomate caseiro, mussarela, filé, cebola, pimentão, tomate, barbecue e orégano.";"8,00";"Sim";"";""
"ADICIONAL / SABOR";"[GRUPO] Escolha até 4 sabores da Pizza Gigante";"23. Italiana";"Molho de tomate caseiro, mussarela, presunto, bacon, milho, palmito e orégano.";"8,00";"Sim";"";"https://client-assets.anota.ai/produtos/67606969295af30019b46262/-1734463468531blob"
"ADICIONAL / SABOR";"[GRUPO] Escolha até 4 sabores da Pizza Gigante";"LA CANTINA";"Molho de tomate caseiro, mussarela, tomate seco, manjericão, champignon, azeitonas pretas e orégano.";"8,00";"Sim";"";""
"ADICIONAL / SABOR";"[GRUPO] Escolha até 4 sabores da Pizza Gigante";"10. Bauru";"Molho de tomate caseiro, mussarela, presunto, tomate e orégano.";"0,00";"Sim";"";"https://client-assets.anota.ai/produtos/67521dcc70782200190c87c5/-1737695122243blob"
"ADICIONAL / SABOR";"[GRUPO] Escolha até 4 sabores da Pizza Gigante";"20. Frango caipira";"Molho de tomate caseiro, mussarela, frango, milho, bacon, catupiry e orégano.";"0,00";"Sim";"";"https://client-assets.anota.ai/produtos/67521dcc70782200190c87c5/-1737696152259blob"
"ADICIONAL / SABOR";"[GRUPO] Escolha até 4 sabores da Pizza Gigante";"39. Coração";"Molho de tomate caseiro, mussarela, coração, cebola e catupiry.";"8,00";"Sim";"";"https://client-assets.anota.ai/produtos/67606969295af30019b46262/-1734463468531blob"
"ADICIONAL / SABOR";"[GRUPO] Escolha até 4 sabores da Pizza Gigante";"60. 5 Queijos com bacon";"Molho de tomate caseiro, mussarela, parmesão, provolone, catupiry, cheddar, bacon e orégano.";"8,00";"Sim";"";"https://client-assets.anota.ai/produtos/67606969295af30019b46262/-1734463468531blob"
"ADICIONAL / SABOR";"[GRUPO] Escolha até 4 sabores da Pizza Gigante";"43. Filé com catupiry";"Molho de tomate caseiro, mussarela, tiras de carne e catupiry.";"8,00";"Sim";"";"https://client-assets.anota.ai/produtos/67606969295af30019b46262/-1734463468531blob"
"ADICIONAL / SABOR";"[GRUPO] Escolha até 4 sabores da Pizza Gigante";"FUGAZZETA";"Molho de tomate caseiro, mussarela, cebola, azeitonas verdes e orégano.";"8,00";"Sim";"";""
"ADICIONAL / SABOR";"[GRUPO] Escolha até 4 sabores da Pizza Gigante";"59. 4 Queijos com bacon";"Molho de tomate caseiro, mussarela, provolone, parmesão, catupiry, bacon e orégano. ";"8,00";"Sim";"";"https://client-assets.anota.ai/produtos/67606969295af30019b46262/-1734463468531blob"
"ADICIONAL / SABOR";"[GRUPO] Escolha até 4 sabores da Pizza Gigante";"33. Veneza";"Molho de tomate caseiro, mussarela, lombo, bacon, ovos e orégano.";"0,00";"Sim";"";"https://client-assets.anota.ai/produtos/67521dcc70782200190c87c5/-1737697468914blob"
"ADICIONAL / SABOR";"[GRUPO] Escolha até 4 sabores da Pizza Gigante";"44. Filé com cheddar";"Molho de tomate caseiro, mussarela, Filé e cheddar.";"8,00";"Sim";"";"https://client-assets.anota.ai/produtos/67606969295af30019b46262/-1734463468531blob"
"ADICIONAL / SABOR";"[GRUPO] Escolha até 4 sabores da Pizza Gigante";"7. Bacon";"Molho de tomate caseiro, mussarela, bacon e orégano.";"0,00";"Sim";"";"https://client-assets.anota.ai/produtos/67606969295af30019b46262/-1734463468531blob"
"ADICIONAL / SABOR";"[GRUPO] Escolha até 4 sabores da Pizza Gigante";"6. Brócolis com bacon e catupiry";"Molho de tomate caseiro, mussarela, brócolis, bacon e catupiry";"0,00";"Sim";"";"https://client-assets.anota.ai/produtos/67606969295af30019b46262/-1734463468531blob"
"ADICIONAL / SABOR";"[GRUPO] Escolha até 4 sabores da Pizza Gigante";"29. Mussarela";"Molho de tomate caseiro, mussarela, tomate, azeitonas verde e orégano.";"0,00";"Sim";"";"https://client-assets.anota.ai/produtos/67521dcc70782200190c87c5/-1737696954898blob"
"ADICIONAL / SABOR";"[GRUPO] Escolha até 4 sabores da Pizza Gigante";"BARBECUE";"Molho de tomate caseiro, mussarela, lombo ao molho Barbecue e orégano.";"8,00";"Sim";"";""
"ADICIONAL / SABOR";"[GRUPO] Escolha até 4 sabores da Pizza Gigante";"TOSCANA";"Molho de tomate caseiro, mussarela, salame, provolone, manjericão e oregano.";"8,00";"Sim";"";""
"ADICIONAL / SABOR";"[GRUPO] Escolha até 4 sabores da Pizza Gigante";"49. Moda da casa";"Molho de tomate caseiro, mussarela, frango, palmito, bacon, milho, azeitona, catupiry e orégano. ";"8,00";"Sim";"";"https://client-assets.anota.ai/produtos/67606969295af30019b46262/-1734463468531blob"
"ADICIONAL / SABOR";"[GRUPO] Escolha até 4 sabores da Pizza Gigante";"47. Filé com tomate";"Molho de tomate caseiro, mussarela, filé e tomate.";"8,00";"Sim";"";"https://client-assets.anota.ai/produtos/67606969295af30019b46262/-1734463468531blob"
"ADICIONAL / SABOR";"[GRUPO] Escolha até 4 sabores da Pizza Gigante";"1. Alho e óleo";"Molho de tomate caseiro, mussarela, alho frito e azeitonas pretas e orégano. ";"0,00";"Sim";"";"https://client-assets.anota.ai/produtos/67521dcc70782200190c87c5/-1737694644503blob"
"ADICIONAL / SABOR";"[GRUPO] Escolha até 4 sabores da Pizza Gigante";"32. Vegetariana";"Molho de tomate caseiro, mussarela, palmito, milho, brócolis, tomate e orégano.";"0,00";"Sim";"";"https://client-assets.anota.ai/produtos/67521dcc70782200190c87c5/-1737697523613blob"
"ADICIONAL / SABOR";"[GRUPO] Escolha até 4 sabores da Pizza Gigante";"48. Mexicana";"Molho de tomate caseiro, mussarela, iscas de carne, cheddar, cebola e nachos.";"8,00";"Sim";"";"https://client-assets.anota.ai/produtos/67606969295af30019b46262/-1734463468531blob"
"ADICIONAL / SABOR";"[GRUPO] Escolha até 4 sabores da Pizza Gigante";"17. Crocante";"Molho de tomate caseiro, mussarela, bacon, batata palha e orégano. ";"8,00";"Sim";"";"https://client-assets.anota.ai/produtos/67521dcc70782200190c87c5/-1737695399619blob"
"ADICIONAL / SABOR";"[GRUPO] Escolha até 4 sabores da Pizza Gigante";"18. Difiori";"Molho de tomate caseiro, mussarela, frango, bacon, tomate e creme de leite";"8,00";"Sim";"";"https://client-assets.anota.ai/produtos/67606969295af30019b46262/-1734463468531blob"
"ADICIONAL / SABOR";"[GRUPO] Escolha até 4 sabores da Pizza Gigante";"19. Frango catupiry";"Molho de tomate caseiro, mussarela, frango com catupiry e orégano.";"0,00";"Sim";"";"https://client-assets.anota.ai/produtos/67521dcc70782200190c87c5/-1737696013237blob"
"ADICIONAL / SABOR";"[GRUPO] Escolha até 4 sabores da Pizza Gigante";"14. Catulabresa";"Molho de tomate caseiro, mussarela, calabresa e catupiry.";"0,00";"Sim";"";"https://client-assets.anota.ai/produtos/67606969295af30019b46262/-1734463468531blob"
"ADICIONAL / SABOR";"[GRUPO] Escolha até 4 sabores da Pizza Gigante";"21. Fricasse";"Molho de tomate caseiro, mussarela, frango, milho, creme de leite e batata palha.";"0,00";"Sim";"";"https://client-assets.anota.ai/produtos/67606969295af30019b46262/-1734463468531blob"
"ADICIONAL / SABOR";"[GRUPO] Escolha até 4 sabores da Pizza Gigante";"56. 4 Queijos";"Molho de tomate caseiro, mussrela, Parmesão, provolone, catupiry e orégano. ";"8,00";"Sim";"";"https://client-assets.anota.ai/produtos/67521dcc70782200190c87c5/-1737696672530blob"
"ADICIONAL / SABOR";"[GRUPO] Escolha até 4 sabores da Pizza Gigante";"5. Brócolis com bacon";"Molho de tomate caseiro, mussarela, brócolis, bacon, tomate, alho frito e orégano. ";"0,00";"Sim";"";"https://client-assets.anota.ai/produtos/67521dcc70782200190c87c5/-1737695214279blob"
"ADICIONAL / SABOR";"[GRUPO] Escolha até 4 sabores da Pizza Gigante";"LINGUIÇA BLUMENAU";"Molho de tomate caseiro, linguiça Blumenau, mussarela, catupiry e orégano.";"8,00";"Sim";"";""
"ADICIONAL / SABOR";"[GRUPO] Escolha até 4 sabores da Pizza Gigante";"57. 5 Queijos";"Molho de tomate caseiro, mussarela, provolone, parmesão, catupiry, cheddar e orégano. ";"8,00";"Sim";"";"https://client-assets.anota.ai/produtos/67521dcc70782200190c87c5/-1737696892883blob"
"ADICIONAL / SABOR";"[GRUPO] Escolha até 4 sabores da Pizza Gigante";"38. Camarão aos 4 queijos";"Molho de tomate caseiro, mussarela, camarão, parmesão, provolone e catupiry.";"8,00";"Sim";"";"https://client-assets.anota.ai/produtos/67521dcc70782200190c87c5/-1737696390224blob"
"ADICIONAL / SABOR";"[GRUPO] Escolha até 4 sabores da Pizza Gigante";"CATUPERU";"Molho de tomate caseiro, mussarela, peito de peru, catupiry e orégano.";"8,00";"Sim";"";""
"ADICIONAL / SABOR";"[GRUPO] Escolha até 4 sabores da Pizza Gigante";"3. Americana";"Molho de tomate caseiro, mussarela, milho, bacon, ovos e orégano. ";"0,00";"Sim";"";"https://client-assets.anota.ai/produtos/67606969295af30019b46262/-1734463468531blob"
"ADICIONAL / SABOR";"[GRUPO] Escolha até 4 sabores da Pizza Gigante";"58. 6 Queijos";"Molho de tomate caseiro, mussarela, provolone, parmesão, gorgonzola, catupiry, cheddar e orégano.";"8,00";"Sim";"";"https://client-assets.anota.ai/produtos/67606969295af30019b46262/-1734463468531blob"
"ADICIONAL / SABOR";"[GRUPO] Escolha até 4 sabores da Pizza Gigante";"42. Filé com fritas";"Molho de tomate caseiro, mussarela, tiras de carne, batata frita e orégano.";"8,00";"Sim";"";"https://client-assets.anota.ai/produtos/67521dcc70782200190c87c5/-1737697011792blob"
"ADICIONAL / SABOR";"[GRUPO] Escolha até 4 sabores da Pizza Gigante";"24. La torre";"Molho de tomate caseiro, mussarela, lombo canadense, palmito e creme de leite.";"8,00";"Sim";"";"https://client-assets.anota.ai/produtos/67606969295af30019b46262/-1734463468531blob"
"ADICIONAL / SABOR";"[GRUPO] Escolha até 4 sabores da Pizza Gigante";"30. Napolitana";"Molho de tomate caseiro, mussarela, tomate, provolone e orégano.";"0,00";"Sim";"";"https://client-assets.anota.ai/produtos/67606969295af30019b46262/-1734463468531blob"
"ADICIONAL / SABOR";"[GRUPO] Escolha até 4 sabores da Pizza Gigante";"12. Calabresa com cebola";"Molho de tomate caseiro, mussarela, calabresa, cebola e orégano.";"0,00";"Sim";"";"https://client-assets.anota.ai/produtos/67521dcc70782200190c87c5/-1737695778147blob"
"ADICIONAL / SABOR";"[GRUPO] Escolha até 4 sabores da Pizza Gigante";"FLORESTA NEGRA";"Chocolate preto e cerejas.";"8,00";"Sim";"";""
"ADICIONAL / SABOR";"[GRUPO] Escolha até 4 sabores da Pizza Gigante";"4. Brócolis";"Molho de tomate caseiro, mussarela, brócolis, tomate, alho frito e orégano.";"0,00";"Sim";"";"https://client-assets.anota.ai/produtos/67521dcc70782200190c87c5/-1737694875750blob"
"ADICIONAL / SABOR";"[GRUPO] Escolha até 4 sabores da Pizza Gigante";"PRESUNTO E QUEIJO (MODA ARGENTINA)";"Molho de tomate caseiro, mussarela, presunto e orégano.";"0,00";"Sim";"";""
"ADICIONAL / SABOR";"[GRUPO] Escolha até 4 sabores da Pizza Gigante";"40. Champignon";"Molho de tomate caseiro, mussarela, champignon, catupiry e orégano.";"8,00";"Sim";"";"https://client-assets.anota.ai/produtos/67606969295af30019b46262/-1734463468531blob"
"ADICIONAL / SABOR";"[GRUPO] Escolha até 4 sabores da Pizza Gigante";"22. Havaiana";"Molho de tomate caseiro, mussarela, lombo canadense, abacaxi e orégano.";"0,00";"Sim";"";"https://client-assets.anota.ai/produtos/67521dcc70782200190c87c5/-1737695866889blob"
"ADICIONAL / SABOR";"[GRUPO] Selecione o sabor";"Banana com Doce de Leite";"";"25,00";"Sim";"";"https://client-assets.anota.ai/produtos/67521dcc70782200190c87c5/-1737856217440blob"
"ADICIONAL / SABOR";"[GRUPO] Selecione o sabor";"Banana Leite Ninho e Chocolate ao Leite";"";"25,00";"Sim";"";""
"ADICIONAL / SABOR";"[GRUPO] Selecione o sabor";"Banana Leite Ninho e Leite Condensado";"";"25,00";"Sim";"";""
"ADICIONAL / SABOR";"[GRUPO] Selecione o sabor";"Banana Nevada";"";"25,00";"Sim";"";"https://client-assets.anota.ai/produtos/67521dcc70782200190c87c5/-1737856465092blob"
"ADICIONAL / SABOR";"[GRUPO] Selecione o sabor";"Chocolate Branco";"";"25,00";"Sim";"";"https://client-assets.anota.ai/produtos/67521dcc70782200190c87c5/-1735965501688blob"
"ADICIONAL / SABOR";"[GRUPO] Selecione o sabor";"Chocolate Preto";"";"25,00";"Sim";"";"https://client-assets.anota.ai/produtos/67521dcc70782200190c87c5/-1737856855359blob"
"ADICIONAL / SABOR";"[GRUPO] Selecione o sabor";"Confete";"";"25,00";"Sim";"";"https://client-assets.anota.ai/produtos/67521dcc70782200190c87c5/-1735965514527blob"
"ADICIONAL / SABOR";"[GRUPO] Selecione o sabor";"Dois Amores (Chocolate Preto e Branco)";"";"25,00";"Sim";"";"https://client-assets.anota.ai/produtos/67521dcc70782200190c87c5/-1735965826762blob"
"ADICIONAL / SABOR";"[GRUPO] Selecione o sabor";"Prestígio";"";"25,00";"Sim";"";"https://client-assets.anota.ai/produtos/67521dcc70782200190c87c5/-1735965797290blob"
"ADICIONAL / SABOR";"[GRUPO] Selecione o sabor";"Prestígio Branco";"";"25,00";"Sim";"";"https://client-assets.anota.ai/produtos/67521dcc70782200190c87c5/-1748754425260blob"
"ADICIONAL / SABOR";"[GRUPO] Selecione o sabor";"Romeu e Julieta";"";"25,00";"Sim";"";"https://client-assets.anota.ai/produtos/67521dcc70782200190c87c5/-1735965844263blob"
"ADICIONAL / SABOR";"[GRUPO] Selecione o sabor";"Sensação Preto";"";"25,00";"Sim";"";"https://client-assets.anota.ai/produtos/67521dcc70782200190c87c5/-1737842592318blob"
"ADICIONAL / SABOR";"[GRUPO] Selecione o sabor";"Sensação Branca";"";"25,00";"Sim";"";"https://client-assets.anota.ai/produtos/67521dcc70782200190c87c5/-1737856650583blob"
"ADICIONAL / SABOR";"[GRUPO] Escolha até 2 sabores da Pizza Pequena";"62. Banana com chocolate preto e leite condensado. ";"Mussarela, banana, chocolate preto e leite condensado.";"0,00";"Sim";"";"https://client-assets.anota.ai/produtos/67434555cd292c0012cd3b27/-1734530628834blob"
"ADICIONAL / SABOR";"[GRUPO] Escolha até 2 sabores da Pizza Pequena";"67. Chocolate branco";"Mussarela, chocolate branco e leite condensado. ";"0,00";"Sim";"";"https://client-assets.anota.ai/produtos/67434555cd292c0012cd3b27/-1734530628834blob"
"ADICIONAL / SABOR";"[GRUPO] Escolha até 2 sabores da Pizza Pequena";"72. Charge branco";"Mussarela, chocolate branco, amendoim e leite condensado";"0,00";"Sim";"";"https://client-assets.anota.ai/produtos/67434555cd292c0012cd3b27/-1734530628834blob"
"ADICIONAL / SABOR";"[GRUPO] Escolha até 2 sabores da Pizza Pequena";"74. Prestigio";"Mussarela, chocolate preto, coco ralado e leite condensado";"0,00";"Sim";"";"https://client-assets.anota.ai/produtos/67434555cd292c0012cd3b27/-1734530628834blob"
"ADICIONAL / SABOR";"[GRUPO] Escolha até 2 sabores da Pizza Pequena";"68. Bem casado";"Mussarela, chocolate preto, chocolate branco e leite condensado";"0,00";"Sim";"";"https://client-assets.anota.ai/produtos/67434555cd292c0012cd3b27/-1734530628834blob"
"ADICIONAL / SABOR";"[GRUPO] Escolha até 2 sabores da Pizza Pequena";"81. Sensação branca";"Mussarela, chocolate branco, morango e leite condensado";"8,00";"Sim";"";"https://client-assets.anota.ai/produtos/67521dcc70782200190c87c5/-1747415101011blob"
"ADICIONAL / SABOR";"[GRUPO] Escolha até 2 sabores da Pizza Pequena";"82. Sonho de valsa";"Mussarela, chocolate preto, bombom sonho de valsa e leite condensado";"8,00";"Sim";"";"https://client-assets.anota.ai/produtos/67434555cd292c0012cd3b27/-1734530628834blob"
"ADICIONAL / SABOR";"[GRUPO] Escolha até 2 sabores da Pizza Pequena";"83. Óreo";"Mussarela, chocolate branco, biscoito óreo e leite condensado";"8,00";"Sim";"";"https://client-assets.anota.ai/produtos/67521dcc70782200190c87c5/-1737698720390blob"
"ADICIONAL / SABOR";"[GRUPO] Escolha até 2 sabores da Pizza Pequena";"65. Banana leite ninho e leite condensado";"";"0,00";"Sim";"";"https://client-assets.anota.ai/produtos/67434555cd292c0012cd3b27/-1734530628834blob"
"ADICIONAL / SABOR";"[GRUPO] Escolha até 2 sabores da Pizza Pequena";"69. Califórnia";"Mussarela, abacaxi, pêssego, figo, açúcar, canela e leite condensado";"8,00";"Sim";"";"https://client-assets.anota.ai/produtos/67434555cd292c0012cd3b27/-1734530628834blob"
"ADICIONAL / SABOR";"[GRUPO] Escolha até 2 sabores da Pizza Pequena";"64. Banana leite ninho e chocolate ao leite";"Banana com leite ninho, chocolate ao leite e leite condensado. ";"0,00";"Sim";"";"https://client-assets.anota.ai/produtos/67434555cd292c0012cd3b27/-1734530628834blob"
"ADICIONAL / SABOR";"[GRUPO] Escolha até 2 sabores da Pizza Pequena";"76. Romeu e julieta";"Mussarela e goiabada";"0,00";"Sim";"";"https://client-assets.anota.ai/produtos/67434555cd292c0012cd3b27/-1734530628834blob"
"ADICIONAL / SABOR";"[GRUPO] Escolha até 2 sabores da Pizza Pequena";"71. Charge";"Mussarela, chocolate preto, amendoim e leite condensado";"0,00";"Sim";"";"https://client-assets.anota.ai/produtos/67434555cd292c0012cd3b27/-1734530628834blob"
"ADICIONAL / SABOR";"[GRUPO] Escolha até 2 sabores da Pizza Pequena";"78. Banana nevada";"Mussarela, banana, canela, chocolate branco e leite condensado. ";"8,00";"Sim";"";"https://client-assets.anota.ai/produtos/67521dcc70782200190c87c5/-1737698403341blob"
"ADICIONAL / SABOR";"[GRUPO] Escolha até 2 sabores da Pizza Pequena";"80. Sensação";"Mussarela, chocolate preto, morango e leite condensado";"8,00";"Sim";"";"https://client-assets.anota.ai/produtos/67521dcc70782200190c87c5/-1747415228884blob"
"ADICIONAL / SABOR";"[GRUPO] Escolha até 2 sabores da Pizza Pequena";"63. Banana com canela";"Mussarela, banana, açúcar, canela e leite condensado";"0,00";"Sim";"";"https://client-assets.anota.ai/produtos/67434555cd292c0012cd3b27/-1734530628834blob"
"ADICIONAL / SABOR";"[GRUPO] Escolha até 2 sabores da Pizza Pequena";"66. Brigadeiro";"Chocolate preto e granulado";"0,00";"Sim";"";"https://client-assets.anota.ai/produtos/67434555cd292c0012cd3b27/-1734530628834blob"
"ADICIONAL / SABOR";"[GRUPO] Escolha até 2 sabores da Pizza Pequena";"84. Ouro branco";"Mussarela, chocolate branco,  bombom ouro branco e leite condensado. ";"8,00";"Sim";"";"https://client-assets.anota.ai/produtos/67434555cd292c0012cd3b27/-1734530628834blob"
"ADICIONAL / SABOR";"[GRUPO] Escolha até 2 sabores da Pizza Pequena";"79. Banoffe";"Mussarela banana, canela e doce de leite";"8,00";"Sim";"";"https://client-assets.anota.ai/produtos/67434555cd292c0012cd3b27/-1734530628834blob"
"ADICIONAL / SABOR";"[GRUPO] Escolha até 2 sabores da Pizza Pequena";"70. Confeti";"Mussarela, chocolate preto, confeti e leite condensado.";"8,00";"Sim";"";"https://client-assets.anota.ai/produtos/67521dcc70782200190c87c5/-1748755908566blob"
"ADICIONAL / SABOR";"[GRUPO] Escolha até 2 sabores da Pizza Pequena";"77. Abacaxí com coco";"Mussarela, abacaxí picado, coco ralado, chocolate branco e leite condensado";"8,00";"Sim";"";"https://client-assets.anota.ai/produtos/67434555cd292c0012cd3b27/-1734530628834blob"
"ADICIONAL / SABOR";"[GRUPO] Escolha até 2 sabores da Pizza Pequena";"75. Prestigio branco";"Mussarela, chocolate branco, coco ralado e leite condensado";"0,00";"Sim";"";"https://client-assets.anota.ai/produtos/67521dcc70782200190c87c5/-1747415797150blob"
"ADICIONAL / SABOR";"[GRUPO] Escolha até 2 sabores da Pizza Pequena";"73. Chocolate preto";"Mussarela, chocolate preto e leite condensado. ";"0,00";"Sim";"";"https://client-assets.anota.ai/produtos/67521dcc70782200190c87c5/-1747415352983blob"
"ADICIONAL / SABOR";"[GRUPO] Adicionais";"Ovo";"";"3,00";"Sim";"";"https://client-assets.anota.ai/produtos/67521dcc70782200190c87c5/-1744815059855blob"
"ADICIONAL / SABOR";"[GRUPO] Adicionais";"Calabresa";"";"4,00";"Sim";"";"https://client-assets.anota.ai/produtos/67521dcc70782200190c87c5/-1737860416688blob"
"ADICIONAL / SABOR";"[GRUPO] Adicionais";"Queijo";"";"4,00";"Sim";"";"https://client-assets.anota.ai/produtos/67521dcc70782200190c87c5/-1737860525417blob"
"ADICIONAL / SABOR";"[GRUPO] Adicionais";"Cheddar";"";"6,00";"Sim";"";"https://client-assets.anota.ai/produtos/67521dcc70782200190c87c5/-1748753313593blob"
"ADICIONAL / SABOR";"[GRUPO] Adicionais";"Catupiry";"";"5,00";"Sim";"";"https://client-assets.anota.ai/produtos/67521dcc70782200190c87c5/-1748755009617blob"
"ADICIONAL / SABOR";"[GRUPO] Adicionais";"Bacon";"";"5,00";"Sim";"";"https://client-assets.anota.ai/produtos/67521dcc70782200190c87c5/-1748755251191blob"
"ADICIONAL / SABOR";"[GRUPO] Escolha o seu refrigerante";"Fanta laranja 2 litros";"";"0,00";"Sim";"";"https://client-assets.anota.ai/produtos/67521dcc70782200190c87c5/-1744813037896blob"
"ADICIONAL / SABOR";"[GRUPO] Escolha o seu refrigerante";"Sprit 2 litros";"";"0,00";"Sim";"";"https://client-assets.anota.ai/produtos/67521dcc70782200190c87c5/-1744813071035blob"
"ADICIONAL / SABOR";"[GRUPO] Escolha o seu refrigerante";"Coca Cola 2 Litros";"";"0,00";"Sim";"";"https://client-assets.anota.ai/produtos/67521dcc70782200190c87c5/-1744813027508blob"
"ADICIONAL / SABOR";"[GRUPO] Escolha o seu refrigerante";"Coca Zero 2 litros ";"";"0,00";"Sim";"";"https://client-assets.anota.ai/produtos/67521dcc70782200190c87c5/-1744813008157blob"
"ADICIONAL / SABOR";"[GRUPO] Escolha o seu refrigerante";"Guarana Antartica 2 litros";"";"0,00";"Sim";"";"https://client-assets.anota.ai/produtos/67521dcc70782200190c87c5/-1744813059392blob"
"ADICIONAL / SABOR";"[GRUPO] Borda Pequena 25cm";"Borda Cheddar";"";"8,00";"Sim";"";""
"ADICIONAL / SABOR";"[GRUPO] Borda Pequena 25cm";"Borda Catupiry";"";"8,00";"Sim";"";""
"ADICIONAL / SABOR";"[GRUPO] Borda Pequena 25cm";"Borda Cheddar com Bacon";"";"10,00";"Sim";"";""
"ADICIONAL / SABOR";"[GRUPO] Borda Pequena 25cm";"Borda Catupiry com Bacon";"";"10,00";"Sim";"";""
"ADICIONAL / SABOR";"[GRUPO] Borda Pequena 25cm";"Borda Chocolate Preto";"";"8,00";"Sim";"";""
"ADICIONAL / SABOR";"[GRUPO] Borda Pequena 25cm";"Borda Chocolate Branco";"";"8,00";"Sim";"";""
"ADICIONAL / SABOR";"[GRUPO] Borda Pequena 25cm";"Borda Charge Branco";"";"10,00";"Sim";"";""
"ADICIONAL / SABOR";"[GRUPO] Borda Pequena 25cm";"Borda Charge";"";"10,00";"Sim";"";""
"ADICIONAL / SABOR";"[GRUPO] Borda Pequena 25cm";"Borda Prestígio";"";"10,00";"Sim";"";""
"ADICIONAL / SABOR";"[GRUPO] Borda Pequena 25cm";"Borda Doce de Leite";"";"8,00";"Sim";"";""
"ADICIONAL / SABOR";"[GRUPO] Borda Pequena 25cm";"Borda Prestígio Branco";"";"10,00";"Sim";"";""
"ADICIONAL / SABOR";"[GRUPO] Borda Média 30cm";"Borda Cheddar";"";"10,00";"Sim";"";""
"ADICIONAL / SABOR";"[GRUPO] Borda Média 30cm";"Borda Cheddar com Bacon";"";"12,00";"Sim";"";""
"ADICIONAL / SABOR";"[GRUPO] Borda Média 30cm";"Borda Catupiry";"";"10,00";"Sim";"";""
"ADICIONAL / SABOR";"[GRUPO] Borda Média 30cm";"Borda Chocolate Preto";"";"10,00";"Sim";"";""
"ADICIONAL / SABOR";"[GRUPO] Borda Média 30cm";"Borda Catupiry com Bacon";"";"12,00";"Sim";"";""
"ADICIONAL / SABOR";"[GRUPO] Borda Média 30cm";"Borda Chocolate Branco";"";"10,00";"Sim";"";""
"ADICIONAL / SABOR";"[GRUPO] Borda Média 30cm";"Borda Charge Branco";"";"12,00";"Sim";"";""
"ADICIONAL / SABOR";"[GRUPO] Borda Média 30cm";"Borda Charge";"";"12,00";"Sim";"";""
"ADICIONAL / SABOR";"[GRUPO] Borda Média 30cm";"Borda Doce de Leite";"";"10,00";"Sim";"";""
"ADICIONAL / SABOR";"[GRUPO] Borda Média 30cm";"Borda Prestígio";"";"12,00";"Sim";"";""
"ADICIONAL / SABOR";"[GRUPO] Borda Média 30cm";"Borda Prestígio Branco";"";"12,00";"Sim";"";""
"ADICIONAL / SABOR";"[GRUPO] Borda Grande 35cm";"Borda Cheddar";"";"12,00";"Sim";"";""
"ADICIONAL / SABOR";"[GRUPO] Borda Grande 35cm";"Borda Cheddar com Bacon";"";"14,00";"Sim";"";""
"ADICIONAL / SABOR";"[GRUPO] Borda Grande 35cm";"Borda Catupiry";"";"12,00";"Sim";"";""
"ADICIONAL / SABOR";"[GRUPO] Borda Grande 35cm";"Borda Catupiry com Bacon";"";"14,00";"Sim";"";""
"ADICIONAL / SABOR";"[GRUPO] Borda Grande 35cm";"Borda Chocolate Preto";"";"12,00";"Sim";"";""
"ADICIONAL / SABOR";"[GRUPO] Borda Grande 35cm";"Borda Chocolate Branco";"";"12,00";"Sim";"";""
"ADICIONAL / SABOR";"[GRUPO] Borda Grande 35cm";"Borda Charge Branco";"";"14,00";"Sim";"";""
"ADICIONAL / SABOR";"[GRUPO] Borda Grande 35cm";"Borda Doce de Leite";"";"12,00";"Sim";"";""
"ADICIONAL / SABOR";"[GRUPO] Borda Grande 35cm";"Borda Charge";"";"14,00";"Sim";"";""
"ADICIONAL / SABOR";"[GRUPO] Borda Grande 35cm";"Borda Prestígio";"";"14,00";"Sim";"";""
"ADICIONAL / SABOR";"[GRUPO] Borda Grande 35cm";"Borda Prestígio Branco";"";"14,00";"Sim";"";""
"ADICIONAL / SABOR";"[GRUPO] Borda Famiia 40cm";"Borda Cheddar";"";"14,00";"Sim";"";""
"ADICIONAL / SABOR";"[GRUPO] Borda Famiia 40cm";"Borda Cheddar com Bacon";"";"16,00";"Sim";"";""
"ADICIONAL / SABOR";"[GRUPO] Borda Famiia 40cm";"Borda Catupiry";"";"14,00";"Sim";"";""
"ADICIONAL / SABOR";"[GRUPO] Borda Famiia 40cm";"Borda Chocolate Preto";"";"14,00";"Sim";"";""
"ADICIONAL / SABOR";"[GRUPO] Borda Famiia 40cm";"Borda Catupiry com Bacon";"";"16,00";"Sim";"";""
"ADICIONAL / SABOR";"[GRUPO] Borda Famiia 40cm";"Borda Chocolate Branco";"";"14,00";"Sim";"";""
"ADICIONAL / SABOR";"[GRUPO] Borda Famiia 40cm";"Borda Charge Branco";"";"16,00";"Sim";"";""
"ADICIONAL / SABOR";"[GRUPO] Borda Famiia 40cm";"Borda Doce de Leite";"";"14,00";"Sim";"";""
"ADICIONAL / SABOR";"[GRUPO] Borda Famiia 40cm";"Borda Prestígio";"";"16,00";"Sim";"";""
"ADICIONAL / SABOR";"[GRUPO] Borda Famiia 40cm";"Borda Charge";"";"16,00";"Sim";"";""
"ADICIONAL / SABOR";"[GRUPO] Borda Famiia 40cm";"Borda Prestígio Branco";"";"16,00";"Sim";"";""
"ADICIONAL / SABOR";"[GRUPO] Borda Gigante 45cm";"Borda Cheddar";"";"16,00";"Sim";"";""
"ADICIONAL / SABOR";"[GRUPO] Borda Gigante 45cm";"Borda Cheddar com Bacon";"";"18,00";"Sim";"";""
"ADICIONAL / SABOR";"[GRUPO] Borda Gigante 45cm";"Borda Catupiry";"";"16,00";"Sim";"";""
"ADICIONAL / SABOR";"[GRUPO] Borda Gigante 45cm";"Borda Catupiry com Bacon";"";"18,00";"Sim";"";""
"ADICIONAL / SABOR";"[GRUPO] Borda Gigante 45cm";"Borda Chocolate Branco";"";"16,00";"Sim";"";""
"ADICIONAL / SABOR";"[GRUPO] Borda Gigante 45cm";"Borda Chocolate Preto";"";"16,00";"Sim";"";""
"ADICIONAL / SABOR";"[GRUPO] Borda Gigante 45cm";"Borda Charge Branco";"";"18,00";"Sim";"";""
"ADICIONAL / SABOR";"[GRUPO] Borda Gigante 45cm";"Borda Doce de Leite";"";"16,00";"Sim";"";""
"ADICIONAL / SABOR";"[GRUPO] Borda Gigante 45cm";"Borda Charge";"";"18,00";"Sim";"";""
"ADICIONAL / SABOR";"[GRUPO] Borda Gigante 45cm";"Borda Prestígio Branco";"";"18,00";"Sim";"";""
"ADICIONAL / SABOR";"[GRUPO] Borda Gigante 45cm";"Borda Prestígio";"";"18,00";"Sim";"";""
"ADICIONAL / SABOR";"[GRUPO] Sabor Pequena 25cm";"1. Alho e óleo";"Molho de tomate caseiro, mussarela, alho frito e azeitonas pretas e orégano. ";"40,00";"Sim";"";"https://client-assets.anota.ai/produtos/67521dcc70782200190c87c5/-1737694644503blob"
"ADICIONAL / SABOR";"[GRUPO] Sabor Pequena 25cm";"10. Bauru";"Molho de tomate caseiro, mussarela, presunto, tomate e orégano.";"40,00";"Sim";"";"https://client-assets.anota.ai/produtos/67521dcc70782200190c87c5/-1737695122243blob"
"ADICIONAL / SABOR";"[GRUPO] Sabor Pequena 25cm";"11. Calabresa";"Molho de tomate caseiro, mussarela, calabresa e orégano. ";"40,00";"Sim";"";"https://client-assets.anota.ai/produtos/67521dcc70782200190c87c5/-1737695269496blob"
"ADICIONAL / SABOR";"[GRUPO] Sabor Pequena 25cm";"12. Calabresa com cebola";"Molho de tomate caseiro, mussarela, calabresa, cebola e orégano.";"40,00";"Sim";"";"https://client-assets.anota.ai/produtos/67521dcc70782200190c87c5/-1737695778147blob"
"ADICIONAL / SABOR";"[GRUPO] Sabor Pequena 25cm";"13. Calabresa especial";"Molho de tomate caseiro, mussarela, calabresa, cebola, catupiry e ovos.";"40,00";"Sim";"";"https://client-assets.anota.ai/produtos/67606969295af30019b46262/-1734463468531blob"
"ADICIONAL / SABOR";"[GRUPO] Sabor Pequena 25cm";"14. Catulabresa";"Molho de tomate caseiro, mussarela, calabresa e catupiry.";"40,00";"Sim";"";"https://client-assets.anota.ai/produtos/67606969295af30019b46262/-1734463468531blob"
"ADICIONAL / SABOR";"[GRUPO] Sabor Pequena 25cm";"15. Canadense";"Molho de tomate caseiro, mussarela, lombo canadense, catupiry e orégano.";"40,00";"Sim";"";"https://client-assets.anota.ai/produtos/67521dcc70782200190c87c5/-1737695323565blob"
"ADICIONAL / SABOR";"[GRUPO] Sabor Pequena 25cm";"16. Carbonara";"Molho de tomate caseiro, mussarela, Bacon, ovos e creme de leite";"40,00";"Sim";"";"https://client-assets.anota.ai/produtos/67606969295af30019b46262/-1734463468531blob"
"ADICIONAL / SABOR";"[GRUPO] Sabor Pequena 25cm";"17. Crocante";"Molho de tomate caseiro, mussarela, bacon, batata palha e orégano. ";"40,00";"Sim";"";"https://client-assets.anota.ai/produtos/67521dcc70782200190c87c5/-1737695399619blob"
"ADICIONAL / SABOR";"[GRUPO] Sabor Pequena 25cm";"18. Difiori";"Molho de tomate caseiro, mussarela, frango, bacon, tomate e creme de leite";"40,00";"Sim";"";"https://client-assets.anota.ai/produtos/67606969295af30019b46262/-1734463468531blob"
"ADICIONAL / SABOR";"[GRUPO] Sabor Pequena 25cm";"19. Frango catupiry";"Molho de tomate caseiro, mussarela, frango com catupiry e orégano.";"40,00";"Sim";"";"https://client-assets.anota.ai/produtos/67521dcc70782200190c87c5/-1737696013237blob"
"ADICIONAL / SABOR";"[GRUPO] Sabor Pequena 25cm";"2. Alhobresa";"Molho de tomate caseiro, mussarela, calabresa, alho e orégano. ";"40,00";"Sim";"";"https://client-assets.anota.ai/produtos/67606969295af30019b46262/-1734463468531blob"
"ADICIONAL / SABOR";"[GRUPO] Sabor Pequena 25cm";"20. Frango caipira";"Molho de tomate caseiro, mussarela, frango, milho, bacon, catupiry e orégano.";"40,00";"Sim";"";"https://client-assets.anota.ai/produtos/67521dcc70782200190c87c5/-1737696152259blob"
"ADICIONAL / SABOR";"[GRUPO] Sabor Pequena 25cm";"21. Fricasse";"Molho de tomate caseiro, mussarela, frango, milho, creme de leite e batata palha.";"40,00";"Sim";"";"https://client-assets.anota.ai/produtos/67606969295af30019b46262/-1734463468531blob"
"ADICIONAL / SABOR";"[GRUPO] Sabor Pequena 25cm";"22. Havaiana";"Molho de tomate caseiro, mussarela, lombo canadense, abacaxi e orégano.";"40,00";"Sim";"";"https://client-assets.anota.ai/produtos/67521dcc70782200190c87c5/-1737695866889blob"
"ADICIONAL / SABOR";"[GRUPO] Sabor Pequena 25cm";"23. Italiana";"Molho de tomate caseiro, mussarela, presunto, bacon, milho, palmito e orégano.";"40,00";"Sim";"";"https://client-assets.anota.ai/produtos/67606969295af30019b46262/-1734463468531blob"
"ADICIONAL / SABOR";"[GRUPO] Sabor Pequena 25cm";"24. La torre";"Molho de tomate caseiro, mussarela, lombo canadense, palmito e creme de leite.";"40,00";"Sim";"";"https://client-assets.anota.ai/produtos/67606969295af30019b46262/-1734463468531blob"
"ADICIONAL / SABOR";"[GRUPO] Sabor Pequena 25cm";"25. Lombinho";"Molho de tomate caseiro, mussarela, lombo canadense, cebola e orégano.";"40,00";"Sim";"";"https://client-assets.anota.ai/produtos/67521dcc70782200190c87c5/-1737696261278blob"
"ADICIONAL / SABOR";"[GRUPO] Sabor Pequena 25cm";"26. Marguerita";"Molho de tomate caseiro, mussarela, tomate, manjericão, azeitonas pretas e orégano.";"40,00";"Sim";"";"https://client-assets.anota.ai/produtos/67521dcc70782200190c87c5/-1737696326540blob"
"ADICIONAL / SABOR";"[GRUPO] Sabor Pequena 25cm";"27. Milho com catupiry";"Molho de tomate caseiro, mussarela, milho e catupiry.";"40,00";"Sim";"";"https://client-assets.anota.ai/produtos/67606969295af30019b46262/-1734463468531blob"
"ADICIONAL / SABOR";"[GRUPO] Sabor Pequena 25cm";"28. Milho e bacon";"Molho de tomate caseiro, mussarela, milho e bacon.";"40,00";"Sim";"";"https://client-assets.anota.ai/produtos/67606969295af30019b46262/-1734463468531blob"
"ADICIONAL / SABOR";"[GRUPO] Sabor Pequena 25cm";"29. Mussarela";"Molho de tomate caseiro, mussarela, tomate, azeitonas verde e orégano.";"40,00";"Sim";"";"https://client-assets.anota.ai/produtos/67521dcc70782200190c87c5/-1737696954898blob"
"ADICIONAL / SABOR";"[GRUPO] Sabor Pequena 25cm";"3. Americana";"Molho de tomate caseiro, mussarela, milho, bacon, ovos e orégano. ";"40,00";"Sim";"";"https://client-assets.anota.ai/produtos/67606969295af30019b46262/-1734463468531blob"
"ADICIONAL / SABOR";"[GRUPO] Sabor Pequena 25cm";"30. Napolitana";"Molho de tomate caseiro, mussarela, tomate, provolone e orégano.";"40,00";"Sim";"";"https://client-assets.anota.ai/produtos/67606969295af30019b46262/-1734463468531blob"
"ADICIONAL / SABOR";"[GRUPO] Sabor Pequena 25cm";"31. Portuguesa";"Molho de tomate caseiro, mussarela, presunto, queijo, ovo, tomate, cebola, pimentão, azeitonas verde e orégano.";"40,00";"Sim";"";"https://client-assets.anota.ai/produtos/67521dcc70782200190c87c5/-1737698133288blob"
"ADICIONAL / SABOR";"[GRUPO] Sabor Pequena 25cm";"32. Vegetariana";"Molho de tomate caseiro, mussarela, palmito, milho, brócolis, tomate e orégano.";"40,00";"Sim";"";"https://client-assets.anota.ai/produtos/67521dcc70782200190c87c5/-1737697523613blob"
"ADICIONAL / SABOR";"[GRUPO] Sabor Pequena 25cm";"33. Veneza";"Molho de tomate caseiro, mussarela, lombo, bacon, ovos e orégano.";"40,00";"Sim";"";"https://client-assets.anota.ai/produtos/67521dcc70782200190c87c5/-1737697468914blob"
"ADICIONAL / SABOR";"[GRUPO] Sabor Pequena 25cm";"34. Verona";"Molho de tomate caseiro, mussarela, lombo canadense, palmito, milho, catupiry, alho frito e orégano. ";"40,00";"Sim";"";"https://client-assets.anota.ai/produtos/67521dcc70782200190c87c5/-1737697634118blob"
"ADICIONAL / SABOR";"[GRUPO] Sabor Pequena 25cm";"35. Atum";"Molho de tomate caseiro, mussarela, atum, cebola, catupiry e orégano. +";"56,00";"Sim";"";"https://client-assets.anota.ai/produtos/67521dcc70782200190c87c5/-1737696503697blob"
"ADICIONAL / SABOR";"[GRUPO] Sabor Pequena 25cm";"36. Bolonhesa";"Molho de tomate caseiro, mussarela, carne moída, cebola, tomate e pimentão.";"56,00";"Sim";"";"https://client-assets.anota.ai/produtos/67606969295af30019b46262/-1734463468531blob"
"ADICIONAL / SABOR";"[GRUPO] Sabor Pequena 25cm";"37. Camarão alho e óleo";"Molho de tomate caseiro, mussarela, camarão ao alho e óleo e orégano.";"60,00";"Sim";"";"https://client-assets.anota.ai/produtos/67521dcc70782200190c87c5/-1737696442271blob"
"ADICIONAL / SABOR";"[GRUPO] Sabor Pequena 25cm";"38. Camarão aos 4 queijos";"Molho de tomate caseiro, mussarela, camarão, parmesão, provolone e catupiry.";"60,00";"Sim";"";"https://client-assets.anota.ai/produtos/67521dcc70782200190c87c5/-1737696390224blob"
"ADICIONAL / SABOR";"[GRUPO] Sabor Pequena 25cm";"39. Coração";"Molho de tomate caseiro, mussarela, coração, cebola e catupiry.";"56,00";"Sim";"";"https://client-assets.anota.ai/produtos/67606969295af30019b46262/-1734463468531blob"
"ADICIONAL / SABOR";"[GRUPO] Sabor Pequena 25cm";"4. Brócolis";"Molho de tomate caseiro, mussarela, brócolis, tomate, alho frito e orégano.";"40,00";"Sim";"";"https://client-assets.anota.ai/produtos/67521dcc70782200190c87c5/-1737694875750blob"
"ADICIONAL / SABOR";"[GRUPO] Sabor Pequena 25cm";"40. Champignon";"Molho de tomate caseiro, mussarela, champignon, catupiry e orégano.";"56,00";"Sim";"";"https://client-assets.anota.ai/produtos/67606969295af30019b46262/-1734463468531blob"
"ADICIONAL / SABOR";"[GRUPO] Sabor Pequena 25cm";"41. Filé ao alho";"Molho de tomate caseiro, mussarela, filé, alho frito e orégano.";"56,00";"Sim";"";"https://client-assets.anota.ai/produtos/67521dcc70782200190c87c5/-1737697069975blob"
"ADICIONAL / SABOR";"[GRUPO] Sabor Pequena 25cm";"42. Filé com fritas";"Molho de tomate caseiro, mussarela, tiras de carne, batata frita e orégano.";"56,00";"Sim";"";"https://client-assets.anota.ai/produtos/67521dcc70782200190c87c5/-1737697011792blob"
"ADICIONAL / SABOR";"[GRUPO] Sabor Pequena 25cm";"43. Filé com catupiry";"Molho de tomate caseiro, mussarela, tiras de carne e catupiry.";"56,00";"Sim";"";"https://client-assets.anota.ai/produtos/67606969295af30019b46262/-1734463468531blob"
"ADICIONAL / SABOR";"[GRUPO] Sabor Pequena 25cm";"44. Filé com cheddar";"Molho de tomate caseiro, mussarela, Filé e cheddar.";"56,00";"Sim";"";"https://client-assets.anota.ai/produtos/67606969295af30019b46262/-1734463468531blob"
"ADICIONAL / SABOR";"[GRUPO] Sabor Pequena 25cm";"45. Filé aos 4 queijos";"Molho de tomate caseiro, mussarela, provolone, parmesão, catupiry e filé.";"56,00";"Sim";"";"https://client-assets.anota.ai/produtos/67606969295af30019b46262/-1734463468531blob"
"ADICIONAL / SABOR";"[GRUPO] Sabor Pequena 25cm";"46. Filé aos 5 queijos";"Molho de tomate caseiro, mussarela, provolone, parmesão, catupiry, cheddar e filé.";"56,00";"Sim";"";"https://client-assets.anota.ai/produtos/67606969295af30019b46262/-1734463468531blob"
"ADICIONAL / SABOR";"[GRUPO] Sabor Pequena 25cm";"47. Filé com tomate";"Molho de tomate caseiro, mussarela, filé e tomate.";"56,00";"Sim";"";"https://client-assets.anota.ai/produtos/67606969295af30019b46262/-1734463468531blob"
"ADICIONAL / SABOR";"[GRUPO] Sabor Pequena 25cm";"48. Mexicana";"Molho de tomate caseiro, mussarela, iscas de carne, cheddar, cebola e nachos.";"56,00";"Sim";"";"https://client-assets.anota.ai/produtos/67606969295af30019b46262/-1734463468531blob"
"ADICIONAL / SABOR";"[GRUPO] Sabor Pequena 25cm";"49. Moda da casa";"Molho de tomate caseiro, mussarela, frango, palmito, bacon, milho, azeitona, catupiry e orégano. ";"56,00";"Sim";"";"https://client-assets.anota.ai/produtos/67606969295af30019b46262/-1734463468531blob"
"ADICIONAL / SABOR";"[GRUPO] Sabor Pequena 25cm";"5. Brócolis com bacon";"Molho de tomate caseiro, mussarela, brócolis, bacon, tomate, alho frito e orégano. ";"40,00";"Sim";"";"https://client-assets.anota.ai/produtos/67521dcc70782200190c87c5/-1737695214279blob"
"ADICIONAL / SABOR";"[GRUPO] Sabor Pequena 25cm";"50. Palmito";"Molho de tomate caseiro, mussarela, Palmito e orégano.";"56,00";"Sim";"";"https://client-assets.anota.ai/produtos/67521dcc70782200190c87c5/-1737697259780blob"
"ADICIONAL / SABOR";"[GRUPO] Sabor Pequena 25cm";"51. Pepperoni";"Molho de tomate caseiro, mussarela, pepperoni e orégano. ";"56,00";"Sim";"";"https://client-assets.anota.ai/produtos/67521dcc70782200190c87c5/-1737696842466blob"
"ADICIONAL / SABOR";"[GRUPO] Sabor Pequena 25cm";"52. Rúcula com tomate seco";"Molho de tomate caseiro, mussarela, tomate seco, rúcula e orégano.";"56,00";"Sim";"";"https://client-assets.anota.ai/produtos/67521dcc70782200190c87c5/-1737696604432blob"
"ADICIONAL / SABOR";"[GRUPO] Sabor Pequena 25cm";"53. Siciliana";"Molho de tomate caseiro, mussarela, bacon, champignon, catupiry e orégano.";"56,00";"Sim";"";"https://client-assets.anota.ai/produtos/67521dcc70782200190c87c5/-1737696739414blob"
"ADICIONAL / SABOR";"[GRUPO] Sabor Pequena 25cm";"54. Strogonoff de carne";"Molho de tomate caseiro, mussarela, strogonoff de carne e batata palha.";"56,00";"Sim";"";"https://client-assets.anota.ai/produtos/67521dcc70782200190c87c5/-1737696784707blob"
"ADICIONAL / SABOR";"[GRUPO] Sabor Pequena 25cm";"55. Strogonoff de frango";"Molho de tomate caseiro, mussarela, strogonoff de frango e batata palha.";"56,00";"Sim";"";"https://client-assets.anota.ai/produtos/67606969295af30019b46262/-1734463468531blob"
"ADICIONAL / SABOR";"[GRUPO] Sabor Pequena 25cm";"56. 4 Queijos";"Molho de tomate caseiro, mussrela, Parmesão, provolone, catupiry e orégano. ";"56,00";"Sim";"";"https://client-assets.anota.ai/produtos/67521dcc70782200190c87c5/-1737696672530blob"
"ADICIONAL / SABOR";"[GRUPO] Sabor Pequena 25cm";"57. 5 Queijos";"Molho de tomate caseiro, mussarela, provolone, parmesão, catupiry, cheddar e orégano. ";"56,00";"Sim";"";"https://client-assets.anota.ai/produtos/67521dcc70782200190c87c5/-1737696892883blob"
"ADICIONAL / SABOR";"[GRUPO] Sabor Pequena 25cm";"58. 6 Queijos";"Molho de tomate caseiro, mussarela, provolone, parmesão, gorgonzola, catupiry, cheddar e orégano.";"56,00";"Sim";"";"https://client-assets.anota.ai/produtos/67606969295af30019b46262/-1734463468531blob"
"ADICIONAL / SABOR";"[GRUPO] Sabor Pequena 25cm";"59. 4 Queijos com bacon";"Molho de tomate caseiro, mussarela, provolone, parmesão, catupiry, bacon e orégano. ";"56,00";"Sim";"";"https://client-assets.anota.ai/produtos/67606969295af30019b46262/-1734463468531blob"
"ADICIONAL / SABOR";"[GRUPO] Sabor Pequena 25cm";"6. Brócolis com bacon e catupiry";"Molho de tomate caseiro, mussarela, brócolis, bacon e catupiry";"40,00";"Sim";"";"https://client-assets.anota.ai/produtos/67606969295af30019b46262/-1734463468531blob"
"ADICIONAL / SABOR";"[GRUPO] Sabor Pequena 25cm";"60. 5 Queijos com bacon";"Molho de tomate caseiro, mussarela, parmesão, provolone, catupiry, cheddar, bacon e orégano.";"56,00";"Sim";"";"https://client-assets.anota.ai/produtos/67606969295af30019b46262/-1734463468531blob"
"ADICIONAL / SABOR";"[GRUPO] Sabor Pequena 25cm";"61. 6 Queijos com bacon";"Molho de tomate caseiro, mussarela, provolone, parmesão, gorgonzola, catupiry, cheddar e orégano. ";"56,00";"Sim";"";"https://client-assets.anota.ai/produtos/67606969295af30019b46262/-1734463468531blob"
"ADICIONAL / SABOR";"[GRUPO] Sabor Pequena 25cm";"62. Banana com chocolate preto e leite condensado. ";"Mussarela, banana, chocolate preto e leite condensado.";"40,00";"Sim";"";"https://client-assets.anota.ai/produtos/67434555cd292c0012cd3b27/-1734530628834blob"
"ADICIONAL / SABOR";"[GRUPO] Sabor Pequena 25cm";"63. Banana com canela";"Mussarela, banana, açúcar, canela e leite condensado";"40,00";"Sim";"";"https://client-assets.anota.ai/produtos/67434555cd292c0012cd3b27/-1734530628834blob"
"ADICIONAL / SABOR";"[GRUPO] Sabor Pequena 25cm";"64. Banana leite ninho e chocolate ao leite";"Banana com leite ninho, chocolate ao leite e leite condensado. ";"40,00";"Sim";"";"https://client-assets.anota.ai/produtos/67434555cd292c0012cd3b27/-1734530628834blob"
"ADICIONAL / SABOR";"[GRUPO] Sabor Pequena 25cm";"65. Banana leite ninho e leite condensado";"";"40,00";"Sim";"";"https://client-assets.anota.ai/produtos/67434555cd292c0012cd3b27/-1734530628834blob"
"ADICIONAL / SABOR";"[GRUPO] Sabor Pequena 25cm";"66. Brigadeiro";"Chocolate preto e granulado";"40,00";"Sim";"";"https://client-assets.anota.ai/produtos/67434555cd292c0012cd3b27/-1734530628834blob"
"ADICIONAL / SABOR";"[GRUPO] Sabor Pequena 25cm";"67. Chocolate branco";"Mussarela, chocolate branco e leite condensado. ";"40,00";"Sim";"";"https://client-assets.anota.ai/produtos/67434555cd292c0012cd3b27/-1734530628834blob"
"ADICIONAL / SABOR";"[GRUPO] Sabor Pequena 25cm";"68. Bem casado";"Mussarela, chocolate preto, chocolate branco e leite condensado";"40,00";"Sim";"";"https://client-assets.anota.ai/produtos/67434555cd292c0012cd3b27/-1734530628834blob"
"ADICIONAL / SABOR";"[GRUPO] Sabor Pequena 25cm";"69. Califórnia";"Mussarela, abacaxi, pêssego, figo, açúcar, canela e leite condensado";"56,00";"Sim";"";"https://client-assets.anota.ai/produtos/67434555cd292c0012cd3b27/-1734530628834blob"
"ADICIONAL / SABOR";"[GRUPO] Sabor Pequena 25cm";"7. Bacon";"Molho de tomate caseiro, mussarela, bacon e orégano.";"40,00";"Sim";"";"https://client-assets.anota.ai/produtos/67606969295af30019b46262/-1734463468531blob"
"ADICIONAL / SABOR";"[GRUPO] Sabor Pequena 25cm";"70. Confeti";"Mussarela, chocolate preto, confeti e leite condensado.";"40,00";"Sim";"";"https://client-assets.anota.ai/produtos/67521dcc70782200190c87c5/-1748755908566blob"
"ADICIONAL / SABOR";"[GRUPO] Sabor Pequena 25cm";"71. Charge";"Mussarela, chocolate preto, amendoim e leite condensado";"40,00";"Sim";"";"https://client-assets.anota.ai/produtos/67434555cd292c0012cd3b27/-1734530628834blob"
"ADICIONAL / SABOR";"[GRUPO] Sabor Pequena 25cm";"72. Charge branco";"Mussarela, chocolate branco, amendoim e leite condensado";"40,00";"Sim";"";"https://client-assets.anota.ai/produtos/67434555cd292c0012cd3b27/-1734530628834blob"
"ADICIONAL / SABOR";"[GRUPO] Sabor Pequena 25cm";"73. Chocolate preto";"Mussarela, chocolate preto e leite condensado. ";"40,00";"Sim";"";"https://client-assets.anota.ai/produtos/67521dcc70782200190c87c5/-1747415352983blob"
"ADICIONAL / SABOR";"[GRUPO] Sabor Pequena 25cm";"74. Prestigio";"Mussarela, chocolate preto, coco ralado e leite condensado";"40,00";"Sim";"";"https://client-assets.anota.ai/produtos/67434555cd292c0012cd3b27/-1734530628834blob"
"ADICIONAL / SABOR";"[GRUPO] Sabor Pequena 25cm";"75. Prestigio branco";"Mussarela, chocolate branco, coco ralado e leite condensado";"40,00";"Sim";"";"https://client-assets.anota.ai/produtos/67521dcc70782200190c87c5/-1747415797150blob"
"ADICIONAL / SABOR";"[GRUPO] Sabor Pequena 25cm";"76. Romeu e julieta";"Mussarela e goiabada";"40,00";"Sim";"";"https://client-assets.anota.ai/produtos/67434555cd292c0012cd3b27/-1734530628834blob"
"ADICIONAL / SABOR";"[GRUPO] Sabor Pequena 25cm";"77. Abacaxí com coco";"Mussarela, abacaxí picado, coco ralado, chocolate branco e leite condensado";"56,00";"Sim";"";"https://client-assets.anota.ai/produtos/67434555cd292c0012cd3b27/-1734530628834blob"
"ADICIONAL / SABOR";"[GRUPO] Sabor Pequena 25cm";"78. Banana nevada";"Mussarela, banana, canela, chocolate branco e leite condensado. ";"55,00";"Sim";"";"https://client-assets.anota.ai/produtos/67521dcc70782200190c87c5/-1737698403341blob"
"ADICIONAL / SABOR";"[GRUPO] Sabor Pequena 25cm";"79. Banoffe";"Mussarela banana, canela e doce de leite";"55,00";"Sim";"";"https://client-assets.anota.ai/produtos/67434555cd292c0012cd3b27/-1734530628834blob"
"ADICIONAL / SABOR";"[GRUPO] Sabor Pequena 25cm";"8. Bacon com abacaxi";"Molho caseiro, mussarela, bacon e abacaxi.";"40,00";"Sim";"";"https://client-assets.anota.ai/produtos/67606969295af30019b46262/-1734463468531blob"
"ADICIONAL / SABOR";"[GRUPO] Sabor Pequena 25cm";"80. Sensação";"Mussarela, chocolate preto, morango e leite condensado";"55,00";"Sim";"";"https://client-assets.anota.ai/produtos/67521dcc70782200190c87c5/-1747415228884blob"
"ADICIONAL / SABOR";"[GRUPO] Sabor Pequena 25cm";"81. Sensação branca";"Mussarela, chocolate branco, morango e leite condensado";"55,00";"Sim";"";"https://client-assets.anota.ai/produtos/67521dcc70782200190c87c5/-1747415101011blob"
"ADICIONAL / SABOR";"[GRUPO] Sabor Pequena 25cm";"82. Sonho de valsa";"Mussarela, chocolate preto, bombom sonho de valsa e leite condensado";"55,00";"Sim";"";"https://client-assets.anota.ai/produtos/67434555cd292c0012cd3b27/-1734530628834blob"
"ADICIONAL / SABOR";"[GRUPO] Sabor Pequena 25cm";"83. Óreo";"Mussarela, chocolate branco, biscoito óreo e leite condensado";"55,00";"Sim";"";"https://client-assets.anota.ai/produtos/67521dcc70782200190c87c5/-1737698720390blob"
"ADICIONAL / SABOR";"[GRUPO] Sabor Pequena 25cm";"9. Baiana";"Molho de tomate caseiro, mussarela, calabresa, cebola, pimenta calabresa, azeitonas verde e orégano.";"40,00";"Sim";"";"https://client-assets.anota.ai/produtos/67606969295af30019b46262/-1734463468531blob"
"ADICIONAL / SABOR";"[GRUPO] Sabor Pequena 25cm";"BARBECUE";"Molho de tomate caseiro, mussarela, lombo ao molho Barbecue e orégano.";"56,00";"Sim";"";""
"ADICIONAL / SABOR";"[GRUPO] Sabor Pequena 25cm";"CATUPERU";"Molho de tomate caseiro, mussarela, peito de peru, catupiry e orégano.";"40,00";"Sim";"";""
"ADICIONAL / SABOR";"[GRUPO] Sabor Pequena 25cm";"CHOCOLATE BRANCO COM NOZES";"Mussarela, chocolate branco, nozes e leite condensado. ";"56,00";"Sim";"";""
"ADICIONAL / SABOR";"[GRUPO] Sabor Pequena 25cm";"FLORESTA NEGRA";"Chocolate preto e cerejas.";"56,00";"Sim";"";""
"ADICIONAL / SABOR";"[GRUPO] Sabor Pequena 25cm";"FUGAZZETA";"Molho de tomate caseiro, mussarela, cebola, azeitonas verdes e orégano.";"40,00";"Sim";"";""
"ADICIONAL / SABOR";"[GRUPO] Sabor Pequena 25cm";"GAÚCHA";"Molho de tomate caseiro, mussarela, filé, cebola, pimentão, tomate, barbecue e orégano.";"56,00";"Sim";"";""
"ADICIONAL / SABOR";"[GRUPO] Sabor Pequena 25cm";"ITALIAN ";"Molho de tomate caseiro, mussarela, salame, tomate, azeitonas pretas e orégano.   ";"56,00";"Sim";"";""
"ADICIONAL / SABOR";"[GRUPO] Sabor Pequena 25cm";"LA CANTINA";"Molho de tomate caseiro, mussarela, tomate seco, manjericão, champignon, azeitonas pretas e orégano.";"56,00";"Sim";"";""
"ADICIONAL / SABOR";"[GRUPO] Sabor Pequena 25cm";"LINGUIÇA BLUMENAU";"Molho de tomate caseiro, linguiça Blumenau, mussarela, catupiry e orégano.";"56,00";"Sim";"";""
"ADICIONAL / SABOR";"[GRUPO] Sabor Pequena 25cm";"NORDESTINA ";" Molho de tomate caseiro, carne seca, cebola roxa, catupiry, mussarela, pimenta biquinho e orégano. ";"56,00";"Sim";"";""
"ADICIONAL / SABOR";"[GRUPO] Sabor Pequena 25cm";"PRESUNTO E QUEIJO (MODA ARGENTINA)";"Molho de tomate caseiro, mussarela, presunto e orégano.";"40,00";"Sim";"";""
"ADICIONAL / SABOR";"[GRUPO] Sabor Pequena 25cm";"PRIMAVERA";"Palmito, ervilha e ovos de codorna.";"56,00";"Sim";"";""
"ADICIONAL / SABOR";"[GRUPO] Sabor Pequena 25cm";"SPECIALE";" Molho de tomate caseiro, mussarela, anéis de cebola na manteiga, salsinha e orégano. ";"56,00";"Sim";"";""
"ADICIONAL / SABOR";"[GRUPO] Sabor Pequena 25cm";"TOSCANA";"Molho de tomate caseiro, mussarela, salame, provolone, manjericão e oregano.";"56,00";"Sim";"";""
"ADICIONAL / SABOR";"[GRUPO] Sabor Média 30cm";"1. Alho e óleo";"Molho de tomate caseiro, mussarela, alho frito e azeitonas pretas e orégano. ";"55,00";"Sim";"";"https://client-assets.anota.ai/produtos/67521dcc70782200190c87c5/-1737694644503blob"
"ADICIONAL / SABOR";"[GRUPO] Sabor Média 30cm";"10. Bauru";"Molho de tomate caseiro, mussarela, presunto, tomate e orégano.";"55,00";"Sim";"";"https://client-assets.anota.ai/produtos/67521dcc70782200190c87c5/-1737695122243blob"
"ADICIONAL / SABOR";"[GRUPO] Sabor Média 30cm";"11. Calabresa";"Molho de tomate caseiro, mussarela, calabresa e orégano. ";"55,00";"Sim";"";"https://client-assets.anota.ai/produtos/67521dcc70782200190c87c5/-1737695269496blob"
"ADICIONAL / SABOR";"[GRUPO] Sabor Média 30cm";"12. Calabresa com cebola";"Molho de tomate caseiro, mussarela, calabresa, cebola e orégano.";"55,00";"Sim";"";"https://client-assets.anota.ai/produtos/67521dcc70782200190c87c5/-1737695778147blob"
"ADICIONAL / SABOR";"[GRUPO] Sabor Média 30cm";"13. Calabresa especial";"Molho de tomate caseiro, mussarela, calabresa, cebola, catupiry e ovos.";"55,00";"Sim";"";"https://client-assets.anota.ai/produtos/67606969295af30019b46262/-1734463468531blob"
"ADICIONAL / SABOR";"[GRUPO] Sabor Média 30cm";"14. Catulabresa";"Molho de tomate caseiro, mussarela, calabresa e catupiry.";"55,00";"Sim";"";"https://client-assets.anota.ai/produtos/67606969295af30019b46262/-1734463468531blob"
"ADICIONAL / SABOR";"[GRUPO] Sabor Média 30cm";"15. Canadense";"Molho de tomate caseiro, mussarela, lombo canadense, catupiry e orégano.";"55,00";"Sim";"";"https://client-assets.anota.ai/produtos/67521dcc70782200190c87c5/-1737695323565blob"
"ADICIONAL / SABOR";"[GRUPO] Sabor Média 30cm";"16. Carbonara";"Molho de tomate caseiro, mussarela, Bacon, ovos e creme de leite";"55,00";"Sim";"";"https://client-assets.anota.ai/produtos/67606969295af30019b46262/-1734463468531blob"
"ADICIONAL / SABOR";"[GRUPO] Sabor Média 30cm";"17. Crocante";"Molho de tomate caseiro, mussarela, bacon, batata palha e orégano. ";"55,00";"Sim";"";"https://client-assets.anota.ai/produtos/67521dcc70782200190c87c5/-1737695399619blob"
"ADICIONAL / SABOR";"[GRUPO] Sabor Média 30cm";"18. Difiori";"Molho de tomate caseiro, mussarela, frango, bacon, tomate e creme de leite";"55,00";"Sim";"";"https://client-assets.anota.ai/produtos/67606969295af30019b46262/-1734463468531blob"
"ADICIONAL / SABOR";"[GRUPO] Sabor Média 30cm";"19. Frango catupiry";"Molho de tomate caseiro, mussarela, frango com catupiry e orégano.";"55,00";"Sim";"";"https://client-assets.anota.ai/produtos/67521dcc70782200190c87c5/-1737696013237blob"
"ADICIONAL / SABOR";"[GRUPO] Sabor Média 30cm";"2. Alhobresa";"Molho de tomate caseiro, mussarela, calabresa, alho e orégano. ";"55,00";"Sim";"";"https://client-assets.anota.ai/produtos/67606969295af30019b46262/-1734463468531blob"
"ADICIONAL / SABOR";"[GRUPO] Sabor Média 30cm";"20. Frango caipira";"Molho de tomate caseiro, mussarela, frango, milho, bacon, catupiry e orégano.";"55,00";"Sim";"";"https://client-assets.anota.ai/produtos/67521dcc70782200190c87c5/-1737696152259blob"
"ADICIONAL / SABOR";"[GRUPO] Sabor Média 30cm";"21. Fricasse";"Molho de tomate caseiro, mussarela, frango, milho, creme de leite e batata palha.";"55,00";"Sim";"";"https://client-assets.anota.ai/produtos/67606969295af30019b46262/-1734463468531blob"
"ADICIONAL / SABOR";"[GRUPO] Sabor Média 30cm";"22. Havaiana";"Molho de tomate caseiro, mussarela, lombo canadense, abacaxi e orégano.";"55,00";"Sim";"";"https://client-assets.anota.ai/produtos/67521dcc70782200190c87c5/-1737695866889blob"
"ADICIONAL / SABOR";"[GRUPO] Sabor Média 30cm";"23. Italiana";"Molho de tomate caseiro, mussarela, presunto, bacon, milho, palmito e orégano.";"55,00";"Sim";"";"https://client-assets.anota.ai/produtos/67606969295af30019b46262/-1734463468531blob"
"ADICIONAL / SABOR";"[GRUPO] Sabor Média 30cm";"24. La torre";"Molho de tomate caseiro, mussarela, lombo canadense, palmito e creme de leite.";"55,00";"Sim";"";"https://client-assets.anota.ai/produtos/67606969295af30019b46262/-1734463468531blob"
"ADICIONAL / SABOR";"[GRUPO] Sabor Média 30cm";"25. Lombinho";"Molho de tomate caseiro, mussarela, lombo canadense, cebola e orégano.";"55,00";"Sim";"";"https://client-assets.anota.ai/produtos/67521dcc70782200190c87c5/-1737696261278blob"
"ADICIONAL / SABOR";"[GRUPO] Sabor Média 30cm";"26. Marguerita";"Molho de tomate caseiro, mussarela, tomate, manjericão, azeitonas pretas e orégano.";"55,00";"Sim";"";"https://client-assets.anota.ai/produtos/67521dcc70782200190c87c5/-1737696326540blob"
"ADICIONAL / SABOR";"[GRUPO] Sabor Média 30cm";"27. Milho com catupiry";"Molho de tomate caseiro, mussarela, milho e catupiry.";"55,00";"Sim";"";"https://client-assets.anota.ai/produtos/67606969295af30019b46262/-1734463468531blob"
"ADICIONAL / SABOR";"[GRUPO] Sabor Média 30cm";"28. Milho e bacon";"Molho de tomate caseiro, mussarela, milho e bacon.";"55,00";"Sim";"";"https://client-assets.anota.ai/produtos/67606969295af30019b46262/-1734463468531blob"
"ADICIONAL / SABOR";"[GRUPO] Sabor Média 30cm";"29. Mussarela";"Molho de tomate caseiro, mussarela, tomate, azeitonas verde e orégano.";"55,00";"Sim";"";"https://client-assets.anota.ai/produtos/67521dcc70782200190c87c5/-1737696954898blob"
"ADICIONAL / SABOR";"[GRUPO] Sabor Média 30cm";"3. Americana";"Molho de tomate caseiro, mussarela, milho, bacon, ovos e orégano. ";"55,00";"Sim";"";"https://client-assets.anota.ai/produtos/67606969295af30019b46262/-1734463468531blob"
"ADICIONAL / SABOR";"[GRUPO] Sabor Média 30cm";"30. Napolitana";"Molho de tomate caseiro, mussarela, tomate, provolone e orégano.";"55,00";"Sim";"";"https://client-assets.anota.ai/produtos/67606969295af30019b46262/-1734463468531blob"
"ADICIONAL / SABOR";"[GRUPO] Sabor Média 30cm";"31. Portuguesa";"Molho de tomate caseiro, mussarela, presunto, queijo, ovo, tomate, cebola, pimentão, azeitonas verde e orégano.";"55,00";"Sim";"";"https://client-assets.anota.ai/produtos/67521dcc70782200190c87c5/-1737698133288blob"
"ADICIONAL / SABOR";"[GRUPO] Sabor Média 30cm";"32. Vegetariana";"Molho de tomate caseiro, mussarela, palmito, milho, brócolis, tomate e orégano.";"55,00";"Sim";"";"https://client-assets.anota.ai/produtos/67521dcc70782200190c87c5/-1737697523613blob"
"ADICIONAL / SABOR";"[GRUPO] Sabor Média 30cm";"33. Veneza";"Molho de tomate caseiro, mussarela, lombo, bacon, ovos e orégano.";"55,00";"Sim";"";"https://client-assets.anota.ai/produtos/67521dcc70782200190c87c5/-1737697468914blob"
"ADICIONAL / SABOR";"[GRUPO] Sabor Média 30cm";"34. Verona";"Molho de tomate caseiro, mussarela, lombo canadense, palmito, milho, catupiry, alho frito e orégano. ";"55,00";"Sim";"";"https://client-assets.anota.ai/produtos/67521dcc70782200190c87c5/-1737697634118blob"
"ADICIONAL / SABOR";"[GRUPO] Sabor Média 30cm";"35. Atum";"Molho de tomate caseiro, mussarela, atum, cebola, catupiry e orégano. +";"71,00";"Sim";"";"https://client-assets.anota.ai/produtos/67521dcc70782200190c87c5/-1737696503697blob"
"ADICIONAL / SABOR";"[GRUPO] Sabor Média 30cm";"36. Bolonhesa";"Molho de tomate caseiro, mussarela, carne moída, cebola, tomate e pimentão.";"71,00";"Sim";"";"https://client-assets.anota.ai/produtos/67606969295af30019b46262/-1734463468531blob"
"ADICIONAL / SABOR";"[GRUPO] Sabor Média 30cm";"37. Camarão alho e óleo";"Molho de tomate caseiro, mussarela, camarão ao alho e óleo e orégano.";"75,00";"Sim";"";"https://client-assets.anota.ai/produtos/67521dcc70782200190c87c5/-1737696442271blob"
"ADICIONAL / SABOR";"[GRUPO] Sabor Média 30cm";"38. Camarão aos 4 queijos";"Molho de tomate caseiro, mussarela, camarão, parmesão, provolone e catupiry.";"75,00";"Sim";"";"https://client-assets.anota.ai/produtos/67521dcc70782200190c87c5/-1737696390224blob"
"ADICIONAL / SABOR";"[GRUPO] Sabor Média 30cm";"39. Coração";"Molho de tomate caseiro, mussarela, coração, cebola e catupiry.";"71,00";"Sim";"";"https://client-assets.anota.ai/produtos/67606969295af30019b46262/-1734463468531blob"
"ADICIONAL / SABOR";"[GRUPO] Sabor Média 30cm";"4. Brócolis";"Molho de tomate caseiro, mussarela, brócolis, tomate, alho frito e orégano.";"55,00";"Sim";"";"https://client-assets.anota.ai/produtos/67521dcc70782200190c87c5/-1737694875750blob"
"ADICIONAL / SABOR";"[GRUPO] Sabor Média 30cm";"40. Champignon";"Molho de tomate caseiro, mussarela, champignon, catupiry e orégano.";"71,00";"Sim";"";"https://client-assets.anota.ai/produtos/67606969295af30019b46262/-1734463468531blob"
"ADICIONAL / SABOR";"[GRUPO] Sabor Média 30cm";"41. Filé ao alho";"Molho de tomate caseiro, mussarela, filé, alho frito e orégano.";"71,00";"Sim";"";"https://client-assets.anota.ai/produtos/67521dcc70782200190c87c5/-1737697069975blob"
"ADICIONAL / SABOR";"[GRUPO] Sabor Média 30cm";"42. Filé com fritas";"Molho de tomate caseiro, mussarela, tiras de carne, batata frita e orégano.";"71,00";"Sim";"";"https://client-assets.anota.ai/produtos/67521dcc70782200190c87c5/-1737697011792blob"
"ADICIONAL / SABOR";"[GRUPO] Sabor Média 30cm";"43. Filé com catupiry";"Molho de tomate caseiro, mussarela, tiras de carne e catupiry.";"71,00";"Sim";"";"https://client-assets.anota.ai/produtos/67606969295af30019b46262/-1734463468531blob"
"ADICIONAL / SABOR";"[GRUPO] Sabor Média 30cm";"44. Filé com cheddar";"Molho de tomate caseiro, mussarela, Filé e cheddar.";"71,00";"Sim";"";"https://client-assets.anota.ai/produtos/67606969295af30019b46262/-1734463468531blob"
"ADICIONAL / SABOR";"[GRUPO] Sabor Média 30cm";"45. Filé aos 4 queijos";"Molho de tomate caseiro, mussarela, provolone, parmesão, catupiry e filé.";"71,00";"Sim";"";"https://client-assets.anota.ai/produtos/67606969295af30019b46262/-1734463468531blob"
"ADICIONAL / SABOR";"[GRUPO] Sabor Média 30cm";"46. Filé aos 5 queijos";"Molho de tomate caseiro, mussarela, provolone, parmesão, catupiry, cheddar e filé.";"71,00";"Sim";"";"https://client-assets.anota.ai/produtos/67606969295af30019b46262/-1734463468531blob"
"ADICIONAL / SABOR";"[GRUPO] Sabor Média 30cm";"47. Filé com tomate";"Molho de tomate caseiro, mussarela, filé e tomate.";"71,00";"Sim";"";"https://client-assets.anota.ai/produtos/67606969295af30019b46262/-1734463468531blob"
"ADICIONAL / SABOR";"[GRUPO] Sabor Média 30cm";"48. Mexicana";"Molho de tomate caseiro, mussarela, iscas de carne, cheddar, cebola e nachos.";"71,00";"Sim";"";"https://client-assets.anota.ai/produtos/67606969295af30019b46262/-1734463468531blob"
"ADICIONAL / SABOR";"[GRUPO] Sabor Média 30cm";"49. Moda da casa";"Molho de tomate caseiro, mussarela, frango, palmito, bacon, milho, azeitona, catupiry e orégano. ";"71,00";"Sim";"";"https://client-assets.anota.ai/produtos/67606969295af30019b46262/-1734463468531blob"
"ADICIONAL / SABOR";"[GRUPO] Sabor Média 30cm";"5. Brócolis com bacon";"Molho de tomate caseiro, mussarela, brócolis, bacon, tomate, alho frito e orégano. ";"55,00";"Sim";"";"https://client-assets.anota.ai/produtos/67521dcc70782200190c87c5/-1737695214279blob"
"ADICIONAL / SABOR";"[GRUPO] Sabor Média 30cm";"50. Palmito";"Molho de tomate caseiro, mussarela, Palmito e orégano.";"71,00";"Sim";"";"https://client-assets.anota.ai/produtos/67521dcc70782200190c87c5/-1737697259780blob"
"ADICIONAL / SABOR";"[GRUPO] Sabor Média 30cm";"51. Pepperoni";"Molho de tomate caseiro, mussarela, pepperoni e orégano. ";"71,00";"Sim";"";"https://client-assets.anota.ai/produtos/67521dcc70782200190c87c5/-1737696842466blob"
"ADICIONAL / SABOR";"[GRUPO] Sabor Média 30cm";"52. Rúcula com tomate seco";"Molho de tomate caseiro, mussarela, tomate seco, rúcula e orégano.";"71,00";"Sim";"";"https://client-assets.anota.ai/produtos/67521dcc70782200190c87c5/-1737696604432blob"
"ADICIONAL / SABOR";"[GRUPO] Sabor Média 30cm";"53. Siciliana";"Molho de tomate caseiro, mussarela, bacon, champignon, catupiry e orégano.";"71,00";"Sim";"";"https://client-assets.anota.ai/produtos/67521dcc70782200190c87c5/-1737696739414blob"
"ADICIONAL / SABOR";"[GRUPO] Sabor Média 30cm";"54. Strogonoff de carne";"Molho de tomate caseiro, mussarela, strogonoff de carne e batata palha.";"71,00";"Sim";"";"https://client-assets.anota.ai/produtos/67521dcc70782200190c87c5/-1737696784707blob"
"ADICIONAL / SABOR";"[GRUPO] Sabor Média 30cm";"55. Strogonoff de frango";"Molho de tomate caseiro, mussarela, strogonoff de frango e batata palha.";"71,00";"Sim";"";"https://client-assets.anota.ai/produtos/67606969295af30019b46262/-1734463468531blob"
"ADICIONAL / SABOR";"[GRUPO] Sabor Média 30cm";"56. 4 Queijos";"Molho de tomate caseiro, mussrela, Parmesão, provolone, catupiry e orégano. ";"71,00";"Sim";"";"https://client-assets.anota.ai/produtos/67521dcc70782200190c87c5/-1737696672530blob"
"ADICIONAL / SABOR";"[GRUPO] Sabor Média 30cm";"57. 5 Queijos";"Molho de tomate caseiro, mussarela, provolone, parmesão, catupiry, cheddar e orégano. ";"71,00";"Sim";"";"https://client-assets.anota.ai/produtos/67521dcc70782200190c87c5/-1737696892883blob"
"ADICIONAL / SABOR";"[GRUPO] Sabor Média 30cm";"58. 6 Queijos";"Molho de tomate caseiro, mussarela, provolone, parmesão, gorgonzola, catupiry, cheddar e orégano.";"71,00";"Sim";"";"https://client-assets.anota.ai/produtos/67606969295af30019b46262/-1734463468531blob"
"ADICIONAL / SABOR";"[GRUPO] Sabor Média 30cm";"59. 4 Queijos com bacon";"Molho de tomate caseiro, mussarela, provolone, parmesão, catupiry, bacon e orégano. ";"71,00";"Sim";"";"https://client-assets.anota.ai/produtos/67606969295af30019b46262/-1734463468531blob"
"ADICIONAL / SABOR";"[GRUPO] Sabor Média 30cm";"6. Brócolis com bacon e catupiry";"Molho de tomate caseiro, mussarela, brócolis, bacon e catupiry";"55,00";"Sim";"";"https://client-assets.anota.ai/produtos/67606969295af30019b46262/-1734463468531blob"
"ADICIONAL / SABOR";"[GRUPO] Sabor Média 30cm";"60. 5 Queijos com bacon";"Molho de tomate caseiro, mussarela, parmesão, provolone, catupiry, cheddar, bacon e orégano.";"71,00";"Sim";"";"https://client-assets.anota.ai/produtos/67606969295af30019b46262/-1734463468531blob"
"ADICIONAL / SABOR";"[GRUPO] Sabor Média 30cm";"61. 6 Queijos com bacon";"Molho de tomate caseiro, mussarela, provolone, parmesão, gorgonzola, catupiry, cheddar e orégano. ";"71,00";"Sim";"";"https://client-assets.anota.ai/produtos/67606969295af30019b46262/-1734463468531blob"
"ADICIONAL / SABOR";"[GRUPO] Sabor Média 30cm";"62. Banana com chocolate preto e leite condensado. ";"Mussarela, banana, chocolate preto e leite condensado.";"55,00";"Sim";"";"https://client-assets.anota.ai/produtos/67434555cd292c0012cd3b27/-1734530628834blob"
"ADICIONAL / SABOR";"[GRUPO] Sabor Média 30cm";"63. Banana com canela";"Mussarela, banana, açúcar, canela e leite condensado";"55,00";"Sim";"";"https://client-assets.anota.ai/produtos/67434555cd292c0012cd3b27/-1734530628834blob"
"ADICIONAL / SABOR";"[GRUPO] Sabor Média 30cm";"64. Banana leite ninho e chocolate ao leite";"Banana com leite ninho, chocolate ao leite e leite condensado. ";"55,00";"Sim";"";"https://client-assets.anota.ai/produtos/67434555cd292c0012cd3b27/-1734530628834blob"
"ADICIONAL / SABOR";"[GRUPO] Sabor Média 30cm";"65. Banana leite ninho e leite condensado";"";"64,00";"Sim";"";"https://client-assets.anota.ai/produtos/67434555cd292c0012cd3b27/-1734530628834blob"
"ADICIONAL / SABOR";"[GRUPO] Sabor Média 30cm";"66. Brigadeiro";"Chocolate preto e granulado";"0,00";"Sim";"";"https://client-assets.anota.ai/produtos/67434555cd292c0012cd3b27/-1734530628834blob"
"ADICIONAL / SABOR";"[GRUPO] Sabor Média 30cm";"67. Chocolate branco";"Mussarela, chocolate branco e leite condensado. ";"55,00";"Sim";"";"https://client-assets.anota.ai/produtos/67434555cd292c0012cd3b27/-1734530628834blob"
"ADICIONAL / SABOR";"[GRUPO] Sabor Média 30cm";"68. Bem casado";"Mussarela, chocolate preto, chocolate branco e leite condensado";"55,00";"Sim";"";"https://client-assets.anota.ai/produtos/67434555cd292c0012cd3b27/-1734530628834blob"
"ADICIONAL / SABOR";"[GRUPO] Sabor Média 30cm";"69. Califórnia";"Mussarela, abacaxi, pêssego, figo, açúcar, canela e leite condensado";"71,00";"Sim";"";"https://client-assets.anota.ai/produtos/67434555cd292c0012cd3b27/-1734530628834blob"
"ADICIONAL / SABOR";"[GRUPO] Sabor Média 30cm";"7. Bacon";"Molho de tomate caseiro, mussarela, bacon e orégano.";"55,00";"Sim";"";"https://client-assets.anota.ai/produtos/67606969295af30019b46262/-1734463468531blob"
"ADICIONAL / SABOR";"[GRUPO] Sabor Média 30cm";"70. Confeti";"Mussarela, chocolate preto, confeti e leite condensado.";"55,00";"Sim";"";"https://client-assets.anota.ai/produtos/67521dcc70782200190c87c5/-1748755908566blob"
"ADICIONAL / SABOR";"[GRUPO] Sabor Média 30cm";"71. Charge";"Mussarela, chocolate preto, amendoim e leite condensado";"55,00";"Sim";"";"https://client-assets.anota.ai/produtos/67434555cd292c0012cd3b27/-1734530628834blob"
"ADICIONAL / SABOR";"[GRUPO] Sabor Média 30cm";"72. Charge branco";"Mussarela, chocolate branco, amendoim e leite condensado";"55,00";"Sim";"";"https://client-assets.anota.ai/produtos/67434555cd292c0012cd3b27/-1734530628834blob"
"ADICIONAL / SABOR";"[GRUPO] Sabor Média 30cm";"73. Chocolate preto";"Mussarela, chocolate preto e leite condensado. ";"55,00";"Sim";"";"https://client-assets.anota.ai/produtos/67521dcc70782200190c87c5/-1747415352983blob"
"ADICIONAL / SABOR";"[GRUPO] Sabor Média 30cm";"74. Prestigio";"Mussarela, chocolate preto, coco ralado e leite condensado";"55,00";"Sim";"";"https://client-assets.anota.ai/produtos/67434555cd292c0012cd3b27/-1734530628834blob"
"ADICIONAL / SABOR";"[GRUPO] Sabor Média 30cm";"75. Prestigio branco";"Mussarela, chocolate branco, coco ralado e leite condensado";"55,00";"Sim";"";"https://client-assets.anota.ai/produtos/67521dcc70782200190c87c5/-1747415797150blob"
"ADICIONAL / SABOR";"[GRUPO] Sabor Média 30cm";"76. Romeu e julieta";"Mussarela e goiabada";"55,00";"Sim";"";"https://client-assets.anota.ai/produtos/67434555cd292c0012cd3b27/-1734530628834blob"
"ADICIONAL / SABOR";"[GRUPO] Sabor Média 30cm";"77. Abacaxí com coco";"Mussarela, abacaxí picado, coco ralado, chocolate branco e leite condensado";"71,00";"Sim";"";"https://client-assets.anota.ai/produtos/67434555cd292c0012cd3b27/-1734530628834blob"
"ADICIONAL / SABOR";"[GRUPO] Sabor Média 30cm";"78. Banana nevada";"Mussarela, banana, canela, chocolate branco e leite condensado. ";"71,00";"Sim";"";"https://client-assets.anota.ai/produtos/67521dcc70782200190c87c5/-1737698403341blob"
"ADICIONAL / SABOR";"[GRUPO] Sabor Média 30cm";"79. Banoffe";"Mussarela banana, canela e doce de leite";"71,00";"Sim";"";"https://client-assets.anota.ai/produtos/67434555cd292c0012cd3b27/-1734530628834blob"
"ADICIONAL / SABOR";"[GRUPO] Sabor Média 30cm";"8. Bacon com abacaxi";"Molho caseiro, mussarela, bacon e abacaxi.";"55,00";"Sim";"";"https://client-assets.anota.ai/produtos/67606969295af30019b46262/-1734463468531blob"
"ADICIONAL / SABOR";"[GRUPO] Sabor Média 30cm";"80. Sensação";"Mussarela, chocolate preto, morango e leite condensado";"71,00";"Sim";"";"https://client-assets.anota.ai/produtos/67521dcc70782200190c87c5/-1747415228884blob"
"ADICIONAL / SABOR";"[GRUPO] Sabor Média 30cm";"81. Sensação branca";"Mussarela, chocolate branco, morango e leite condensado";"71,00";"Sim";"";"https://client-assets.anota.ai/produtos/67521dcc70782200190c87c5/-1747415101011blob"
"ADICIONAL / SABOR";"[GRUPO] Sabor Média 30cm";"82. Sonho de valsa";"Mussarela, chocolate preto, bombom sonho de valsa e leite condensado";"71,00";"Sim";"";"https://client-assets.anota.ai/produtos/67434555cd292c0012cd3b27/-1734530628834blob"
"ADICIONAL / SABOR";"[GRUPO] Sabor Média 30cm";"83. Óreo";"Mussarela, chocolate branco, biscoito óreo e leite condensado";"71,00";"Sim";"";"https://client-assets.anota.ai/produtos/67521dcc70782200190c87c5/-1737698720390blob"
"ADICIONAL / SABOR";"[GRUPO] Sabor Média 30cm";"9. Baiana";"Molho de tomate caseiro, mussarela, calabresa, cebola, pimenta calabresa, azeitonas verde e orégano.";"55,00";"Sim";"";"https://client-assets.anota.ai/produtos/67606969295af30019b46262/-1734463468531blob"
"ADICIONAL / SABOR";"[GRUPO] Sabor Média 30cm";"BARBECUE";"Molho de tomate caseiro, mussarela, lombo ao molho Barbecue e orégano.";"71,00";"Sim";"";""
"ADICIONAL / SABOR";"[GRUPO] Sabor Média 30cm";"CATUPERU";"Molho de tomate caseiro, mussarela, peito de peru, catupiry e orégano.";"55,00";"Sim";"";""
"ADICIONAL / SABOR";"[GRUPO] Sabor Média 30cm";"CHOCOLATE BRANCO COM NOZES";"Mussarela, chocolate branco, nozes e leite condensado. ";"71,00";"Sim";"";""
"ADICIONAL / SABOR";"[GRUPO] Sabor Média 30cm";"FLORESTA NEGRA";"Chocolate preto e cerejas.";"71,00";"Sim";"";""
"ADICIONAL / SABOR";"[GRUPO] Sabor Média 30cm";"FUGAZZETA";"Molho de tomate caseiro, mussarela, cebola, azeitonas verdes e orégano.";"55,00";"Sim";"";""
"ADICIONAL / SABOR";"[GRUPO] Sabor Média 30cm";"GAÚCHA";"Molho de tomate caseiro, mussarela, filé, cebola, pimentão, tomate, barbecue e orégano.";"71,00";"Sim";"";""
"ADICIONAL / SABOR";"[GRUPO] Sabor Média 30cm";"ITALIAN ";"Molho de tomate caseiro, mussarela, salame, tomate, azeitonas pretas e orégano.   ";"71,00";"Sim";"";""
"ADICIONAL / SABOR";"[GRUPO] Sabor Média 30cm";"LA CANTINA";"Molho de tomate caseiro, mussarela, tomate seco, manjericão, champignon, azeitonas pretas e orégano.";"71,00";"Sim";"";""
"ADICIONAL / SABOR";"[GRUPO] Sabor Média 30cm";"LINGUIÇA BLUMENAU";"Molho de tomate caseiro, linguiça Blumenau, mussarela, catupiry e orégano.";"71,00";"Sim";"";""
"ADICIONAL / SABOR";"[GRUPO] Sabor Média 30cm";"NORDESTINA ";" Molho de tomate caseiro, carne seca, cebola roxa, catupiry, mussarela, pimenta biquinho e orégano. ";"71,00";"Sim";"";""
"ADICIONAL / SABOR";"[GRUPO] Sabor Média 30cm";"PRESUNTO E QUEIJO (MODA ARGENTINA)";"Molho de tomate caseiro, mussarela, presunto e orégano.";"55,00";"Sim";"";""
"ADICIONAL / SABOR";"[GRUPO] Sabor Média 30cm";"PRIMAVERA";"Palmito, ervilha e ovos de codorna.";"71,00";"Sim";"";""
"ADICIONAL / SABOR";"[GRUPO] Sabor Média 30cm";"SPECIALE";" Molho de tomate caseiro, mussarela, anéis de cebola na manteiga, salsinha e orégano. ";"71,00";"Sim";"";""
"ADICIONAL / SABOR";"[GRUPO] Sabor Média 30cm";"TOSCANA";"Molho de tomate caseiro, mussarela, salame, provolone, manjericão e oregano.";"71,00";"Sim";"";""
"ADICIONAL / SABOR";"[GRUPO] Sabor Grande 35cm";"1. Alho e óleo";"Molho de tomate caseiro, mussarela, alho frito e azeitonas pretas e orégano. ";"70,00";"Sim";"";"https://client-assets.anota.ai/produtos/67521dcc70782200190c87c5/-1737694644503blob"
"ADICIONAL / SABOR";"[GRUPO] Sabor Grande 35cm";"10. Bauru";"Molho de tomate caseiro, mussarela, presunto, tomate e orégano.";"70,00";"Sim";"";"https://client-assets.anota.ai/produtos/67521dcc70782200190c87c5/-1737695122243blob"
"ADICIONAL / SABOR";"[GRUPO] Sabor Grande 35cm";"11. Calabresa";"Molho de tomate caseiro, mussarela, calabresa e orégano. ";"70,00";"Sim";"";"https://client-assets.anota.ai/produtos/67521dcc70782200190c87c5/-1737695269496blob"
"ADICIONAL / SABOR";"[GRUPO] Sabor Grande 35cm";"12. Calabresa com cebola";"Molho de tomate caseiro, mussarela, calabresa, cebola e orégano.";"70,00";"Sim";"";"https://client-assets.anota.ai/produtos/67521dcc70782200190c87c5/-1737695778147blob"
"ADICIONAL / SABOR";"[GRUPO] Sabor Grande 35cm";"13. Calabresa especial";"Molho de tomate caseiro, mussarela, calabresa, cebola, catupiry e ovos.";"70,00";"Sim";"";"https://client-assets.anota.ai/produtos/67606969295af30019b46262/-1734463468531blob"
"ADICIONAL / SABOR";"[GRUPO] Sabor Grande 35cm";"14. Catulabresa";"Molho de tomate caseiro, mussarela, calabresa e catupiry.";"70,00";"Sim";"";"https://client-assets.anota.ai/produtos/67606969295af30019b46262/-1734463468531blob"
"ADICIONAL / SABOR";"[GRUPO] Sabor Grande 35cm";"15. Canadense";"Molho de tomate caseiro, mussarela, lombo canadense, catupiry e orégano.";"70,00";"Sim";"";"https://client-assets.anota.ai/produtos/67521dcc70782200190c87c5/-1737695323565blob"
"ADICIONAL / SABOR";"[GRUPO] Sabor Grande 35cm";"16. Carbonara";"Molho de tomate caseiro, mussarela, Bacon, ovos e creme de leite";"70,00";"Sim";"";"https://client-assets.anota.ai/produtos/67606969295af30019b46262/-1734463468531blob"
"ADICIONAL / SABOR";"[GRUPO] Sabor Grande 35cm";"17. Crocante";"Molho de tomate caseiro, mussarela, bacon, batata palha e orégano. ";"70,00";"Sim";"";"https://client-assets.anota.ai/produtos/67521dcc70782200190c87c5/-1737695399619blob"
"ADICIONAL / SABOR";"[GRUPO] Sabor Grande 35cm";"18. Difiori";"Molho de tomate caseiro, mussarela, frango, bacon, tomate e creme de leite";"70,00";"Sim";"";"https://client-assets.anota.ai/produtos/67606969295af30019b46262/-1734463468531blob"
"ADICIONAL / SABOR";"[GRUPO] Sabor Grande 35cm";"19. Frango catupiry";"Molho de tomate caseiro, mussarela, frango com catupiry e orégano.";"70,00";"Sim";"";"https://client-assets.anota.ai/produtos/67521dcc70782200190c87c5/-1737696013237blob"
"ADICIONAL / SABOR";"[GRUPO] Sabor Grande 35cm";"2. Alhobresa";"Molho de tomate caseiro, mussarela, calabresa, alho e orégano. ";"70,00";"Sim";"";"https://client-assets.anota.ai/produtos/67606969295af30019b46262/-1734463468531blob"
"ADICIONAL / SABOR";"[GRUPO] Sabor Grande 35cm";"20. Frango caipira";"Molho de tomate caseiro, mussarela, frango, milho, bacon, catupiry e orégano.";"70,00";"Sim";"";"https://client-assets.anota.ai/produtos/67521dcc70782200190c87c5/-1737696152259blob"
"ADICIONAL / SABOR";"[GRUPO] Sabor Grande 35cm";"21. Fricasse";"Molho de tomate caseiro, mussarela, frango, milho, creme de leite e batata palha.";"70,00";"Sim";"";"https://client-assets.anota.ai/produtos/67606969295af30019b46262/-1734463468531blob"
"ADICIONAL / SABOR";"[GRUPO] Sabor Grande 35cm";"22. Havaiana";"Molho de tomate caseiro, mussarela, lombo canadense, abacaxi e orégano.";"70,00";"Sim";"";"https://client-assets.anota.ai/produtos/67521dcc70782200190c87c5/-1737695866889blob"
"ADICIONAL / SABOR";"[GRUPO] Sabor Grande 35cm";"23. Italiana";"Molho de tomate caseiro, mussarela, presunto, bacon, milho, palmito e orégano.";"70,00";"Sim";"";"https://client-assets.anota.ai/produtos/67606969295af30019b46262/-1734463468531blob"
"ADICIONAL / SABOR";"[GRUPO] Sabor Grande 35cm";"24. La torre";"Molho de tomate caseiro, mussarela, lombo canadense, palmito e creme de leite.";"70,00";"Sim";"";"https://client-assets.anota.ai/produtos/67606969295af30019b46262/-1734463468531blob"
"ADICIONAL / SABOR";"[GRUPO] Sabor Grande 35cm";"25. Lombinho";"Molho de tomate caseiro, mussarela, lombo canadense, cebola e orégano.";"70,00";"Sim";"";"https://client-assets.anota.ai/produtos/67521dcc70782200190c87c5/-1737696261278blob"
"ADICIONAL / SABOR";"[GRUPO] Sabor Grande 35cm";"26. Marguerita";"Molho de tomate caseiro, mussarela, tomate, manjericão, azeitonas pretas e orégano.";"70,00";"Sim";"";"https://client-assets.anota.ai/produtos/67521dcc70782200190c87c5/-1737696326540blob"
"ADICIONAL / SABOR";"[GRUPO] Sabor Grande 35cm";"27. Milho com catupiry";"Molho de tomate caseiro, mussarela, milho e catupiry.";"70,00";"Sim";"";"https://client-assets.anota.ai/produtos/67606969295af30019b46262/-1734463468531blob"
"ADICIONAL / SABOR";"[GRUPO] Sabor Grande 35cm";"28. Milho e bacon";"Molho de tomate caseiro, mussarela, milho e bacon.";"70,00";"Sim";"";"https://client-assets.anota.ai/produtos/67606969295af30019b46262/-1734463468531blob"
"ADICIONAL / SABOR";"[GRUPO] Sabor Grande 35cm";"29. Mussarela";"Molho de tomate caseiro, mussarela, tomate, azeitonas verde e orégano.";"70,00";"Sim";"";"https://client-assets.anota.ai/produtos/67521dcc70782200190c87c5/-1737696954898blob"
"ADICIONAL / SABOR";"[GRUPO] Sabor Grande 35cm";"3. Americana";"Molho de tomate caseiro, mussarela, milho, bacon, ovos e orégano. ";"70,00";"Sim";"";"https://client-assets.anota.ai/produtos/67606969295af30019b46262/-1734463468531blob"
"ADICIONAL / SABOR";"[GRUPO] Sabor Grande 35cm";"30. Napolitana";"Molho de tomate caseiro, mussarela, tomate, provolone e orégano.";"70,00";"Sim";"";"https://client-assets.anota.ai/produtos/67606969295af30019b46262/-1734463468531blob"
"ADICIONAL / SABOR";"[GRUPO] Sabor Grande 35cm";"31. Portuguesa";"Molho de tomate caseiro, mussarela, presunto, queijo, ovo, tomate, cebola, pimentão, azeitonas verde e orégano.";"70,00";"Sim";"";"https://client-assets.anota.ai/produtos/67521dcc70782200190c87c5/-1737698133288blob"
"ADICIONAL / SABOR";"[GRUPO] Sabor Grande 35cm";"32. Vegetariana";"Molho de tomate caseiro, mussarela, palmito, milho, brócolis, tomate e orégano.";"70,00";"Sim";"";"https://client-assets.anota.ai/produtos/67521dcc70782200190c87c5/-1737697523613blob"
"ADICIONAL / SABOR";"[GRUPO] Sabor Grande 35cm";"33. Veneza";"Molho de tomate caseiro, mussarela, lombo, bacon, ovos e orégano.";"70,00";"Sim";"";"https://client-assets.anota.ai/produtos/67521dcc70782200190c87c5/-1737697468914blob"
"ADICIONAL / SABOR";"[GRUPO] Sabor Grande 35cm";"34. Verona";"Molho de tomate caseiro, mussarela, lombo canadense, palmito, milho, catupiry, alho frito e orégano. ";"70,00";"Sim";"";"https://client-assets.anota.ai/produtos/67521dcc70782200190c87c5/-1737697634118blob"
"ADICIONAL / SABOR";"[GRUPO] Sabor Grande 35cm";"35. Atum";"Molho de tomate caseiro, mussarela, atum, cebola, catupiry e orégano. +";"94,00";"Sim";"";"https://client-assets.anota.ai/produtos/67521dcc70782200190c87c5/-1737696503697blob"
"ADICIONAL / SABOR";"[GRUPO] Sabor Grande 35cm";"36. Bolonhesa";"Molho de tomate caseiro, mussarela, carne moída, cebola, tomate e pimentão.";"94,00";"Sim";"";"https://client-assets.anota.ai/produtos/67606969295af30019b46262/-1734463468531blob"
"ADICIONAL / SABOR";"[GRUPO] Sabor Grande 35cm";"37. Camarão alho e óleo";"Molho de tomate caseiro, mussarela, camarão ao alho e óleo e orégano.";"100,00";"Sim";"";"https://client-assets.anota.ai/produtos/67521dcc70782200190c87c5/-1737696442271blob"
"ADICIONAL / SABOR";"[GRUPO] Sabor Grande 35cm";"38. Camarão aos 4 queijos";"Molho de tomate caseiro, mussarela, camarão, parmesão, provolone e catupiry.";"100,00";"Sim";"";"https://client-assets.anota.ai/produtos/67521dcc70782200190c87c5/-1737696390224blob"
"ADICIONAL / SABOR";"[GRUPO] Sabor Grande 35cm";"39. Coração";"Molho de tomate caseiro, mussarela, coração, cebola e catupiry.";"94,00";"Sim";"";"https://client-assets.anota.ai/produtos/67606969295af30019b46262/-1734463468531blob"
"ADICIONAL / SABOR";"[GRUPO] Sabor Grande 35cm";"4. Brócolis";"Molho de tomate caseiro, mussarela, brócolis, tomate, alho frito e orégano.";"70,00";"Sim";"";"https://client-assets.anota.ai/produtos/67521dcc70782200190c87c5/-1737694875750blob"
"ADICIONAL / SABOR";"[GRUPO] Sabor Grande 35cm";"40. Champignon";"Molho de tomate caseiro, mussarela, champignon, catupiry e orégano.";"94,00";"Sim";"";"https://client-assets.anota.ai/produtos/67606969295af30019b46262/-1734463468531blob"
"ADICIONAL / SABOR";"[GRUPO] Sabor Grande 35cm";"41. Filé ao alho";"Molho de tomate caseiro, mussarela, filé, alho frito e orégano.";"94,00";"Sim";"";"https://client-assets.anota.ai/produtos/67521dcc70782200190c87c5/-1737697069975blob"
"ADICIONAL / SABOR";"[GRUPO] Sabor Grande 35cm";"42. Filé com fritas";"Molho de tomate caseiro, mussarela, tiras de carne, batata frita e orégano.";"94,00";"Sim";"";"https://client-assets.anota.ai/produtos/67521dcc70782200190c87c5/-1737697011792blob"
"ADICIONAL / SABOR";"[GRUPO] Sabor Grande 35cm";"43. Filé com catupiry";"Molho de tomate caseiro, mussarela, tiras de carne e catupiry.";"94,00";"Sim";"";"https://client-assets.anota.ai/produtos/67606969295af30019b46262/-1734463468531blob"
"ADICIONAL / SABOR";"[GRUPO] Sabor Grande 35cm";"44. Filé com cheddar";"Molho de tomate caseiro, mussarela, Filé e cheddar.";"94,00";"Sim";"";"https://client-assets.anota.ai/produtos/67606969295af30019b46262/-1734463468531blob"
"ADICIONAL / SABOR";"[GRUPO] Sabor Grande 35cm";"45. Filé aos 4 queijos";"Molho de tomate caseiro, mussarela, provolone, parmesão, catupiry e filé.";"94,00";"Sim";"";"https://client-assets.anota.ai/produtos/67606969295af30019b46262/-1734463468531blob"
"ADICIONAL / SABOR";"[GRUPO] Sabor Grande 35cm";"46. Filé aos 5 queijos";"Molho de tomate caseiro, mussarela, provolone, parmesão, catupiry, cheddar e filé.";"94,00";"Sim";"";"https://client-assets.anota.ai/produtos/67606969295af30019b46262/-1734463468531blob"
"ADICIONAL / SABOR";"[GRUPO] Sabor Grande 35cm";"47. Filé com tomate";"Molho de tomate caseiro, mussarela, filé e tomate.";"94,00";"Sim";"";"https://client-assets.anota.ai/produtos/67606969295af30019b46262/-1734463468531blob"
"ADICIONAL / SABOR";"[GRUPO] Sabor Grande 35cm";"48. Mexicana";"Molho de tomate caseiro, mussarela, iscas de carne, cheddar, cebola e nachos.";"94,00";"Sim";"";"https://client-assets.anota.ai/produtos/67606969295af30019b46262/-1734463468531blob"
"ADICIONAL / SABOR";"[GRUPO] Sabor Grande 35cm";"49. Moda da casa";"Molho de tomate caseiro, mussarela, frango, palmito, bacon, milho, azeitona, catupiry e orégano. ";"94,00";"Sim";"";"https://client-assets.anota.ai/produtos/67606969295af30019b46262/-1734463468531blob"
"ADICIONAL / SABOR";"[GRUPO] Sabor Grande 35cm";"5. Brócolis com bacon";"Molho de tomate caseiro, mussarela, brócolis, bacon, tomate, alho frito e orégano. ";"70,00";"Sim";"";"https://client-assets.anota.ai/produtos/67521dcc70782200190c87c5/-1737695214279blob"
"ADICIONAL / SABOR";"[GRUPO] Sabor Grande 35cm";"50. Palmito";"Molho de tomate caseiro, mussarela, Palmito e orégano.";"94,00";"Sim";"";"https://client-assets.anota.ai/produtos/67521dcc70782200190c87c5/-1737697259780blob"
"ADICIONAL / SABOR";"[GRUPO] Sabor Grande 35cm";"51. Pepperoni";"Molho de tomate caseiro, mussarela, pepperoni e orégano. ";"94,00";"Sim";"";"https://client-assets.anota.ai/produtos/67521dcc70782200190c87c5/-1737696842466blob"
"ADICIONAL / SABOR";"[GRUPO] Sabor Grande 35cm";"52. Rúcula com tomate seco";"Molho de tomate caseiro, mussarela, tomate seco, rúcula e orégano.";"96,00";"Sim";"";"https://client-assets.anota.ai/produtos/67521dcc70782200190c87c5/-1737696604432blob"
"ADICIONAL / SABOR";"[GRUPO] Sabor Grande 35cm";"53. Siciliana";"Molho de tomate caseiro, mussarela, bacon, champignon, catupiry e orégano.";"94,00";"Sim";"";"https://client-assets.anota.ai/produtos/67521dcc70782200190c87c5/-1737696739414blob"
"ADICIONAL / SABOR";"[GRUPO] Sabor Grande 35cm";"54. Strogonoff de carne";"Molho de tomate caseiro, mussarela, strogonoff de carne e batata palha.";"94,00";"Sim";"";"https://client-assets.anota.ai/produtos/67521dcc70782200190c87c5/-1737696784707blob"
"ADICIONAL / SABOR";"[GRUPO] Sabor Grande 35cm";"55. Strogonoff de frango";"Molho de tomate caseiro, mussarela, strogonoff de frango e batata palha.";"94,00";"Sim";"";"https://client-assets.anota.ai/produtos/67606969295af30019b46262/-1734463468531blob"
"ADICIONAL / SABOR";"[GRUPO] Sabor Grande 35cm";"56. 4 Queijos";"Molho de tomate caseiro, mussrela, Parmesão, provolone, catupiry e orégano. ";"94,00";"Sim";"";"https://client-assets.anota.ai/produtos/67521dcc70782200190c87c5/-1737696672530blob"
"ADICIONAL / SABOR";"[GRUPO] Sabor Grande 35cm";"57. 5 Queijos";"Molho de tomate caseiro, mussarela, provolone, parmesão, catupiry, cheddar e orégano. ";"94,00";"Sim";"";"https://client-assets.anota.ai/produtos/67521dcc70782200190c87c5/-1737696892883blob"
"ADICIONAL / SABOR";"[GRUPO] Sabor Grande 35cm";"58. 6 Queijos";"Molho de tomate caseiro, mussarela, provolone, parmesão, gorgonzola, catupiry, cheddar e orégano.";"94,00";"Sim";"";"https://client-assets.anota.ai/produtos/67606969295af30019b46262/-1734463468531blob"
"ADICIONAL / SABOR";"[GRUPO] Sabor Grande 35cm";"59. 4 Queijos com bacon";"Molho de tomate caseiro, mussarela, provolone, parmesão, catupiry, bacon e orégano. ";"94,00";"Sim";"";"https://client-assets.anota.ai/produtos/67606969295af30019b46262/-1734463468531blob"
"ADICIONAL / SABOR";"[GRUPO] Sabor Grande 35cm";"6. Brócolis com bacon e catupiry";"Molho de tomate caseiro, mussarela, brócolis, bacon e catupiry";"70,00";"Sim";"";"https://client-assets.anota.ai/produtos/67606969295af30019b46262/-1734463468531blob"
"ADICIONAL / SABOR";"[GRUPO] Sabor Grande 35cm";"60. 5 Queijos com bacon";"Molho de tomate caseiro, mussarela, parmesão, provolone, catupiry, cheddar, bacon e orégano.";"94,00";"Sim";"";"https://client-assets.anota.ai/produtos/67606969295af30019b46262/-1734463468531blob"
"ADICIONAL / SABOR";"[GRUPO] Sabor Grande 35cm";"61. 6 Queijos com bacon";"Molho de tomate caseiro, mussarela, provolone, parmesão, gorgonzola, catupiry, cheddar e orégano. ";"94,00";"Sim";"";"https://client-assets.anota.ai/produtos/67606969295af30019b46262/-1734463468531blob"
"ADICIONAL / SABOR";"[GRUPO] Sabor Grande 35cm";"62. Banana com chocolate preto e leite condensado. ";"Mussarela, banana, chocolate preto e leite condensado.";"70,00";"Sim";"";"https://client-assets.anota.ai/produtos/67434555cd292c0012cd3b27/-1734530628834blob"
"ADICIONAL / SABOR";"[GRUPO] Sabor Grande 35cm";"63. Banana com canela";"Mussarela, banana, açúcar, canela e leite condensado";"70,00";"Sim";"";"https://client-assets.anota.ai/produtos/67434555cd292c0012cd3b27/-1734530628834blob"
"ADICIONAL / SABOR";"[GRUPO] Sabor Grande 35cm";"64. Banana leite ninho e chocolate ao leite";"Banana com leite ninho, chocolate ao leite e leite condensado. ";"70,00";"Sim";"";"https://client-assets.anota.ai/produtos/67434555cd292c0012cd3b27/-1734530628834blob"
"ADICIONAL / SABOR";"[GRUPO] Sabor Grande 35cm";"65. Banana leite ninho e leite condensado";"";"82,00";"Sim";"";"https://client-assets.anota.ai/produtos/67434555cd292c0012cd3b27/-1734530628834blob"
"ADICIONAL / SABOR";"[GRUPO] Sabor Grande 35cm";"66. Brigadeiro";"Chocolate preto e granulado";"0,00";"Sim";"";"https://client-assets.anota.ai/produtos/67434555cd292c0012cd3b27/-1734530628834blob"
"ADICIONAL / SABOR";"[GRUPO] Sabor Grande 35cm";"67. Chocolate branco";"Mussarela, chocolate branco e leite condensado. ";"70,00";"Sim";"";"https://client-assets.anota.ai/produtos/67434555cd292c0012cd3b27/-1734530628834blob"
"ADICIONAL / SABOR";"[GRUPO] Sabor Grande 35cm";"68. Bem casado";"Mussarela, chocolate preto, chocolate branco e leite condensado";"70,00";"Sim";"";"https://client-assets.anota.ai/produtos/67434555cd292c0012cd3b27/-1734530628834blob"
"ADICIONAL / SABOR";"[GRUPO] Sabor Grande 35cm";"69. Califórnia";"Mussarela, abacaxi, pêssego, figo, açúcar, canela e leite condensado";"94,00";"Sim";"";"https://client-assets.anota.ai/produtos/67434555cd292c0012cd3b27/-1734530628834blob"
"ADICIONAL / SABOR";"[GRUPO] Sabor Grande 35cm";"7. Bacon";"Molho de tomate caseiro, mussarela, bacon e orégano.";"70,00";"Sim";"";"https://client-assets.anota.ai/produtos/67606969295af30019b46262/-1734463468531blob"
"ADICIONAL / SABOR";"[GRUPO] Sabor Grande 35cm";"70. Confeti";"Mussarela, chocolate preto, confeti e leite condensado.";"70,00";"Sim";"";"https://client-assets.anota.ai/produtos/67521dcc70782200190c87c5/-1748755908566blob"
"ADICIONAL / SABOR";"[GRUPO] Sabor Grande 35cm";"71. Charge";"Mussarela, chocolate preto, amendoim e leite condensado";"70,00";"Sim";"";"https://client-assets.anota.ai/produtos/67434555cd292c0012cd3b27/-1734530628834blob"
"ADICIONAL / SABOR";"[GRUPO] Sabor Grande 35cm";"72. Charge branco";"Mussarela, chocolate branco, amendoim e leite condensado";"70,00";"Sim";"";"https://client-assets.anota.ai/produtos/67434555cd292c0012cd3b27/-1734530628834blob"
"ADICIONAL / SABOR";"[GRUPO] Sabor Grande 35cm";"73. Chocolate preto";"Mussarela, chocolate preto e leite condensado. ";"70,00";"Sim";"";"https://client-assets.anota.ai/produtos/67521dcc70782200190c87c5/-1747415352983blob"
"ADICIONAL / SABOR";"[GRUPO] Sabor Grande 35cm";"74. Prestigio";"Mussarela, chocolate preto, coco ralado e leite condensado";"70,00";"Sim";"";"https://client-assets.anota.ai/produtos/67434555cd292c0012cd3b27/-1734530628834blob"
"ADICIONAL / SABOR";"[GRUPO] Sabor Grande 35cm";"75. Prestigio branco";"Mussarela, chocolate branco, coco ralado e leite condensado";"70,00";"Sim";"";"https://client-assets.anota.ai/produtos/67521dcc70782200190c87c5/-1747415797150blob"
"ADICIONAL / SABOR";"[GRUPO] Sabor Grande 35cm";"76. Romeu e julieta";"Mussarela e goiabada";"70,00";"Sim";"";"https://client-assets.anota.ai/produtos/67434555cd292c0012cd3b27/-1734530628834blob"
"ADICIONAL / SABOR";"[GRUPO] Sabor Grande 35cm";"77. Abacaxí com coco";"Mussarela, abacaxí picado, coco ralado, chocolate branco e leite condensado";"94,00";"Sim";"";"https://client-assets.anota.ai/produtos/67434555cd292c0012cd3b27/-1734530628834blob"
"ADICIONAL / SABOR";"[GRUPO] Sabor Grande 35cm";"78. Banana nevada";"Mussarela, banana, canela, chocolate branco e leite condensado. ";"94,00";"Sim";"";"https://client-assets.anota.ai/produtos/67521dcc70782200190c87c5/-1737698403341blob"
"ADICIONAL / SABOR";"[GRUPO] Sabor Grande 35cm";"79. Banoffe";"Mussarela banana, canela e doce de leite";"94,00";"Sim";"";"https://client-assets.anota.ai/produtos/67434555cd292c0012cd3b27/-1734530628834blob"
"ADICIONAL / SABOR";"[GRUPO] Sabor Grande 35cm";"8. Bacon com abacaxi";"Molho caseiro, mussarela, bacon e abacaxi.";"70,00";"Sim";"";"https://client-assets.anota.ai/produtos/67606969295af30019b46262/-1734463468531blob"
"ADICIONAL / SABOR";"[GRUPO] Sabor Grande 35cm";"80. Sensação";"Mussarela, chocolate preto, morango e leite condensado";"94,00";"Sim";"";"https://client-assets.anota.ai/produtos/67521dcc70782200190c87c5/-1747415228884blob"
"ADICIONAL / SABOR";"[GRUPO] Sabor Grande 35cm";"81. Sensação branca";"Mussarela, chocolate branco, morango e leite condensado";"94,00";"Sim";"";"https://client-assets.anota.ai/produtos/67521dcc70782200190c87c5/-1747415101011blob"
"ADICIONAL / SABOR";"[GRUPO] Sabor Grande 35cm";"82. Sonho de valsa";"Mussarela, chocolate preto, bombom sonho de valsa e leite condensado";"94,00";"Sim";"";"https://client-assets.anota.ai/produtos/67434555cd292c0012cd3b27/-1734530628834blob"
"ADICIONAL / SABOR";"[GRUPO] Sabor Grande 35cm";"83. Óreo";"Mussarela, chocolate branco, biscoito óreo e leite condensado";"94,00";"Sim";"";"https://client-assets.anota.ai/produtos/67521dcc70782200190c87c5/-1737698720390blob"
"ADICIONAL / SABOR";"[GRUPO] Sabor Grande 35cm";"9. Baiana";"Molho de tomate caseiro, mussarela, calabresa, cebola, pimenta calabresa, azeitonas verde e orégano.";"70,00";"Sim";"";"https://client-assets.anota.ai/produtos/67606969295af30019b46262/-1734463468531blob"
"ADICIONAL / SABOR";"[GRUPO] Sabor Grande 35cm";"BARBECUE";"Molho de tomate caseiro, mussarela, lombo ao molho Barbecue e orégano.";"94,00";"Sim";"";""
"ADICIONAL / SABOR";"[GRUPO] Sabor Grande 35cm";"CATUPERU";"Molho de tomate caseiro, mussarela, peito de peru, catupiry e orégano.";"70,00";"Sim";"";""
"ADICIONAL / SABOR";"[GRUPO] Sabor Grande 35cm";"CHOCOLATE BRANCO COM NOZES";"Mussarela, chocolate branco, nozes e leite condensado. ";"94,00";"Sim";"";""
"ADICIONAL / SABOR";"[GRUPO] Sabor Grande 35cm";"FLORESTA NEGRA";"Chocolate preto e cerejas.";"94,00";"Sim";"";""
"ADICIONAL / SABOR";"[GRUPO] Sabor Grande 35cm";"FUGAZZETA";"Molho de tomate caseiro, mussarela, cebola, azeitonas verdes e orégano.";"70,00";"Sim";"";""
"ADICIONAL / SABOR";"[GRUPO] Sabor Grande 35cm";"GAÚCHA";"Molho de tomate caseiro, mussarela, filé, cebola, pimentão, tomate, barbecue e orégano.";"94,00";"Sim";"";""
"ADICIONAL / SABOR";"[GRUPO] Sabor Grande 35cm";"ITALIAN ";"Molho de tomate caseiro, mussarela, salame, tomate, azeitonas pretas e orégano.   ";"94,00";"Sim";"";""
"ADICIONAL / SABOR";"[GRUPO] Sabor Grande 35cm";"LA CANTINA";"Molho de tomate caseiro, mussarela, tomate seco, manjericão, champignon, azeitonas pretas e orégano.";"94,00";"Sim";"";""
"ADICIONAL / SABOR";"[GRUPO] Sabor Grande 35cm";"LINGUIÇA BLUMENAU";"Molho de tomate caseiro, linguiça Blumenau, mussarela, catupiry e orégano.";"94,00";"Sim";"";""
"ADICIONAL / SABOR";"[GRUPO] Sabor Grande 35cm";"NORDESTINA ";" Molho de tomate caseiro, carne seca, cebola roxa, catupiry, mussarela, pimenta biquinho e orégano. ";"94,00";"Sim";"";""
"ADICIONAL / SABOR";"[GRUPO] Sabor Grande 35cm";"PRESUNTO E QUEIJO (MODA ARGENTINA)";"Molho de tomate caseiro, mussarela, presunto e orégano.";"70,00";"Sim";"";""
"ADICIONAL / SABOR";"[GRUPO] Sabor Grande 35cm";"PRIMAVERA";"Palmito, ervilha e ovos de codorna.";"94,00";"Sim";"";""
"ADICIONAL / SABOR";"[GRUPO] Sabor Grande 35cm";"SPECIALE";" Molho de tomate caseiro, mussarela, anéis de cebola na manteiga, salsinha e orégano. ";"94,00";"Sim";"";""
"ADICIONAL / SABOR";"[GRUPO] Sabor Grande 35cm";"TOSCANA";"Molho de tomate caseiro, mussarela, salame, provolone, manjericão e oregano.";"94,00";"Sim";"";""
"ADICIONAL / SABOR";"[GRUPO] Sabor Famiia 40cm";"1. Alho e óleo";"Molho de tomate caseiro, mussarela, alho frito e azeitonas pretas e orégano. ";"85,00";"Sim";"";"https://client-assets.anota.ai/produtos/67521dcc70782200190c87c5/-1737694644503blob"
"ADICIONAL / SABOR";"[GRUPO] Sabor Famiia 40cm";"10. Bauru";"Molho de tomate caseiro, mussarela, presunto, tomate e orégano.";"85,00";"Sim";"";"https://client-assets.anota.ai/produtos/67521dcc70782200190c87c5/-1737695122243blob"
"ADICIONAL / SABOR";"[GRUPO] Sabor Famiia 40cm";"11. Calabresa";"Molho de tomate caseiro, mussarela, calabresa e orégano. ";"85,00";"Sim";"";"https://client-assets.anota.ai/produtos/67521dcc70782200190c87c5/-1737695269496blob"
"ADICIONAL / SABOR";"[GRUPO] Sabor Famiia 40cm";"12. Calabresa com cebola";"Molho de tomate caseiro, mussarela, calabresa, cebola e orégano.";"85,00";"Sim";"";"https://client-assets.anota.ai/produtos/67521dcc70782200190c87c5/-1737695778147blob"
"ADICIONAL / SABOR";"[GRUPO] Sabor Famiia 40cm";"13. Calabresa especial";"Molho de tomate caseiro, mussarela, calabresa, cebola, catupiry e ovos.";"85,00";"Sim";"";"https://client-assets.anota.ai/produtos/67606969295af30019b46262/-1734463468531blob"
"ADICIONAL / SABOR";"[GRUPO] Sabor Famiia 40cm";"14. Catulabresa";"Molho de tomate caseiro, mussarela, calabresa e catupiry.";"85,00";"Sim";"";"https://client-assets.anota.ai/produtos/67606969295af30019b46262/-1734463468531blob"
"ADICIONAL / SABOR";"[GRUPO] Sabor Famiia 40cm";"15. Canadense";"Molho de tomate caseiro, mussarela, lombo canadense, catupiry e orégano.";"85,00";"Sim";"";"https://client-assets.anota.ai/produtos/67521dcc70782200190c87c5/-1737695323565blob"
"ADICIONAL / SABOR";"[GRUPO] Sabor Famiia 40cm";"16. Carbonara";"Molho de tomate caseiro, mussarela, Bacon, ovos e creme de leite";"85,00";"Sim";"";"https://client-assets.anota.ai/produtos/67606969295af30019b46262/-1734463468531blob"
"ADICIONAL / SABOR";"[GRUPO] Sabor Famiia 40cm";"17. Crocante";"Molho de tomate caseiro, mussarela, bacon, batata palha e orégano. ";"85,00";"Sim";"";"https://client-assets.anota.ai/produtos/67521dcc70782200190c87c5/-1737695399619blob"
"ADICIONAL / SABOR";"[GRUPO] Sabor Famiia 40cm";"18. Difiori";"Molho de tomate caseiro, mussarela, frango, bacon, tomate e creme de leite";"85,00";"Sim";"";"https://client-assets.anota.ai/produtos/67606969295af30019b46262/-1734463468531blob"
"ADICIONAL / SABOR";"[GRUPO] Sabor Famiia 40cm";"19. Frango catupiry";"Molho de tomate caseiro, mussarela, frango com catupiry e orégano.";"85,00";"Sim";"";"https://client-assets.anota.ai/produtos/67521dcc70782200190c87c5/-1737696013237blob"
"ADICIONAL / SABOR";"[GRUPO] Sabor Famiia 40cm";"2. Alhobresa";"Molho de tomate caseiro, mussarela, calabresa, alho e orégano. ";"85,00";"Sim";"";"https://client-assets.anota.ai/produtos/67606969295af30019b46262/-1734463468531blob"
"ADICIONAL / SABOR";"[GRUPO] Sabor Famiia 40cm";"20. Frango caipira";"Molho de tomate caseiro, mussarela, frango, milho, bacon, catupiry e orégano.";"85,00";"Sim";"";"https://client-assets.anota.ai/produtos/67521dcc70782200190c87c5/-1737696152259blob"
"ADICIONAL / SABOR";"[GRUPO] Sabor Famiia 40cm";"21. Fricasse";"Molho de tomate caseiro, mussarela, frango, milho, creme de leite e batata palha.";"85,00";"Sim";"";"https://client-assets.anota.ai/produtos/67606969295af30019b46262/-1734463468531blob"
"ADICIONAL / SABOR";"[GRUPO] Sabor Famiia 40cm";"22. Havaiana";"Molho de tomate caseiro, mussarela, lombo canadense, abacaxi e orégano.";"85,00";"Sim";"";"https://client-assets.anota.ai/produtos/67521dcc70782200190c87c5/-1737695866889blob"
"ADICIONAL / SABOR";"[GRUPO] Sabor Famiia 40cm";"23. Italiana";"Molho de tomate caseiro, mussarela, presunto, bacon, milho, palmito e orégano.";"85,00";"Sim";"";"https://client-assets.anota.ai/produtos/67606969295af30019b46262/-1734463468531blob"
"ADICIONAL / SABOR";"[GRUPO] Sabor Famiia 40cm";"24. La torre";"Molho de tomate caseiro, mussarela, lombo canadense, palmito e creme de leite.";"85,00";"Sim";"";"https://client-assets.anota.ai/produtos/67606969295af30019b46262/-1734463468531blob"
"ADICIONAL / SABOR";"[GRUPO] Sabor Famiia 40cm";"25. Lombinho";"Molho de tomate caseiro, mussarela, lombo canadense, cebola e orégano.";"85,00";"Sim";"";"https://client-assets.anota.ai/produtos/67521dcc70782200190c87c5/-1737696261278blob"
"ADICIONAL / SABOR";"[GRUPO] Sabor Famiia 40cm";"26. Marguerita";"Molho de tomate caseiro, mussarela, tomate, manjericão, azeitonas pretas e orégano.";"85,00";"Sim";"";"https://client-assets.anota.ai/produtos/67521dcc70782200190c87c5/-1737696326540blob"
"ADICIONAL / SABOR";"[GRUPO] Sabor Famiia 40cm";"27. Milho com catupiry";"Molho de tomate caseiro, mussarela, milho e catupiry.";"85,00";"Sim";"";"https://client-assets.anota.ai/produtos/67606969295af30019b46262/-1734463468531blob"
"ADICIONAL / SABOR";"[GRUPO] Sabor Famiia 40cm";"28. Milho e bacon";"Molho de tomate caseiro, mussarela, milho e bacon.";"85,00";"Sim";"";"https://client-assets.anota.ai/produtos/67606969295af30019b46262/-1734463468531blob"
"ADICIONAL / SABOR";"[GRUPO] Sabor Famiia 40cm";"29. Mussarela";"Molho de tomate caseiro, mussarela, tomate, azeitonas verde e orégano.";"85,00";"Sim";"";"https://client-assets.anota.ai/produtos/67521dcc70782200190c87c5/-1737696954898blob"
"ADICIONAL / SABOR";"[GRUPO] Sabor Famiia 40cm";"3. Americana";"Molho de tomate caseiro, mussarela, milho, bacon, ovos e orégano. ";"85,00";"Sim";"";"https://client-assets.anota.ai/produtos/67606969295af30019b46262/-1734463468531blob"
"ADICIONAL / SABOR";"[GRUPO] Sabor Famiia 40cm";"30. Napolitana";"Molho de tomate caseiro, mussarela, tomate, provolone e orégano.";"85,00";"Sim";"";"https://client-assets.anota.ai/produtos/67606969295af30019b46262/-1734463468531blob"
"ADICIONAL / SABOR";"[GRUPO] Sabor Famiia 40cm";"31. Portuguesa";"Molho de tomate caseiro, mussarela, presunto, queijo, ovo, tomate, cebola, pimentão, azeitonas verde e orégano.";"85,00";"Sim";"";"https://client-assets.anota.ai/produtos/67521dcc70782200190c87c5/-1737698133288blob"
"ADICIONAL / SABOR";"[GRUPO] Sabor Famiia 40cm";"32. Vegetariana";"Molho de tomate caseiro, mussarela, palmito, milho, brócolis, tomate e orégano.";"85,00";"Sim";"";"https://client-assets.anota.ai/produtos/67521dcc70782200190c87c5/-1737697523613blob"
"ADICIONAL / SABOR";"[GRUPO] Sabor Famiia 40cm";"33. Veneza";"Molho de tomate caseiro, mussarela, lombo, bacon, ovos e orégano.";"85,00";"Sim";"";"https://client-assets.anota.ai/produtos/67521dcc70782200190c87c5/-1737697468914blob"
"ADICIONAL / SABOR";"[GRUPO] Sabor Famiia 40cm";"34. Verona";"Molho de tomate caseiro, mussarela, lombo canadense, palmito, milho, catupiry, alho frito e orégano. ";"85,00";"Sim";"";"https://client-assets.anota.ai/produtos/67521dcc70782200190c87c5/-1737697634118blob"
"ADICIONAL / SABOR";"[GRUPO] Sabor Famiia 40cm";"35. Atum";"Molho de tomate caseiro, mussarela, atum, cebola, catupiry e orégano. +";"117,00";"Sim";"";"https://client-assets.anota.ai/produtos/67521dcc70782200190c87c5/-1737696503697blob"
"ADICIONAL / SABOR";"[GRUPO] Sabor Famiia 40cm";"36. Bolonhesa";"Molho de tomate caseiro, mussarela, carne moída, cebola, tomate e pimentão.";"117,00";"Sim";"";"https://client-assets.anota.ai/produtos/67606969295af30019b46262/-1734463468531blob"
"ADICIONAL / SABOR";"[GRUPO] Sabor Famiia 40cm";"37. Camarão alho e óleo";"Molho de tomate caseiro, mussarela, camarão ao alho e óleo e orégano.";"125,00";"Sim";"";"https://client-assets.anota.ai/produtos/67521dcc70782200190c87c5/-1737696442271blob"
"ADICIONAL / SABOR";"[GRUPO] Sabor Famiia 40cm";"38. Camarão aos 4 queijos";"Molho de tomate caseiro, mussarela, camarão, parmesão, provolone e catupiry.";"135,00";"Sim";"";"https://client-assets.anota.ai/produtos/67521dcc70782200190c87c5/-1737696390224blob"
"ADICIONAL / SABOR";"[GRUPO] Sabor Famiia 40cm";"39. Coração";"Molho de tomate caseiro, mussarela, coração, cebola e catupiry.";"117,00";"Sim";"";"https://client-assets.anota.ai/produtos/67606969295af30019b46262/-1734463468531blob"
"ADICIONAL / SABOR";"[GRUPO] Sabor Famiia 40cm";"4. Brócolis";"Molho de tomate caseiro, mussarela, brócolis, tomate, alho frito e orégano.";"85,00";"Sim";"";"https://client-assets.anota.ai/produtos/67521dcc70782200190c87c5/-1737694875750blob"
"ADICIONAL / SABOR";"[GRUPO] Sabor Famiia 40cm";"40. Champignon";"Molho de tomate caseiro, mussarela, champignon, catupiry e orégano.";"117,00";"Sim";"";"https://client-assets.anota.ai/produtos/67606969295af30019b46262/-1734463468531blob"
"ADICIONAL / SABOR";"[GRUPO] Sabor Famiia 40cm";"41. Filé ao alho";"Molho de tomate caseiro, mussarela, filé, alho frito e orégano.";"117,00";"Sim";"";"https://client-assets.anota.ai/produtos/67521dcc70782200190c87c5/-1737697069975blob"
"ADICIONAL / SABOR";"[GRUPO] Sabor Famiia 40cm";"42. Filé com fritas";"Molho de tomate caseiro, mussarela, tiras de carne, batata frita e orégano.";"117,00";"Sim";"";"https://client-assets.anota.ai/produtos/67521dcc70782200190c87c5/-1737697011792blob"
"ADICIONAL / SABOR";"[GRUPO] Sabor Famiia 40cm";"43. Filé com catupiry";"Molho de tomate caseiro, mussarela, tiras de carne e catupiry.";"117,00";"Sim";"";"https://client-assets.anota.ai/produtos/67606969295af30019b46262/-1734463468531blob"
"ADICIONAL / SABOR";"[GRUPO] Sabor Famiia 40cm";"44. Filé com cheddar";"Molho de tomate caseiro, mussarela, Filé e cheddar.";"117,00";"Sim";"";"https://client-assets.anota.ai/produtos/67606969295af30019b46262/-1734463468531blob"
"ADICIONAL / SABOR";"[GRUPO] Sabor Famiia 40cm";"45. Filé aos 4 queijos";"Molho de tomate caseiro, mussarela, provolone, parmesão, catupiry e filé.";"117,00";"Sim";"";"https://client-assets.anota.ai/produtos/67606969295af30019b46262/-1734463468531blob"
"ADICIONAL / SABOR";"[GRUPO] Sabor Famiia 40cm";"46. Filé aos 5 queijos";"Molho de tomate caseiro, mussarela, provolone, parmesão, catupiry, cheddar e filé.";"117,00";"Sim";"";"https://client-assets.anota.ai/produtos/67606969295af30019b46262/-1734463468531blob"
"ADICIONAL / SABOR";"[GRUPO] Sabor Famiia 40cm";"47. Filé com tomate";"Molho de tomate caseiro, mussarela, filé e tomate.";"117,00";"Sim";"";"https://client-assets.anota.ai/produtos/67606969295af30019b46262/-1734463468531blob"
"ADICIONAL / SABOR";"[GRUPO] Sabor Famiia 40cm";"48. Mexicana";"Molho de tomate caseiro, mussarela, iscas de carne, cheddar, cebola e nachos.";"117,00";"Sim";"";"https://client-assets.anota.ai/produtos/67606969295af30019b46262/-1734463468531blob"
"ADICIONAL / SABOR";"[GRUPO] Sabor Famiia 40cm";"49. Moda da casa";"Molho de tomate caseiro, mussarela, frango, palmito, bacon, milho, azeitona, catupiry e orégano. ";"117,00";"Sim";"";"https://client-assets.anota.ai/produtos/67606969295af30019b46262/-1734463468531blob"
"ADICIONAL / SABOR";"[GRUPO] Sabor Famiia 40cm";"5. Brócolis com bacon";"Molho de tomate caseiro, mussarela, brócolis, bacon, tomate, alho frito e orégano. ";"85,00";"Sim";"";"https://client-assets.anota.ai/produtos/67521dcc70782200190c87c5/-1737695214279blob"
"ADICIONAL / SABOR";"[GRUPO] Sabor Famiia 40cm";"50. Palmito";"Molho de tomate caseiro, mussarela, Palmito e orégano.";"117,00";"Sim";"";"https://client-assets.anota.ai/produtos/67521dcc70782200190c87c5/-1737697259780blob"
"ADICIONAL / SABOR";"[GRUPO] Sabor Famiia 40cm";"51. Pepperoni";"Molho de tomate caseiro, mussarela, pepperoni e orégano. ";"117,00";"Sim";"";"https://client-assets.anota.ai/produtos/67521dcc70782200190c87c5/-1737696842466blob"
"ADICIONAL / SABOR";"[GRUPO] Sabor Famiia 40cm";"52. Rúcula com tomate seco";"Molho de tomate caseiro, mussarela, tomate seco, rúcula e orégano.";"117,00";"Sim";"";"https://client-assets.anota.ai/produtos/67521dcc70782200190c87c5/-1737696604432blob"
"ADICIONAL / SABOR";"[GRUPO] Sabor Famiia 40cm";"53. Siciliana";"Molho de tomate caseiro, mussarela, bacon, champignon, catupiry e orégano.";"117,00";"Sim";"";"https://client-assets.anota.ai/produtos/67521dcc70782200190c87c5/-1737696739414blob"
"ADICIONAL / SABOR";"[GRUPO] Sabor Famiia 40cm";"54. Strogonoff de carne";"Molho de tomate caseiro, mussarela, strogonoff de carne e batata palha.";"117,00";"Sim";"";"https://client-assets.anota.ai/produtos/67521dcc70782200190c87c5/-1737696784707blob"
"ADICIONAL / SABOR";"[GRUPO] Sabor Famiia 40cm";"55. Strogonoff de frango";"Molho de tomate caseiro, mussarela, strogonoff de frango e batata palha.";"117,00";"Sim";"";"https://client-assets.anota.ai/produtos/67606969295af30019b46262/-1734463468531blob"
"ADICIONAL / SABOR";"[GRUPO] Sabor Famiia 40cm";"56. 4 Queijos";"Molho de tomate caseiro, mussrela, Parmesão, provolone, catupiry e orégano. ";"117,00";"Sim";"";"https://client-assets.anota.ai/produtos/67521dcc70782200190c87c5/-1737696672530blob"
"ADICIONAL / SABOR";"[GRUPO] Sabor Famiia 40cm";"57. 5 Queijos";"Molho de tomate caseiro, mussarela, provolone, parmesão, catupiry, cheddar e orégano. ";"117,00";"Sim";"";"https://client-assets.anota.ai/produtos/67521dcc70782200190c87c5/-1737696892883blob"
"ADICIONAL / SABOR";"[GRUPO] Sabor Famiia 40cm";"58. 6 Queijos";"Molho de tomate caseiro, mussarela, provolone, parmesão, gorgonzola, catupiry, cheddar e orégano.";"117,00";"Sim";"";"https://client-assets.anota.ai/produtos/67606969295af30019b46262/-1734463468531blob"
"ADICIONAL / SABOR";"[GRUPO] Sabor Famiia 40cm";"59. 4 Queijos com bacon";"Molho de tomate caseiro, mussarela, provolone, parmesão, catupiry, bacon e orégano. ";"117,00";"Sim";"";"https://client-assets.anota.ai/produtos/67606969295af30019b46262/-1734463468531blob"
"ADICIONAL / SABOR";"[GRUPO] Sabor Famiia 40cm";"6. Brócolis com bacon e catupiry";"Molho de tomate caseiro, mussarela, brócolis, bacon e catupiry";"85,00";"Sim";"";"https://client-assets.anota.ai/produtos/67606969295af30019b46262/-1734463468531blob"
"ADICIONAL / SABOR";"[GRUPO] Sabor Famiia 40cm";"60. 5 Queijos com bacon";"Molho de tomate caseiro, mussarela, parmesão, provolone, catupiry, cheddar, bacon e orégano.";"117,00";"Sim";"";"https://client-assets.anota.ai/produtos/67606969295af30019b46262/-1734463468531blob"
"ADICIONAL / SABOR";"[GRUPO] Sabor Famiia 40cm";"61. 6 Queijos com bacon";"Molho de tomate caseiro, mussarela, provolone, parmesão, gorgonzola, catupiry, cheddar e orégano. ";"117,00";"Sim";"";"https://client-assets.anota.ai/produtos/67606969295af30019b46262/-1734463468531blob"
"ADICIONAL / SABOR";"[GRUPO] Sabor Famiia 40cm";"62. Banana com chocolate preto e leite condensado. ";"Mussarela, banana, chocolate preto e leite condensado.";"85,00";"Sim";"";"https://client-assets.anota.ai/produtos/67434555cd292c0012cd3b27/-1734530628834blob"
"ADICIONAL / SABOR";"[GRUPO] Sabor Famiia 40cm";"63. Banana com canela";"Mussarela, banana, açúcar, canela e leite condensado";"85,00";"Sim";"";"https://client-assets.anota.ai/produtos/67434555cd292c0012cd3b27/-1734530628834blob"
"ADICIONAL / SABOR";"[GRUPO] Sabor Famiia 40cm";"64. Banana leite ninho e chocolate ao leite";"Banana com leite ninho, chocolate ao leite e leite condensado. ";"85,00";"Sim";"";"https://client-assets.anota.ai/produtos/67434555cd292c0012cd3b27/-1734530628834blob"
"ADICIONAL / SABOR";"[GRUPO] Sabor Famiia 40cm";"65. Banana leite ninho e leite condensado";"";"98,00";"Sim";"";"https://client-assets.anota.ai/produtos/67434555cd292c0012cd3b27/-1734530628834blob"
"ADICIONAL / SABOR";"[GRUPO] Sabor Famiia 40cm";"66. Brigadeiro";"Chocolate preto e granulado";"0,00";"Sim";"";"https://client-assets.anota.ai/produtos/67434555cd292c0012cd3b27/-1734530628834blob"
"ADICIONAL / SABOR";"[GRUPO] Sabor Famiia 40cm";"67. Chocolate branco";"Mussarela, chocolate branco e leite condensado. ";"85,00";"Sim";"";"https://client-assets.anota.ai/produtos/67434555cd292c0012cd3b27/-1734530628834blob"
"ADICIONAL / SABOR";"[GRUPO] Sabor Famiia 40cm";"68. Bem casado";"Mussarela, chocolate preto, chocolate branco e leite condensado";"85,00";"Sim";"";"https://client-assets.anota.ai/produtos/67434555cd292c0012cd3b27/-1734530628834blob"
"ADICIONAL / SABOR";"[GRUPO] Sabor Famiia 40cm";"69. Califórnia";"Mussarela, abacaxi, pêssego, figo, açúcar, canela e leite condensado";"117,00";"Sim";"";"https://client-assets.anota.ai/produtos/67434555cd292c0012cd3b27/-1734530628834blob"
"ADICIONAL / SABOR";"[GRUPO] Sabor Famiia 40cm";"7. Bacon";"Molho de tomate caseiro, mussarela, bacon e orégano.";"85,00";"Sim";"";"https://client-assets.anota.ai/produtos/67606969295af30019b46262/-1734463468531blob"
"ADICIONAL / SABOR";"[GRUPO] Sabor Famiia 40cm";"70. Confeti";"Mussarela, chocolate preto, confeti e leite condensado.";"85,00";"Sim";"";"https://client-assets.anota.ai/produtos/67521dcc70782200190c87c5/-1748755908566blob"
"ADICIONAL / SABOR";"[GRUPO] Sabor Famiia 40cm";"71. Charge";"Mussarela, chocolate preto, amendoim e leite condensado";"85,00";"Sim";"";"https://client-assets.anota.ai/produtos/67434555cd292c0012cd3b27/-1734530628834blob"
"ADICIONAL / SABOR";"[GRUPO] Sabor Famiia 40cm";"72. Charge branco";"Mussarela, chocolate branco, amendoim e leite condensado";"85,00";"Sim";"";"https://client-assets.anota.ai/produtos/67434555cd292c0012cd3b27/-1734530628834blob"
"ADICIONAL / SABOR";"[GRUPO] Sabor Famiia 40cm";"73. Chocolate preto";"Mussarela, chocolate preto e leite condensado. ";"85,00";"Sim";"";"https://client-assets.anota.ai/produtos/67521dcc70782200190c87c5/-1747415352983blob"
"ADICIONAL / SABOR";"[GRUPO] Sabor Famiia 40cm";"74. Prestigio";"Mussarela, chocolate preto, coco ralado e leite condensado";"85,00";"Sim";"";"https://client-assets.anota.ai/produtos/67434555cd292c0012cd3b27/-1734530628834blob"
"ADICIONAL / SABOR";"[GRUPO] Sabor Famiia 40cm";"75. Prestigio branco";"Mussarela, chocolate branco, coco ralado e leite condensado";"85,00";"Sim";"";"https://client-assets.anota.ai/produtos/67521dcc70782200190c87c5/-1747415797150blob"
"ADICIONAL / SABOR";"[GRUPO] Sabor Famiia 40cm";"76. Romeu e julieta";"Mussarela e goiabada";"85,00";"Sim";"";"https://client-assets.anota.ai/produtos/67434555cd292c0012cd3b27/-1734530628834blob"
"ADICIONAL / SABOR";"[GRUPO] Sabor Famiia 40cm";"77. Abacaxí com coco";"Mussarela, abacaxí picado, coco ralado, chocolate branco e leite condensado";"117,00";"Sim";"";"https://client-assets.anota.ai/produtos/67434555cd292c0012cd3b27/-1734530628834blob"
"ADICIONAL / SABOR";"[GRUPO] Sabor Famiia 40cm";"78. Banana nevada";"Mussarela, banana, canela, chocolate branco e leite condensado. ";"117,00";"Sim";"";"https://client-assets.anota.ai/produtos/67521dcc70782200190c87c5/-1737698403341blob"
"ADICIONAL / SABOR";"[GRUPO] Sabor Famiia 40cm";"79. Banoffe";"Mussarela banana, canela e doce de leite";"117,00";"Sim";"";"https://client-assets.anota.ai/produtos/67434555cd292c0012cd3b27/-1734530628834blob"
"ADICIONAL / SABOR";"[GRUPO] Sabor Famiia 40cm";"8. Bacon com abacaxi";"Molho caseiro, mussarela, bacon e abacaxi.";"85,00";"Sim";"";"https://client-assets.anota.ai/produtos/67606969295af30019b46262/-1734463468531blob"
"ADICIONAL / SABOR";"[GRUPO] Sabor Famiia 40cm";"80. Sensação";"Mussarela, chocolate preto, morango e leite condensado";"117,00";"Sim";"";"https://client-assets.anota.ai/produtos/67521dcc70782200190c87c5/-1747415228884blob"
"ADICIONAL / SABOR";"[GRUPO] Sabor Famiia 40cm";"81. Sensação branca";"Mussarela, chocolate branco, morango e leite condensado";"117,00";"Sim";"";"https://client-assets.anota.ai/produtos/67521dcc70782200190c87c5/-1747415101011blob"
"ADICIONAL / SABOR";"[GRUPO] Sabor Famiia 40cm";"82. Sonho de valsa";"Mussarela, chocolate preto, bombom sonho de valsa e leite condensado";"117,00";"Sim";"";"https://client-assets.anota.ai/produtos/67434555cd292c0012cd3b27/-1734530628834blob"
"ADICIONAL / SABOR";"[GRUPO] Sabor Famiia 40cm";"83. Óreo";"Mussarela, chocolate branco, biscoito óreo e leite condensado";"117,00";"Sim";"";"https://client-assets.anota.ai/produtos/67521dcc70782200190c87c5/-1737698720390blob"
"ADICIONAL / SABOR";"[GRUPO] Sabor Famiia 40cm";"9. Baiana";"Molho de tomate caseiro, mussarela, calabresa, cebola, pimenta calabresa, azeitonas verde e orégano.";"85,00";"Sim";"";"https://client-assets.anota.ai/produtos/67606969295af30019b46262/-1734463468531blob"
"ADICIONAL / SABOR";"[GRUPO] Sabor Famiia 40cm";"BARBECUE";"Molho de tomate caseiro, mussarela, lombo ao molho Barbecue e orégano.";"117,00";"Sim";"";""
"ADICIONAL / SABOR";"[GRUPO] Sabor Famiia 40cm";"CATUPERU";"Molho de tomate caseiro, mussarela, peito de peru, catupiry e orégano.";"85,00";"Sim";"";""
"ADICIONAL / SABOR";"[GRUPO] Sabor Famiia 40cm";"CHOCOLATE BRANCO COM NOZES";"Mussarela, chocolate branco, nozes e leite condensado. ";"117,00";"Sim";"";""
"ADICIONAL / SABOR";"[GRUPO] Sabor Famiia 40cm";"FLORESTA NEGRA";"Chocolate preto e cerejas.";"117,00";"Sim";"";""
"ADICIONAL / SABOR";"[GRUPO] Sabor Famiia 40cm";"FUGAZZETA";"Molho de tomate caseiro, mussarela, cebola, azeitonas verdes e orégano.";"85,00";"Sim";"";""
"ADICIONAL / SABOR";"[GRUPO] Sabor Famiia 40cm";"GAÚCHA";"Molho de tomate caseiro, mussarela, filé, cebola, pimentão, tomate, barbecue e orégano.";"117,00";"Sim";"";""
"ADICIONAL / SABOR";"[GRUPO] Sabor Famiia 40cm";"ITALIAN ";"Molho de tomate caseiro, mussarela, salame, tomate, azeitonas pretas e orégano.   ";"117,00";"Sim";"";""
"ADICIONAL / SABOR";"[GRUPO] Sabor Famiia 40cm";"LA CANTINA";"Molho de tomate caseiro, mussarela, tomate seco, manjericão, champignon, azeitonas pretas e orégano.";"117,00";"Sim";"";""
"ADICIONAL / SABOR";"[GRUPO] Sabor Famiia 40cm";"LINGUIÇA BLUMENAU";"Molho de tomate caseiro, linguiça Blumenau, mussarela, catupiry e orégano.";"117,00";"Sim";"";""
"ADICIONAL / SABOR";"[GRUPO] Sabor Famiia 40cm";"NORDESTINA ";" Molho de tomate caseiro, carne seca, cebola roxa, catupiry, mussarela, pimenta biquinho e orégano. ";"117,00";"Sim";"";""
"ADICIONAL / SABOR";"[GRUPO] Sabor Famiia 40cm";"PRESUNTO E QUEIJO (MODA ARGENTINA)";"Molho de tomate caseiro, mussarela, presunto e orégano.";"85,00";"Sim";"";""
"ADICIONAL / SABOR";"[GRUPO] Sabor Famiia 40cm";"PRIMAVERA";"Palmito, ervilha e ovos de codorna.";"117,00";"Sim";"";""
"ADICIONAL / SABOR";"[GRUPO] Sabor Famiia 40cm";"SPECIALE";" Molho de tomate caseiro, mussarela, anéis de cebola na manteiga, salsinha e orégano. ";"117,00";"Sim";"";""
"ADICIONAL / SABOR";"[GRUPO] Sabor Famiia 40cm";"TOSCANA";"Molho de tomate caseiro, mussarela, salame, provolone, manjericão e oregano.";"117,00";"Sim";"";""
"ADICIONAL / SABOR";"[GRUPO] Sabor Gigante 45cm";"1. Alho e óleo";"Molho de tomate caseiro, mussarela, alho frito e azeitonas pretas e orégano. ";"100,00";"Sim";"";"https://client-assets.anota.ai/produtos/67521dcc70782200190c87c5/-1737694644503blob"
"ADICIONAL / SABOR";"[GRUPO] Sabor Gigante 45cm";"10. Bauru";"Molho de tomate caseiro, mussarela, presunto, tomate e orégano.";"100,00";"Sim";"";"https://client-assets.anota.ai/produtos/67521dcc70782200190c87c5/-1737695122243blob"
"ADICIONAL / SABOR";"[GRUPO] Sabor Gigante 45cm";"11. Calabresa";"Molho de tomate caseiro, mussarela, calabresa e orégano. ";"100,00";"Sim";"";"https://client-assets.anota.ai/produtos/67521dcc70782200190c87c5/-1737695269496blob"
"ADICIONAL / SABOR";"[GRUPO] Sabor Gigante 45cm";"12. Calabresa com cebola";"Molho de tomate caseiro, mussarela, calabresa, cebola e orégano.";"100,00";"Sim";"";"https://client-assets.anota.ai/produtos/67521dcc70782200190c87c5/-1737695778147blob"
"ADICIONAL / SABOR";"[GRUPO] Sabor Gigante 45cm";"13. Calabresa especial";"Molho de tomate caseiro, mussarela, calabresa, cebola, catupiry e ovos.";"100,00";"Sim";"";"https://client-assets.anota.ai/produtos/67606969295af30019b46262/-1734463468531blob"
"ADICIONAL / SABOR";"[GRUPO] Sabor Gigante 45cm";"14. Catulabresa";"Molho de tomate caseiro, mussarela, calabresa e catupiry.";"100,00";"Sim";"";"https://client-assets.anota.ai/produtos/67606969295af30019b46262/-1734463468531blob"
"ADICIONAL / SABOR";"[GRUPO] Sabor Gigante 45cm";"15. Canadense";"Molho de tomate caseiro, mussarela, lombo canadense, catupiry e orégano.";"100,00";"Sim";"";"https://client-assets.anota.ai/produtos/67521dcc70782200190c87c5/-1737695323565blob"
"ADICIONAL / SABOR";"[GRUPO] Sabor Gigante 45cm";"16. Carbonara";"Molho de tomate caseiro, mussarela, Bacon, ovos e creme de leite";"100,00";"Sim";"";"https://client-assets.anota.ai/produtos/67606969295af30019b46262/-1734463468531blob"
"ADICIONAL / SABOR";"[GRUPO] Sabor Gigante 45cm";"17. Crocante";"Molho de tomate caseiro, mussarela, bacon, batata palha e orégano. ";"100,00";"Sim";"";"https://client-assets.anota.ai/produtos/67521dcc70782200190c87c5/-1737695399619blob"
"ADICIONAL / SABOR";"[GRUPO] Sabor Gigante 45cm";"18. Difiori";"Molho de tomate caseiro, mussarela, frango, bacon, tomate e creme de leite";"100,00";"Sim";"";"https://client-assets.anota.ai/produtos/67606969295af30019b46262/-1734463468531blob"
"ADICIONAL / SABOR";"[GRUPO] Sabor Gigante 45cm";"19. Frango catupiry";"Molho de tomate caseiro, mussarela, frango com catupiry e orégano.";"100,00";"Sim";"";"https://client-assets.anota.ai/produtos/67521dcc70782200190c87c5/-1737696013237blob"
"ADICIONAL / SABOR";"[GRUPO] Sabor Gigante 45cm";"2. Alhobresa";"Molho de tomate caseiro, mussarela, calabresa, alho e orégano. ";"100,00";"Sim";"";"https://client-assets.anota.ai/produtos/67606969295af30019b46262/-1734463468531blob"
"ADICIONAL / SABOR";"[GRUPO] Sabor Gigante 45cm";"20. Frango caipira";"Molho de tomate caseiro, mussarela, frango, milho, bacon, catupiry e orégano.";"100,00";"Sim";"";"https://client-assets.anota.ai/produtos/67521dcc70782200190c87c5/-1737696152259blob"
"ADICIONAL / SABOR";"[GRUPO] Sabor Gigante 45cm";"21. Fricasse";"Molho de tomate caseiro, mussarela, frango, milho, creme de leite e batata palha.";"100,00";"Sim";"";"https://client-assets.anota.ai/produtos/67606969295af30019b46262/-1734463468531blob"
"ADICIONAL / SABOR";"[GRUPO] Sabor Gigante 45cm";"22. Havaiana";"Molho de tomate caseiro, mussarela, lombo canadense, abacaxi e orégano.";"100,00";"Sim";"";"https://client-assets.anota.ai/produtos/67521dcc70782200190c87c5/-1737695866889blob"
"ADICIONAL / SABOR";"[GRUPO] Sabor Gigante 45cm";"23. Italiana";"Molho de tomate caseiro, mussarela, presunto, bacon, milho, palmito e orégano.";"100,00";"Sim";"";"https://client-assets.anota.ai/produtos/67606969295af30019b46262/-1734463468531blob"
"ADICIONAL / SABOR";"[GRUPO] Sabor Gigante 45cm";"24. La torre";"Molho de tomate caseiro, mussarela, lombo canadense, palmito e creme de leite.";"100,00";"Sim";"";"https://client-assets.anota.ai/produtos/67606969295af30019b46262/-1734463468531blob"
"ADICIONAL / SABOR";"[GRUPO] Sabor Gigante 45cm";"25. Lombinho";"Molho de tomate caseiro, mussarela, lombo canadense, cebola e orégano.";"100,00";"Sim";"";"https://client-assets.anota.ai/produtos/67521dcc70782200190c87c5/-1737696261278blob"
"ADICIONAL / SABOR";"[GRUPO] Sabor Gigante 45cm";"26. Marguerita";"Molho de tomate caseiro, mussarela, tomate, manjericão, azeitonas pretas e orégano.";"100,00";"Sim";"";"https://client-assets.anota.ai/produtos/67521dcc70782200190c87c5/-1737696326540blob"
"ADICIONAL / SABOR";"[GRUPO] Sabor Gigante 45cm";"27. Milho com catupiry";"Molho de tomate caseiro, mussarela, milho e catupiry.";"100,00";"Sim";"";"https://client-assets.anota.ai/produtos/67606969295af30019b46262/-1734463468531blob"
"ADICIONAL / SABOR";"[GRUPO] Sabor Gigante 45cm";"28. Milho e bacon";"Molho de tomate caseiro, mussarela, milho e bacon.";"100,00";"Sim";"";"https://client-assets.anota.ai/produtos/67606969295af30019b46262/-1734463468531blob"
"ADICIONAL / SABOR";"[GRUPO] Sabor Gigante 45cm";"29. Mussarela";"Molho de tomate caseiro, mussarela, tomate, azeitonas verde e orégano.";"100,00";"Sim";"";"https://client-assets.anota.ai/produtos/67521dcc70782200190c87c5/-1737696954898blob"
"ADICIONAL / SABOR";"[GRUPO] Sabor Gigante 45cm";"3. Americana";"Molho de tomate caseiro, mussarela, milho, bacon, ovos e orégano. ";"100,00";"Sim";"";"https://client-assets.anota.ai/produtos/67606969295af30019b46262/-1734463468531blob"
"ADICIONAL / SABOR";"[GRUPO] Sabor Gigante 45cm";"30. Napolitana";"Molho de tomate caseiro, mussarela, tomate, provolone e orégano.";"100,00";"Sim";"";"https://client-assets.anota.ai/produtos/67606969295af30019b46262/-1734463468531blob"
"ADICIONAL / SABOR";"[GRUPO] Sabor Gigante 45cm";"31. Portuguesa";"Molho de tomate caseiro, mussarela, presunto, queijo, ovo, tomate, cebola, pimentão, azeitonas verde e orégano.";"100,00";"Sim";"";"https://client-assets.anota.ai/produtos/67521dcc70782200190c87c5/-1737698133288blob"
"ADICIONAL / SABOR";"[GRUPO] Sabor Gigante 45cm";"32. Vegetariana";"Molho de tomate caseiro, mussarela, palmito, milho, brócolis, tomate e orégano.";"100,00";"Sim";"";"https://client-assets.anota.ai/produtos/67521dcc70782200190c87c5/-1737697523613blob"
"ADICIONAL / SABOR";"[GRUPO] Sabor Gigante 45cm";"33. Veneza";"Molho de tomate caseiro, mussarela, lombo, bacon, ovos e orégano.";"100,00";"Sim";"";"https://client-assets.anota.ai/produtos/67521dcc70782200190c87c5/-1737697468914blob"
"ADICIONAL / SABOR";"[GRUPO] Sabor Gigante 45cm";"34. Verona";"Molho de tomate caseiro, mussarela, lombo canadense, palmito, milho, catupiry, alho frito e orégano. ";"100,00";"Sim";"";"https://client-assets.anota.ai/produtos/67521dcc70782200190c87c5/-1737697634118blob"
"ADICIONAL / SABOR";"[GRUPO] Sabor Gigante 45cm";"35. Atum";"Molho de tomate caseiro, mussarela, atum, cebola, catupiry e orégano. +";"132,00";"Sim";"";"https://client-assets.anota.ai/produtos/67521dcc70782200190c87c5/-1737696503697blob"
"ADICIONAL / SABOR";"[GRUPO] Sabor Gigante 45cm";"36. Bolonhesa";"Molho de tomate caseiro, mussarela, carne moída, cebola, tomate e pimentão.";"132,00";"Sim";"";"https://client-assets.anota.ai/produtos/67606969295af30019b46262/-1734463468531blob"
"ADICIONAL / SABOR";"[GRUPO] Sabor Gigante 45cm";"37. Camarão alho e óleo";"Molho de tomate caseiro, mussarela, camarão ao alho e óleo e orégano.";"140,00";"Sim";"";"https://client-assets.anota.ai/produtos/67521dcc70782200190c87c5/-1737696442271blob"
"ADICIONAL / SABOR";"[GRUPO] Sabor Gigante 45cm";"38. Camarão aos 4 queijos";"Molho de tomate caseiro, mussarela, camarão, parmesão, provolone e catupiry.";"140,00";"Sim";"";"https://client-assets.anota.ai/produtos/67521dcc70782200190c87c5/-1737696390224blob"
"ADICIONAL / SABOR";"[GRUPO] Sabor Gigante 45cm";"39. Coração";"Molho de tomate caseiro, mussarela, coração, cebola e catupiry.";"132,00";"Sim";"";"https://client-assets.anota.ai/produtos/67606969295af30019b46262/-1734463468531blob"
"ADICIONAL / SABOR";"[GRUPO] Sabor Gigante 45cm";"4. Brócolis";"Molho de tomate caseiro, mussarela, brócolis, tomate, alho frito e orégano.";"100,00";"Sim";"";"https://client-assets.anota.ai/produtos/67521dcc70782200190c87c5/-1737694875750blob"
"ADICIONAL / SABOR";"[GRUPO] Sabor Gigante 45cm";"40. Champignon";"Molho de tomate caseiro, mussarela, champignon, catupiry e orégano.";"132,00";"Sim";"";"https://client-assets.anota.ai/produtos/67606969295af30019b46262/-1734463468531blob"
"ADICIONAL / SABOR";"[GRUPO] Sabor Gigante 45cm";"41. Filé ao alho";"Molho de tomate caseiro, mussarela, filé, alho frito e orégano.";"132,00";"Sim";"";"https://client-assets.anota.ai/produtos/67521dcc70782200190c87c5/-1737697069975blob"
"ADICIONAL / SABOR";"[GRUPO] Sabor Gigante 45cm";"42. Filé com fritas";"Molho de tomate caseiro, mussarela, tiras de carne, batata frita e orégano.";"132,00";"Sim";"";"https://client-assets.anota.ai/produtos/67521dcc70782200190c87c5/-1737697011792blob"
"ADICIONAL / SABOR";"[GRUPO] Sabor Gigante 45cm";"43. Filé com catupiry";"Molho de tomate caseiro, mussarela, tiras de carne e catupiry.";"132,00";"Sim";"";"https://client-assets.anota.ai/produtos/67606969295af30019b46262/-1734463468531blob"
"ADICIONAL / SABOR";"[GRUPO] Sabor Gigante 45cm";"44. Filé com cheddar";"Molho de tomate caseiro, mussarela, Filé e cheddar.";"132,00";"Sim";"";"https://client-assets.anota.ai/produtos/67606969295af30019b46262/-1734463468531blob"
"ADICIONAL / SABOR";"[GRUPO] Sabor Gigante 45cm";"45. Filé aos 4 queijos";"Molho de tomate caseiro, mussarela, provolone, parmesão, catupiry e filé.";"132,00";"Sim";"";"https://client-assets.anota.ai/produtos/67606969295af30019b46262/-1734463468531blob"
"ADICIONAL / SABOR";"[GRUPO] Sabor Gigante 45cm";"46. Filé aos 5 queijos";"Molho de tomate caseiro, mussarela, provolone, parmesão, catupiry, cheddar e filé.";"132,00";"Sim";"";"https://client-assets.anota.ai/produtos/67606969295af30019b46262/-1734463468531blob"
"ADICIONAL / SABOR";"[GRUPO] Sabor Gigante 45cm";"47. Filé com tomate";"Molho de tomate caseiro, mussarela, filé e tomate.";"132,00";"Sim";"";"https://client-assets.anota.ai/produtos/67606969295af30019b46262/-1734463468531blob"
"ADICIONAL / SABOR";"[GRUPO] Sabor Gigante 45cm";"48. Mexicana";"Molho de tomate caseiro, mussarela, iscas de carne, cheddar, cebola e nachos.";"132,00";"Sim";"";"https://client-assets.anota.ai/produtos/67606969295af30019b46262/-1734463468531blob"
"ADICIONAL / SABOR";"[GRUPO] Sabor Gigante 45cm";"49. Moda da casa";"Molho de tomate caseiro, mussarela, frango, palmito, bacon, milho, azeitona, catupiry e orégano. ";"132,00";"Sim";"";"https://client-assets.anota.ai/produtos/67606969295af30019b46262/-1734463468531blob"
"ADICIONAL / SABOR";"[GRUPO] Sabor Gigante 45cm";"5. Brócolis com bacon";"Molho de tomate caseiro, mussarela, brócolis, bacon, tomate, alho frito e orégano. ";"100,00";"Sim";"";"https://client-assets.anota.ai/produtos/67521dcc70782200190c87c5/-1737695214279blob"
"ADICIONAL / SABOR";"[GRUPO] Sabor Gigante 45cm";"50. Palmito";"Molho de tomate caseiro, mussarela, Palmito e orégano.";"132,00";"Sim";"";"https://client-assets.anota.ai/produtos/67521dcc70782200190c87c5/-1737697259780blob"
"ADICIONAL / SABOR";"[GRUPO] Sabor Gigante 45cm";"51. Pepperoni";"Molho de tomate caseiro, mussarela, pepperoni e orégano. ";"132,00";"Sim";"";"https://client-assets.anota.ai/produtos/67521dcc70782200190c87c5/-1737696842466blob"
"ADICIONAL / SABOR";"[GRUPO] Sabor Gigante 45cm";"52. Rúcula com tomate seco";"Molho de tomate caseiro, mussarela, tomate seco, rúcula e orégano.";"132,00";"Sim";"";"https://client-assets.anota.ai/produtos/67521dcc70782200190c87c5/-1737696604432blob"
"ADICIONAL / SABOR";"[GRUPO] Sabor Gigante 45cm";"53. Siciliana";"Molho de tomate caseiro, mussarela, bacon, champignon, catupiry e orégano.";"132,00";"Sim";"";"https://client-assets.anota.ai/produtos/67521dcc70782200190c87c5/-1737696739414blob"
"ADICIONAL / SABOR";"[GRUPO] Sabor Gigante 45cm";"54. Strogonoff de carne";"Molho de tomate caseiro, mussarela, strogonoff de carne e batata palha.";"132,00";"Sim";"";"https://client-assets.anota.ai/produtos/67521dcc70782200190c87c5/-1737696784707blob"
"ADICIONAL / SABOR";"[GRUPO] Sabor Gigante 45cm";"55. Strogonoff de frango";"Molho de tomate caseiro, mussarela, strogonoff de frango e batata palha.";"132,00";"Sim";"";"https://client-assets.anota.ai/produtos/67606969295af30019b46262/-1734463468531blob"
"ADICIONAL / SABOR";"[GRUPO] Sabor Gigante 45cm";"56. 4 Queijos";"Molho de tomate caseiro, mussrela, Parmesão, provolone, catupiry e orégano. ";"132,00";"Sim";"";"https://client-assets.anota.ai/produtos/67521dcc70782200190c87c5/-1737696672530blob"
"ADICIONAL / SABOR";"[GRUPO] Sabor Gigante 45cm";"57. 5 Queijos";"Molho de tomate caseiro, mussarela, provolone, parmesão, catupiry, cheddar e orégano. ";"132,00";"Sim";"";"https://client-assets.anota.ai/produtos/67521dcc70782200190c87c5/-1737696892883blob"
"ADICIONAL / SABOR";"[GRUPO] Sabor Gigante 45cm";"58. 6 Queijos";"Molho de tomate caseiro, mussarela, provolone, parmesão, gorgonzola, catupiry, cheddar e orégano.";"132,00";"Sim";"";"https://client-assets.anota.ai/produtos/67606969295af30019b46262/-1734463468531blob"
"ADICIONAL / SABOR";"[GRUPO] Sabor Gigante 45cm";"59. 4 Queijos com bacon";"Molho de tomate caseiro, mussarela, provolone, parmesão, catupiry, bacon e orégano. ";"132,00";"Sim";"";"https://client-assets.anota.ai/produtos/67606969295af30019b46262/-1734463468531blob"
"ADICIONAL / SABOR";"[GRUPO] Sabor Gigante 45cm";"6. Brócolis com bacon e catupiry";"Molho de tomate caseiro, mussarela, brócolis, bacon e catupiry";"100,00";"Sim";"";"https://client-assets.anota.ai/produtos/67606969295af30019b46262/-1734463468531blob"
"ADICIONAL / SABOR";"[GRUPO] Sabor Gigante 45cm";"60. 5 Queijos com bacon";"Molho de tomate caseiro, mussarela, parmesão, provolone, catupiry, cheddar, bacon e orégano.";"132,00";"Sim";"";"https://client-assets.anota.ai/produtos/67606969295af30019b46262/-1734463468531blob"
"ADICIONAL / SABOR";"[GRUPO] Sabor Gigante 45cm";"61. 6 Queijos com bacon";"Molho de tomate caseiro, mussarela, provolone, parmesão, gorgonzola, catupiry, cheddar e orégano. ";"132,00";"Sim";"";"https://client-assets.anota.ai/produtos/67606969295af30019b46262/-1734463468531blob"
"ADICIONAL / SABOR";"[GRUPO] Sabor Gigante 45cm";"62. Banana com chocolate preto e leite condensado. ";"Mussarela, banana, chocolate preto e leite condensado.";"100,00";"Sim";"";"https://client-assets.anota.ai/produtos/67434555cd292c0012cd3b27/-1734530628834blob"
"ADICIONAL / SABOR";"[GRUPO] Sabor Gigante 45cm";"63. Banana com canela";"Mussarela, banana, açúcar, canela e leite condensado";"100,00";"Sim";"";"https://client-assets.anota.ai/produtos/67434555cd292c0012cd3b27/-1734530628834blob"
"ADICIONAL / SABOR";"[GRUPO] Sabor Gigante 45cm";"64. Banana leite ninho e chocolate ao leite";"Banana com leite ninho, chocolate ao leite e leite condensado. ";"100,00";"Sim";"";"https://client-assets.anota.ai/produtos/67434555cd292c0012cd3b27/-1734530628834blob"
"ADICIONAL / SABOR";"[GRUPO] Sabor Gigante 45cm";"65. Banana leite ninho e leite condensado";"";"115,00";"Sim";"";"https://client-assets.anota.ai/produtos/67434555cd292c0012cd3b27/-1734530628834blob"
"ADICIONAL / SABOR";"[GRUPO] Sabor Gigante 45cm";"66. Brigadeiro";"Chocolate preto e granulado";"0,00";"Sim";"";"https://client-assets.anota.ai/produtos/67434555cd292c0012cd3b27/-1734530628834blob"
"ADICIONAL / SABOR";"[GRUPO] Sabor Gigante 45cm";"67. Chocolate branco";"Mussarela, chocolate branco e leite condensado. ";"100,00";"Sim";"";"https://client-assets.anota.ai/produtos/67434555cd292c0012cd3b27/-1734530628834blob"
"ADICIONAL / SABOR";"[GRUPO] Sabor Gigante 45cm";"68. Bem casado";"Mussarela, chocolate preto, chocolate branco e leite condensado";"100,00";"Sim";"";"https://client-assets.anota.ai/produtos/67434555cd292c0012cd3b27/-1734530628834blob"
"ADICIONAL / SABOR";"[GRUPO] Sabor Gigante 45cm";"69. Califórnia";"Mussarela, abacaxi, pêssego, figo, açúcar, canela e leite condensado";"132,00";"Sim";"";"https://client-assets.anota.ai/produtos/67434555cd292c0012cd3b27/-1734530628834blob"
"ADICIONAL / SABOR";"[GRUPO] Sabor Gigante 45cm";"7. Bacon";"Molho de tomate caseiro, mussarela, bacon e orégano.";"100,00";"Sim";"";"https://client-assets.anota.ai/produtos/67606969295af30019b46262/-1734463468531blob"
"ADICIONAL / SABOR";"[GRUPO] Sabor Gigante 45cm";"70. Confeti";"Mussarela, chocolate preto, confeti e leite condensado.";"100,00";"Sim";"";"https://client-assets.anota.ai/produtos/67521dcc70782200190c87c5/-1748755908566blob"
"ADICIONAL / SABOR";"[GRUPO] Sabor Gigante 45cm";"71. Charge";"Mussarela, chocolate preto, amendoim e leite condensado";"100,00";"Sim";"";"https://client-assets.anota.ai/produtos/67434555cd292c0012cd3b27/-1734530628834blob"
"ADICIONAL / SABOR";"[GRUPO] Sabor Gigante 45cm";"72. Charge branco";"Mussarela, chocolate branco, amendoim e leite condensado";"100,00";"Sim";"";"https://client-assets.anota.ai/produtos/67434555cd292c0012cd3b27/-1734530628834blob"
"ADICIONAL / SABOR";"[GRUPO] Sabor Gigante 45cm";"73. Chocolate preto";"Mussarela, chocolate preto e leite condensado. ";"100,00";"Sim";"";"https://client-assets.anota.ai/produtos/67521dcc70782200190c87c5/-1747415352983blob"
"ADICIONAL / SABOR";"[GRUPO] Sabor Gigante 45cm";"74. Prestigio";"Mussarela, chocolate preto, coco ralado e leite condensado";"100,00";"Sim";"";"https://client-assets.anota.ai/produtos/67434555cd292c0012cd3b27/-1734530628834blob"
"ADICIONAL / SABOR";"[GRUPO] Sabor Gigante 45cm";"75. Prestigio branco";"Mussarela, chocolate branco, coco ralado e leite condensado";"100,00";"Sim";"";"https://client-assets.anota.ai/produtos/67521dcc70782200190c87c5/-1747415797150blob"
"ADICIONAL / SABOR";"[GRUPO] Sabor Gigante 45cm";"76. Romeu e julieta";"Mussarela e goiabada";"100,00";"Sim";"";"https://client-assets.anota.ai/produtos/67434555cd292c0012cd3b27/-1734530628834blob"
"ADICIONAL / SABOR";"[GRUPO] Sabor Gigante 45cm";"77. Abacaxí com coco";"Mussarela, abacaxí picado, coco ralado, chocolate branco e leite condensado";"132,00";"Sim";"";"https://client-assets.anota.ai/produtos/67434555cd292c0012cd3b27/-1734530628834blob"
"ADICIONAL / SABOR";"[GRUPO] Sabor Gigante 45cm";"78. Banana nevada";"Mussarela, banana, canela, chocolate branco e leite condensado. ";"132,00";"Sim";"";"https://client-assets.anota.ai/produtos/67521dcc70782200190c87c5/-1737698403341blob"
"ADICIONAL / SABOR";"[GRUPO] Sabor Gigante 45cm";"79. Banoffe";"Mussarela banana, canela e doce de leite";"132,00";"Sim";"";"https://client-assets.anota.ai/produtos/67434555cd292c0012cd3b27/-1734530628834blob"
"ADICIONAL / SABOR";"[GRUPO] Sabor Gigante 45cm";"8. Bacon com abacaxi";"Molho caseiro, mussarela, bacon e abacaxi.";"100,00";"Sim";"";"https://client-assets.anota.ai/produtos/67606969295af30019b46262/-1734463468531blob"
"ADICIONAL / SABOR";"[GRUPO] Sabor Gigante 45cm";"80. Sensação";"Mussarela, chocolate preto, morango e leite condensado";"132,00";"Sim";"";"https://client-assets.anota.ai/produtos/67521dcc70782200190c87c5/-1747415228884blob"
"ADICIONAL / SABOR";"[GRUPO] Sabor Gigante 45cm";"81. Sensação branca";"Mussarela, chocolate branco, morango e leite condensado";"132,00";"Sim";"";"https://client-assets.anota.ai/produtos/67521dcc70782200190c87c5/-1747415101011blob"
"ADICIONAL / SABOR";"[GRUPO] Sabor Gigante 45cm";"82. Sonho de valsa";"Mussarela, chocolate preto, bombom sonho de valsa e leite condensado";"132,00";"Sim";"";"https://client-assets.anota.ai/produtos/67434555cd292c0012cd3b27/-1734530628834blob"
"ADICIONAL / SABOR";"[GRUPO] Sabor Gigante 45cm";"83. Óreo";"Mussarela, chocolate branco, biscoito óreo e leite condensado";"132,00";"Sim";"";"https://client-assets.anota.ai/produtos/67521dcc70782200190c87c5/-1737698720390blob"
"ADICIONAL / SABOR";"[GRUPO] Sabor Gigante 45cm";"9. Baiana";"Molho de tomate caseiro, mussarela, calabresa, cebola, pimenta calabresa, azeitonas verde e orégano.";"100,00";"Sim";"";"https://client-assets.anota.ai/produtos/67606969295af30019b46262/-1734463468531blob"
"ADICIONAL / SABOR";"[GRUPO] Sabor Gigante 45cm";"BARBECUE";"Molho de tomate caseiro, mussarela, lombo ao molho Barbecue e orégano.";"132,00";"Sim";"";""
"ADICIONAL / SABOR";"[GRUPO] Sabor Gigante 45cm";"CATUPERU";"Molho de tomate caseiro, mussarela, peito de peru, catupiry e orégano.";"100,00";"Sim";"";""
"ADICIONAL / SABOR";"[GRUPO] Sabor Gigante 45cm";"CHOCOLATE BRANCO COM NOZES";"Mussarela, chocolate branco, nozes e leite condensado. ";"132,00";"Sim";"";""
"ADICIONAL / SABOR";"[GRUPO] Sabor Gigante 45cm";"FLORESTA NEGRA";"Chocolate preto e cerejas.";"132,00";"Sim";"";""
"ADICIONAL / SABOR";"[GRUPO] Sabor Gigante 45cm";"FUGAZZETA";"Molho de tomate caseiro, mussarela, cebola, azeitonas verdes e orégano.";"100,00";"Sim";"";""
"ADICIONAL / SABOR";"[GRUPO] Sabor Gigante 45cm";"GAÚCHA";"Molho de tomate caseiro, mussarela, filé, cebola, pimentão, tomate, barbecue e orégano.";"132,00";"Sim";"";""
"ADICIONAL / SABOR";"[GRUPO] Sabor Gigante 45cm";"ITALIAN ";"Molho de tomate caseiro, mussarela, salame, tomate, azeitonas pretas e orégano.   ";"132,00";"Sim";"";""
"ADICIONAL / SABOR";"[GRUPO] Sabor Gigante 45cm";"LA CANTINA";"Molho de tomate caseiro, mussarela, tomate seco, manjericão, champignon, azeitonas pretas e orégano.";"132,00";"Sim";"";""
"ADICIONAL / SABOR";"[GRUPO] Sabor Gigante 45cm";"LINGUIÇA BLUMENAU";"Molho de tomate caseiro, linguiça Blumenau, mussarela, catupiry e orégano.";"132,00";"Sim";"";""
"ADICIONAL / SABOR";"[GRUPO] Sabor Gigante 45cm";"NORDESTINA ";" Molho de tomate caseiro, carne seca, cebola roxa, catupiry, mussarela, pimenta biquinho e orégano. ";"132,00";"Sim";"";""
"ADICIONAL / SABOR";"[GRUPO] Sabor Gigante 45cm";"PRESUNTO E QUEIJO (MODA ARGENTINA)";"Molho de tomate caseiro, mussarela, presunto e orégano.";"100,00";"Sim";"";""
"ADICIONAL / SABOR";"[GRUPO] Sabor Gigante 45cm";"PRIMAVERA";"Palmito, ervilha e ovos de codorna.";"132,00";"Sim";"";""
"ADICIONAL / SABOR";"[GRUPO] Sabor Gigante 45cm";"SPECIALE";" Molho de tomate caseiro, mussarela, anéis de cebola na manteiga, salsinha e orégano. ";"132,00";"Sim";"";""
"ADICIONAL / SABOR";"[GRUPO] Sabor Gigante 45cm";"TOSCANA";"Molho de tomate caseiro, mussarela, salame, provolone, manjericão e oregano.";"132,00";"Sim";"";""
"ADICIONAL / SABOR";"[GRUPO] Adicionais";"Hambúrguer 160gr";"";"10,00";"Sim";"";"https://client-assets.anota.ai/produtos/67521dcc70782200190c87c5/-1745850528981blob"
"ADICIONAL / SABOR";"[GRUPO] Adicionais";"Cebola na chapa";"";"3,00";"Sim";"";"https://client-assets.anota.ai/produtos/67521dcc70782200190c87c5/-1745850528753blob"
"ADICIONAL / SABOR";"[GRUPO] Adicionais";"Cebola Crispy";"";"3,50";"Sim";"";"https://client-assets.anota.ai/produtos/67521dcc70782200190c87c5/-1745850529228blob"
"ADICIONAL / SABOR";"[GRUPO] Adicionais";"Abacaxi";"";"8,00";"Sim";"";"https://client-assets.anota.ai/produtos/67521dcc70782200190c87c5/-1745850528859blob"
"ADICIONAL / SABOR";"[GRUPO] Adicionais";"Ovo frito";"";"4,00";"Sim";"";"https://client-assets.anota.ai/produtos/67521dcc70782200190c87c5/-1745850529163blob"
"ADICIONAL / SABOR";"[GRUPO] Adicionais";"Bacon em fatias";"";"6,00";"Sim";"";"https://client-assets.anota.ai/produtos/67521dcc70782200190c87c5/-1745850529018blob"
"ADICIONAL / SABOR";"[GRUPO] Adicionais";"Catupiry";"";"4,00";"Sim";"";"https://client-assets.anota.ai/produtos/67521dcc70782200190c87c5/-1748754922312blob"
"ADICIONAL / SABOR";"[GRUPO] Adicionais";"Cheddar";"";"5,00";"Sim";"";"https://client-assets.anota.ai/produtos/67521dcc70782200190c87c5/-1748753338732blob"
"ADICIONAL / SABOR";"[GRUPO] Escolha até 3 sabores da Pizza Grande";"1. Alho e óleo";"Molho de tomate caseiro, mussarela, alho frito e azeitonas pretas e orégano. ";"0,00";"Sim";"";"https://client-assets.anota.ai/produtos/67521dcc70782200190c87c5/-1737694644503blob"
"ADICIONAL / SABOR";"[GRUPO] Escolha até 3 sabores da Pizza Grande";"11. Calabresa";"Molho de tomate caseiro, mussarela, calabresa e orégano. ";"0,00";"Sim";"";"https://client-assets.anota.ai/produtos/67521dcc70782200190c87c5/-1737695269496blob"
"ADICIONAL / SABOR";"[GRUPO] Escolha até 3 sabores da Pizza Grande";"32. Vegetariana";"Molho de tomate caseiro, mussarela, palmito, milho, brócolis, tomate e orégano.";"0,00";"Sim";"";"https://client-assets.anota.ai/produtos/67521dcc70782200190c87c5/-1737697523613blob"
"ADICIONAL / SABOR";"[GRUPO] Escolha até 3 sabores da Pizza Grande";"46. Filé aos 5 queijos";"Molho de tomate caseiro, mussarela, provolone, parmesão, catupiry, cheddar e filé.";"8,00";"Sim";"";"https://client-assets.anota.ai/produtos/67606969295af30019b46262/-1734463468531blob"
"ADICIONAL / SABOR";"[GRUPO] Escolha até 3 sabores da Pizza Grande";"36. Bolonhesa";"Molho de tomate caseiro, mussarela, carne moída, cebola, tomate e pimentão.";"8,00";"Sim";"";"https://client-assets.anota.ai/produtos/67606969295af30019b46262/-1734463468531blob"
"ADICIONAL / SABOR";"[GRUPO] Escolha até 3 sabores da Pizza Grande";"35. Atum";"Molho de tomate caseiro, mussarela, atum, cebola, catupiry e orégano. +";"8,00";"Sim";"";"https://client-assets.anota.ai/produtos/67521dcc70782200190c87c5/-1737696503697blob"
"ADICIONAL / SABOR";"[GRUPO] Escolha até 3 sabores da Pizza Grande";"20. Frango caipira";"Molho de tomate caseiro, mussarela, frango, milho, bacon, catupiry e orégano.";"0,00";"Sim";"";"https://client-assets.anota.ai/produtos/67521dcc70782200190c87c5/-1737696152259blob"
"ADICIONAL / SABOR";"[GRUPO] Escolha até 3 sabores da Pizza Grande";"34. Verona";"Molho de tomate caseiro, mussarela, lombo canadense, palmito, milho, catupiry, alho frito e orégano. ";"0,00";"Sim";"";"https://client-assets.anota.ai/produtos/67521dcc70782200190c87c5/-1737697634118blob"
"ADICIONAL / SABOR";"[GRUPO] Escolha até 3 sabores da Pizza Grande";"55. Strogonoff de frango";"Molho de tomate caseiro, mussarela, strogonoff de frango e batata palha.";"8,00";"Sim";"";"https://client-assets.anota.ai/produtos/67606969295af30019b46262/-1734463468531blob"
"ADICIONAL / SABOR";"[GRUPO] Escolha até 3 sabores da Pizza Grande";"37. Camarão alho e óleo";"Molho de tomate caseiro, mussarela, camarão ao alho e óleo e orégano.";"8,00";"Sim";"";"https://client-assets.anota.ai/produtos/67521dcc70782200190c87c5/-1737696442271blob"
"ADICIONAL / SABOR";"[GRUPO] Escolha até 3 sabores da Pizza Grande";"31. Portuguesa";"Molho de tomate caseiro, mussarela, presunto, queijo, ovo, tomate, cebola, pimentão, azeitonas verde e orégano.";"0,00";"Sim";"";"https://client-assets.anota.ai/produtos/67521dcc70782200190c87c5/-1737698133288blob"
"ADICIONAL / SABOR";"[GRUPO] Escolha até 3 sabores da Pizza Grande";"21. Fricasse";"Molho de tomate caseiro, mussarela, frango, milho, creme de leite e batata palha.";"0,00";"Sim";"";"https://client-assets.anota.ai/produtos/67606969295af30019b46262/-1734463468531blob"
"ADICIONAL / SABOR";"[GRUPO] Escolha até 3 sabores da Pizza Grande";"52. Rúcula com tomate seco";"Molho de tomate caseiro, mussarela, tomate seco, rúcula e orégano.";"8,00";"Sim";"";"https://client-assets.anota.ai/produtos/67521dcc70782200190c87c5/-1737696604432blob"
"ADICIONAL / SABOR";"[GRUPO] Escolha até 3 sabores da Pizza Grande";"23. Italiana";"Molho de tomate caseiro, mussarela, presunto, bacon, milho, palmito e orégano.";"8,00";"Sim";"";"https://client-assets.anota.ai/produtos/67606969295af30019b46262/-1734463468531blob"
"ADICIONAL / SABOR";"[GRUPO] Escolha até 3 sabores da Pizza Grande";"44. Filé com cheddar";"Molho de tomate caseiro, mussarela, Filé e cheddar.";"8,00";"Sim";"";"https://client-assets.anota.ai/produtos/67606969295af30019b46262/-1734463468531blob"
"ADICIONAL / SABOR";"[GRUPO] Escolha até 3 sabores da Pizza Grande";"41. Filé ao alho";"Molho de tomate caseiro, mussarela, filé, alho frito e orégano.";"8,00";"Sim";"";"https://client-assets.anota.ai/produtos/67521dcc70782200190c87c5/-1737697069975blob"
"ADICIONAL / SABOR";"[GRUPO] Escolha até 3 sabores da Pizza Grande";"61. 6 Queijos com bacon";"Molho de tomate caseiro, mussarela, provolone, parmesão, gorgonzola, catupiry, cheddar e orégano. ";"8,00";"Sim";"";"https://client-assets.anota.ai/produtos/67606969295af30019b46262/-1734463468531blob"
"ADICIONAL / SABOR";"[GRUPO] Escolha até 3 sabores da Pizza Grande";"48. Mexicana";"Molho de tomate caseiro, mussarela, iscas de carne, cheddar, cebola e nachos.";"8,00";"Sim";"";"https://client-assets.anota.ai/produtos/67606969295af30019b46262/-1734463468531blob"
"ADICIONAL / SABOR";"[GRUPO] Escolha até 3 sabores da Pizza Grande";"40. Champignon";"Molho de tomate caseiro, mussarela, champignon, catupiry e orégano.";"8,00";"Sim";"";"https://client-assets.anota.ai/produtos/67606969295af30019b46262/-1734463468531blob"
"ADICIONAL / SABOR";"[GRUPO] Escolha até 3 sabores da Pizza Grande";"19. Frango catupiry";"Molho de tomate caseiro, mussarela, frango com catupiry e orégano.";"0,00";"Sim";"";"https://client-assets.anota.ai/produtos/67521dcc70782200190c87c5/-1737696013237blob"
"ADICIONAL / SABOR";"[GRUPO] Escolha até 3 sabores da Pizza Grande";"22. Havaiana";"Molho de tomate caseiro, mussarela, lombo canadense, abacaxi e orégano.";"0,00";"Sim";"";"https://client-assets.anota.ai/produtos/67521dcc70782200190c87c5/-1737695866889blob"
"ADICIONAL / SABOR";"[GRUPO] Escolha até 3 sabores da Pizza Grande";"49. Moda da casa";"Molho de tomate caseiro, mussarela, frango, palmito, bacon, milho, azeitona, catupiry e orégano. ";"8,00";"Sim";"";"https://client-assets.anota.ai/produtos/67606969295af30019b46262/-1734463468531blob"
"ADICIONAL / SABOR";"[GRUPO] Escolha até 3 sabores da Pizza Grande";"BARBECUE";"Molho de tomate caseiro, mussarela, lombo ao molho Barbecue e orégano.";"8,00";"Sim";"";""
"ADICIONAL / SABOR";"[GRUPO] Escolha até 3 sabores da Pizza Grande";"13. Calabresa especial";"Molho de tomate caseiro, mussarela, calabresa, cebola, catupiry e ovos.";"0,00";"Sim";"";"https://client-assets.anota.ai/produtos/67606969295af30019b46262/-1734463468531blob"
"ADICIONAL / SABOR";"[GRUPO] Escolha até 3 sabores da Pizza Grande";"38. Camarão aos 4 queijos";"Molho de tomate caseiro, mussarela, camarão, parmesão, provolone e catupiry.";"8,00";"Sim";"";"https://client-assets.anota.ai/produtos/67521dcc70782200190c87c5/-1737696390224blob"
"ADICIONAL / SABOR";"[GRUPO] Escolha até 3 sabores da Pizza Grande";"18. Difiori";"Molho de tomate caseiro, mussarela, frango, bacon, tomate e creme de leite";"0,00";"Sim";"";"https://client-assets.anota.ai/produtos/67606969295af30019b46262/-1734463468531blob"
"ADICIONAL / SABOR";"[GRUPO] Escolha até 3 sabores da Pizza Grande";"25. Lombinho";"Molho de tomate caseiro, mussarela, lombo canadense, cebola e orégano.";"0,00";"Sim";"";"https://client-assets.anota.ai/produtos/67521dcc70782200190c87c5/-1737696261278blob"
"ADICIONAL / SABOR";"[GRUPO] Escolha até 3 sabores da Pizza Grande";"45. Filé aos 4 queijos";"Molho de tomate caseiro, mussarela, provolone, parmesão, catupiry e filé.";"8,00";"Sim";"";"https://client-assets.anota.ai/produtos/67606969295af30019b46262/-1734463468531blob"
"ADICIONAL / SABOR";"[GRUPO] Escolha até 3 sabores da Pizza Grande";"47. Filé com tomate";"Molho de tomate caseiro, mussarela, filé e tomate.";"8,00";"Sim";"";"https://client-assets.anota.ai/produtos/67606969295af30019b46262/-1734463468531blob"
"ADICIONAL / SABOR";"[GRUPO] Escolha até 3 sabores da Pizza Grande";"24. La torre";"Molho de tomate caseiro, mussarela, lombo canadense, palmito e creme de leite.";"0,00";"Sim";"";"https://client-assets.anota.ai/produtos/67606969295af30019b46262/-1734463468531blob"
"ADICIONAL / SABOR";"[GRUPO] Escolha até 3 sabores da Pizza Grande";"12. Calabresa com cebola";"Molho de tomate caseiro, mussarela, calabresa, cebola e orégano.";"0,00";"Sim";"";"https://client-assets.anota.ai/produtos/67521dcc70782200190c87c5/-1737695778147blob"
"ADICIONAL / SABOR";"[GRUPO] Escolha até 3 sabores da Pizza Grande";"CATUPERU";"Molho de tomate caseiro, mussarela, peito de peru, catupiry e orégano.";"0,00";"Sim";"";""
"ADICIONAL / SABOR";"[GRUPO] Escolha até 3 sabores da Pizza Grande";"16. Carbonara";"Molho de tomate caseiro, mussarela, Bacon, ovos e creme de leite";"0,00";"Sim";"";"https://client-assets.anota.ai/produtos/67606969295af30019b46262/-1734463468531blob"
"ADICIONAL / SABOR";"[GRUPO] Escolha até 3 sabores da Pizza Grande";"CHOCOLATE BRANCO COM NOZES";"Mussarela, chocolate branco, nozes e leite condensado. ";"8,00";"Sim";"";""
"ADICIONAL / SABOR";"[GRUPO] Escolha até 3 sabores da Pizza Grande";"TOSCANA";"Molho de tomate caseiro, mussarela, salame, provolone, manjericão e oregano.";"8,00";"Sim";"";""
"ADICIONAL / SABOR";"[GRUPO] Escolha até 3 sabores da Pizza Grande";"33. Veneza";"Molho de tomate caseiro, mussarela, lombo, bacon, ovos e orégano.";"0,00";"Sim";"";"https://client-assets.anota.ai/produtos/67521dcc70782200190c87c5/-1737697468914blob"
"ADICIONAL / SABOR";"[GRUPO] Escolha até 3 sabores da Pizza Grande";"3. Americana";"Molho de tomate caseiro, mussarela, milho, bacon, ovos e orégano. ";"0,00";"Sim";"";"https://client-assets.anota.ai/produtos/67606969295af30019b46262/-1734463468531blob"
"ADICIONAL / SABOR";"[GRUPO] Escolha até 3 sabores da Pizza Grande";"42. Filé com fritas";"Molho de tomate caseiro, mussarela, tiras de carne, batata frita e orégano.";"8,00";"Sim";"";"https://client-assets.anota.ai/produtos/67521dcc70782200190c87c5/-1737697011792blob"
"ADICIONAL / SABOR";"[GRUPO] Escolha até 3 sabores da Pizza Grande";"58. 6 Queijos";"Molho de tomate caseiro, mussarela, provolone, parmesão, gorgonzola, catupiry, cheddar e orégano.";"8,00";"Sim";"";"https://client-assets.anota.ai/produtos/67606969295af30019b46262/-1734463468531blob"
"ADICIONAL / SABOR";"[GRUPO] Escolha até 3 sabores da Pizza Grande";"51. Pepperoni";"Molho de tomate caseiro, mussarela, pepperoni e orégano. ";"8,00";"Sim";"";"https://client-assets.anota.ai/produtos/67521dcc70782200190c87c5/-1737696842466blob"
"ADICIONAL / SABOR";"[GRUPO] Escolha até 3 sabores da Pizza Grande";"LINGUIÇA BLUMENAU";"Molho de tomate caseiro, linguiça Blumenau, mussarela, catupiry e orégano.";"8,00";"Sim";"";""
"ADICIONAL / SABOR";"[GRUPO] Escolha até 3 sabores da Pizza Grande";"27. Milho com catupiry";"Molho de tomate caseiro, mussarela, milho e catupiry.";"0,00";"Sim";"";"https://client-assets.anota.ai/produtos/67606969295af30019b46262/-1734463468531blob"
"ADICIONAL / SABOR";"[GRUPO] Escolha até 3 sabores da Pizza Grande";"4. Brócolis";"Molho de tomate caseiro, mussarela, brócolis, tomate, alho frito e orégano.";"0,00";"Sim";"";"https://client-assets.anota.ai/produtos/67521dcc70782200190c87c5/-1737694875750blob"
"ADICIONAL / SABOR";"[GRUPO] Escolha até 3 sabores da Pizza Grande";"39. Coração";"Molho de tomate caseiro, mussarela, coração, cebola e catupiry.";"8,00";"Sim";"";"https://client-assets.anota.ai/produtos/67606969295af30019b46262/-1734463468531blob"
"ADICIONAL / SABOR";"[GRUPO] Escolha até 3 sabores da Pizza Grande";"59. 4 Queijos com bacon";"Molho de tomate caseiro, mussarela, provolone, parmesão, catupiry, bacon e orégano. ";"8,00";"Sim";"";"https://client-assets.anota.ai/produtos/67606969295af30019b46262/-1734463468531blob"
"ADICIONAL / SABOR";"[GRUPO] Escolha até 3 sabores da Pizza Grande";"PRESUNTO E QUEIJO (MODA ARGENTINA)";"Molho de tomate caseiro, mussarela, presunto e orégano.";"0,00";"Sim";"";""
"ADICIONAL / SABOR";"[GRUPO] Escolha até 3 sabores da Pizza Grande";"2. Alhobresa";"Molho de tomate caseiro, mussarela, calabresa, alho e orégano. ";"0,00";"Sim";"";"https://client-assets.anota.ai/produtos/67606969295af30019b46262/-1734463468531blob"
"ADICIONAL / SABOR";"[GRUPO] Escolha até 3 sabores da Pizza Grande";"30. Napolitana";"Molho de tomate caseiro, mussarela, tomate, provolone e orégano.";"0,00";"Sim";"";"https://client-assets.anota.ai/produtos/67606969295af30019b46262/-1734463468531blob"
"ADICIONAL / SABOR";"[GRUPO] Escolha até 3 sabores da Pizza Grande";"29. Mussarela";"Molho de tomate caseiro, mussarela, tomate, azeitonas verde e orégano.";"0,00";"Sim";"";"https://client-assets.anota.ai/produtos/67521dcc70782200190c87c5/-1737696954898blob"
"ADICIONAL / SABOR";"[GRUPO] Escolha até 3 sabores da Pizza Grande";"17. Crocante";"Molho de tomate caseiro, mussarela, bacon, batata palha e orégano. ";"0,00";"Sim";"";"https://client-assets.anota.ai/produtos/67521dcc70782200190c87c5/-1737695399619blob"
"ADICIONAL / SABOR";"[GRUPO] Escolha até 3 sabores da Pizza Grande";"LA CANTINA";"Molho de tomate caseiro, mussarela, tomate seco, manjericão, champignon, azeitonas pretas e orégano.";"8,00";"Sim";"";""
"ADICIONAL / SABOR";"[GRUPO] Escolha até 3 sabores da Pizza Grande";"GAÚCHA";"Molho de tomate caseiro, mussarela, filé, cebola, pimentão, tomate, barbecue e orégano.";"8,00";"Sim";"";""
"ADICIONAL / SABOR";"[GRUPO] Escolha até 3 sabores da Pizza Grande";"15. Canadense";"Molho de tomate caseiro, mussarela, lombo canadense, catupiry e orégano.";"0,00";"Sim";"";"https://client-assets.anota.ai/produtos/67521dcc70782200190c87c5/-1737695323565blob"
"ADICIONAL / SABOR";"[GRUPO] Escolha até 3 sabores da Pizza Grande";"FLORESTA NEGRA";"Chocolate preto e cerejas.";"8,00";"Sim";"";""
"ADICIONAL / SABOR";"[GRUPO] Escolha até 3 sabores da Pizza Grande";"SPECIALE";" Molho de tomate caseiro, mussarela, anéis de cebola na manteiga, salsinha e orégano. ";"8,00";"Sim";"";""
"ADICIONAL / SABOR";"[GRUPO] Escolha até 3 sabores da Pizza Grande";"ITALIAN ";"Molho de tomate caseiro, mussarela, salame, tomate, azeitonas pretas e orégano.   ";"8,00";"Sim";"";""
"ADICIONAL / SABOR";"[GRUPO] Escolha até 3 sabores da Pizza Grande";"7. Bacon";"Molho de tomate caseiro, mussarela, bacon e orégano.";"0,00";"Sim";"";"https://client-assets.anota.ai/produtos/67606969295af30019b46262/-1734463468531blob"
"ADICIONAL / SABOR";"[GRUPO] Escolha até 3 sabores da Pizza Grande";"57. 5 Queijos";"Molho de tomate caseiro, mussarela, provolone, parmesão, catupiry, cheddar e orégano. ";"8,00";"Sim";"";"https://client-assets.anota.ai/produtos/67521dcc70782200190c87c5/-1737696892883blob"
"ADICIONAL / SABOR";"[GRUPO] Escolha até 3 sabores da Pizza Grande";"53. Siciliana";"Molho de tomate caseiro, mussarela, bacon, champignon, catupiry e orégano.";"8,00";"Sim";"";"https://client-assets.anota.ai/produtos/67521dcc70782200190c87c5/-1737696739414blob"
"ADICIONAL / SABOR";"[GRUPO] Escolha até 3 sabores da Pizza Grande";"54. Strogonoff de carne";"Molho de tomate caseiro, mussarela, strogonoff de carne e batata palha.";"8,00";"Sim";"";"https://client-assets.anota.ai/produtos/67521dcc70782200190c87c5/-1737696784707blob"
"ADICIONAL / SABOR";"[GRUPO] Escolha até 3 sabores da Pizza Grande";"6. Brócolis com bacon e catupiry";"Molho de tomate caseiro, mussarela, brócolis, bacon e catupiry";"0,00";"Sim";"";"https://client-assets.anota.ai/produtos/67606969295af30019b46262/-1734463468531blob"
"ADICIONAL / SABOR";"[GRUPO] Escolha até 3 sabores da Pizza Grande";"50. Palmito";"Molho de tomate caseiro, mussarela, Palmito e orégano.";"8,00";"Sim";"";"https://client-assets.anota.ai/produtos/67521dcc70782200190c87c5/-1737697259780blob"
"ADICIONAL / SABOR";"[GRUPO] Escolha até 3 sabores da Pizza Grande";"9. Baiana";"Molho de tomate caseiro, mussarela, calabresa, cebola, pimenta calabresa, azeitonas verde e orégano.";"0,00";"Sim";"";"https://client-assets.anota.ai/produtos/67606969295af30019b46262/-1734463468531blob"
"ADICIONAL / SABOR";"[GRUPO] Escolha até 3 sabores da Pizza Grande";"60. 5 Queijos com bacon";"Molho de tomate caseiro, mussarela, parmesão, provolone, catupiry, cheddar, bacon e orégano.";"8,00";"Sim";"";"https://client-assets.anota.ai/produtos/67606969295af30019b46262/-1734463468531blob"
"ADICIONAL / SABOR";"[GRUPO] Escolha até 3 sabores da Pizza Grande";"PRIMAVERA";"Palmito, ervilha e ovos de codorna.";"8,00";"Sim";"";""
"ADICIONAL / SABOR";"[GRUPO] Escolha até 3 sabores da Pizza Grande";"FUGAZZETA";"Molho de tomate caseiro, mussarela, cebola, azeitonas verdes e orégano.";"8,00";"Sim";"";""
"ADICIONAL / SABOR";"[GRUPO] Escolha até 3 sabores da Pizza Grande";"8. Bacon com abacaxi";"Molho caseiro, mussarela, bacon e abacaxi.";"8,00";"Sim";"";"https://client-assets.anota.ai/produtos/67606969295af30019b46262/-1734463468531blob"
"ADICIONAL / SABOR";"[GRUPO] Escolha até 3 sabores da Pizza Grande";"10. Bauru";"Molho de tomate caseiro, mussarela, presunto, tomate e orégano.";"0,00";"Sim";"";"https://client-assets.anota.ai/produtos/67521dcc70782200190c87c5/-1737695122243blob"
"ADICIONAL / SABOR";"[GRUPO] Escolha até 3 sabores da Pizza Grande";"28. Milho e bacon";"Molho de tomate caseiro, mussarela, milho e bacon.";"0,00";"Sim";"";"https://client-assets.anota.ai/produtos/67606969295af30019b46262/-1734463468531blob"
"ADICIONAL / SABOR";"[GRUPO] Escolha até 3 sabores da Pizza Grande";"56. 4 Queijos";"Molho de tomate caseiro, mussrela, Parmesão, provolone, catupiry e orégano. ";"8,00";"Sim";"";"https://client-assets.anota.ai/produtos/67521dcc70782200190c87c5/-1737696672530blob"
"ADICIONAL / SABOR";"[GRUPO] Escolha até 3 sabores da Pizza Grande";"43. Filé com catupiry";"Molho de tomate caseiro, mussarela, tiras de carne e catupiry.";"8,00";"Sim";"";"https://client-assets.anota.ai/produtos/67606969295af30019b46262/-1734463468531blob"
"ADICIONAL / SABOR";"[GRUPO] Escolha até 3 sabores da Pizza Grande";"NORDESTINA ";" Molho de tomate caseiro, carne seca, cebola roxa, catupiry, mussarela, pimenta biquinho e orégano. ";"8,00";"Sim";"";""
"ADICIONAL / SABOR";"[GRUPO] Escolha até 3 sabores da Pizza Grande";"5. Brócolis com bacon";"Molho de tomate caseiro, mussarela, brócolis, bacon, tomate, alho frito e orégano. ";"0,00";"Sim";"";"https://client-assets.anota.ai/produtos/67521dcc70782200190c87c5/-1737695214279blob"
"ADICIONAL / SABOR";"[GRUPO] Escolha até 3 sabores da Pizza Grande";"26. Marguerita";"Molho de tomate caseiro, mussarela, tomate, manjericão, azeitonas pretas e orégano.";"0,00";"Sim";"";"https://client-assets.anota.ai/produtos/67521dcc70782200190c87c5/-1737696326540blob"
"ADICIONAL / SABOR";"[GRUPO] Escolha até 3 sabores da Pizza Grande";"14. Catulabresa";"Molho de tomate caseiro, mussarela, calabresa e catupiry.";"0,00";"Sim";"";"https://client-assets.anota.ai/produtos/67606969295af30019b46262/-1734463468531blob"
"ADICIONAL / SABOR";"[GRUPO] Sabor Gigante";"Alho e óleo ";"Molho de tomate caseiro, mussarela, alho frito, azeitonas pretas e orégano. ";"85,90";"Sim";"";"https://client-assets.anota.ai/produtos/67521dcc70782200190c87c5/-1781104641598blob"
"ADICIONAL / SABOR";"[GRUPO] Sabor Gigante";"Calabresa ";"Molho de tomate caseiro, mussarela, calabresa e orégano.";"85,90";"Sim";"";"https://client-assets.anota.ai/produtos/67521dcc70782200190c87c5/-1781104875449blob"
"ADICIONAL / SABOR";"[GRUPO] Sabor Gigante";"Calabresa com cebola";"Molho de tomate caseiro, mussarela, calabresa, cebola e orégano.";"85,90";"Sim";"";"https://client-assets.anota.ai/produtos/67521dcc70782200190c87c5/-1781104600740blob"
"ADICIONAL / SABOR";"[GRUPO] Sabor Gigante";"Crocante";"Molho de tomate caseiro, mussarela, bacon, batata palha e orégano.";"85,90";"Sim";"";"https://client-assets.anota.ai/produtos/67521dcc70782200190c87c5/-1781104751356blob"
"ADICIONAL / SABOR";"[GRUPO] Sabor Gigante";"Frango catupiry";"Molho de tomate caseiro, mussarela, frango com catupiry e orégano.";"85,90";"Sim";"";"https://client-assets.anota.ai/produtos/67521dcc70782200190c87c5/-1781104676066blob"
"ADICIONAL / SABOR";"[GRUPO] Sabor Gigante";"Alhobresa";"Molho de tomate caseiro, mussarela, calabresa, alho e orégano.";"85,90";"Sim";"";""
"ADICIONAL / SABOR";"[GRUPO] Sabor Gigante";"Frango caipira";"Molho de tomate caseiro, mussarela, frango, milho, bacon, catupiry e orégano.";"85,90";"Sim";"";"https://client-assets.anota.ai/produtos/67521dcc70782200190c87c5/-1781104989677blob"
"ADICIONAL / SABOR";"[GRUPO] Sabor Gigante";"Fricasse";"Molho de tomate caseiro, mussarela, frango, milho, creme de leite e batata palha.";"85,90";"Sim";"";""
"ADICIONAL / SABOR";"[GRUPO] Sabor Gigante";"Lombinho";"Molho de tomate caseiro, mussarela, lombo canadense, cebola e orégano.";"85,90";"Sim";"";"https://client-assets.anota.ai/produtos/67521dcc70782200190c87c5/-1781105038089blob"
"ADICIONAL / SABOR";"[GRUPO] Sabor Gigante";"Marguerita";"Molho de tomate caseiro, mussarela, tomate, manjericão, azeitonas pretas e orégano.";"85,90";"Sim";"";"https://client-assets.anota.ai/produtos/67521dcc70782200190c87c5/-1781104727203blob"
"ADICIONAL / SABOR";"[GRUPO] Sabor Gigante";"Milho e bacon";"Molho de tomate caseiro, mussarela, milho e bacon.";"85,90";"Sim";"";"https://client-assets.anota.ai/produtos/67521dcc70782200190c87c5/-1781104833551blob"
"ADICIONAL / SABOR";"[GRUPO] Sabor Gigante";"Mussarela";"Molho de tomate caseiro, mussarela, tomate, azeitonas verde e orégano.";"85,90";"Sim";"";"https://client-assets.anota.ai/produtos/67521dcc70782200190c87c5/-1781105089298blob"
"ADICIONAL / SABOR";"[GRUPO] Sabor Gigante";"Americana";"Molho de tomate caseiro, mussarela, milho, bacon, ovos e orégano.";"85,90";"Sim";"";""
"ADICIONAL / SABOR";"[GRUPO] Sabor Gigante";"Vegetariana";"Molho de tomate caseiro, mussarela, palmito, milho, brócolis, tomate e orégano.";"85,90";"Sim";"";""
"ADICIONAL / SABOR";"[GRUPO] Sabor Gigante";"Brócolis";"Molho de tomate caseiro, mussarela, brócolis, tomate, alho frito e orégano.";"85,90";"Sim";"";"https://client-assets.anota.ai/produtos/67521dcc70782200190c87c5/-1781105186232blob"
"ADICIONAL / SABOR";"[GRUPO] Sabor Gigante";"Brócolis com bacon";"Molho de tomate caseiro, mussarela, brócolis, bacon, tomate, alho frito e orégano.";"85,90";"Sim";"";"https://client-assets.anota.ai/produtos/67521dcc70782200190c87c5/-1781105153508blob"
"ADICIONAL / SABOR";"[GRUPO] Sabor Gigante";"Banana com chocolate preto e leite condensado.";"Mussarela, banana, chocolate preto e leite condensado.";"85,90";"Sim";"";""
"ADICIONAL / SABOR";"[GRUPO] Sabor Gigante";"Banana com canela";"Mussarela, banana, açúcar, canela e leite condensado";"85,90";"Sim";"";""
"ADICIONAL / SABOR";"[GRUPO] Sabor Gigante";" Banana leite ninho e chocolate ao leite";"Banana com leite ninho, chocolate ao leite e leite condensado.";"85,90";"Sim";"";""
"ADICIONAL / SABOR";"[GRUPO] Sabor Gigante";"Banana com leite ninho, chocolate ao leite e leite condensado.";"Banana com leite ninho, chocolate ao leite e leite condensado.";"85,90";"Sim";"";""
"ADICIONAL / SABOR";"[GRUPO] Sabor Gigante";"Brigadeiro";"Chocolate preto e granulado";"85,90";"Sim";"";""
"ADICIONAL / SABOR";"[GRUPO] Sabor Gigante";"Chocolate branco";"Mussarela, chocolate branco e leite condensado";"85,90";"Sim";"";""
"ADICIONAL / SABOR";"[GRUPO] Sabor Gigante";"Bem casado";"Mussarela, chocolate preto, chocolate branco e leite condensado";"85,90";"Sim";"";""
"ADICIONAL / SABOR";"[GRUPO] Sabor Gigante";"Charge";"Mussarela, chocolate preto, amendoim e leite condensado";"85,90";"Sim";"";""
"ADICIONAL / SABOR";"[GRUPO] Sabor Gigante";"Confeti";"Mussarela, chocolate preto, confeti e leite condensado.";"85,90";"Sim";"";""
"ADICIONAL / SABOR";"[GRUPO] Sabor Gigante";"Charge branco";"Mussarela, chocolate branco, amendoim e leite condensado";"85,90";"Sim";"";""
"ADICIONAL / SABOR";"[GRUPO] Sabor Gigante";"Chocolate preto";"Mussarela, chocolate preto e leite condensado.";"85,90";"Sim";"";""
"ADICIONAL / SABOR";"[GRUPO] Sabor Gigante";"Prestigio";"Mussarela, chocolate preto, coco ralado e leite condensado";"85,90";"Sim";"";""
"ADICIONAL / SABOR";"[GRUPO] Sabor Gigante";"Prestigio branco";"Mussarela, chocolate branco, coco ralado e leite condensado";"85,90";"Sim";"";""
"ADICIONAL / SABOR";"[GRUPO] Sabor Gigante";"Romeu e julieta";"Mussarela e goiabada";"85,90";"Sim";"";""
"ADICIONAL / SABOR";"[GRUPO] Sabor Media";"Alho e óleo ";"Molho de tomate caseiro, mussarela, alho frito, azeitonas pretas e orégano. ";"46,90";"Sim";"";"https://client-assets.anota.ai/produtos/67521dcc70782200190c87c5/-1781104641598blob"
"ADICIONAL / SABOR";"[GRUPO] Sabor Media";"Calabresa ";"Molho de tomate caseiro, mussarela, calabresa e orégano.";"46,90";"Sim";"";"https://client-assets.anota.ai/produtos/67521dcc70782200190c87c5/-1781104875449blob"
"ADICIONAL / SABOR";"[GRUPO] Sabor Media";"Calabresa com cebola";"Molho de tomate caseiro, mussarela, calabresa, cebola e orégano.";"46,90";"Sim";"";"https://client-assets.anota.ai/produtos/67521dcc70782200190c87c5/-1781104600740blob"
"ADICIONAL / SABOR";"[GRUPO] Sabor Media";"Crocante";"Molho de tomate caseiro, mussarela, bacon, batata palha e orégano.";"46,90";"Sim";"";"https://client-assets.anota.ai/produtos/67521dcc70782200190c87c5/-1781104751356blob"
"ADICIONAL / SABOR";"[GRUPO] Sabor Media";"Frango catupiry";"Molho de tomate caseiro, mussarela, frango com catupiry e orégano.";"46,90";"Sim";"";"https://client-assets.anota.ai/produtos/67521dcc70782200190c87c5/-1781104676066blob"
"ADICIONAL / SABOR";"[GRUPO] Sabor Media";"Alhobresa";"Molho de tomate caseiro, mussarela, calabresa, alho e orégano.";"46,90";"Sim";"";""
"ADICIONAL / SABOR";"[GRUPO] Sabor Media";"Frango caipira";"Molho de tomate caseiro, mussarela, frango, milho, bacon, catupiry e orégano.";"46,90";"Sim";"";"https://client-assets.anota.ai/produtos/67521dcc70782200190c87c5/-1781104989677blob"
"ADICIONAL / SABOR";"[GRUPO] Sabor Media";"Fricasse";"Molho de tomate caseiro, mussarela, frango, milho, creme de leite e batata palha.";"46,90";"Sim";"";""
"ADICIONAL / SABOR";"[GRUPO] Sabor Media";"Lombinho";"Molho de tomate caseiro, mussarela, lombo canadense, cebola e orégano.";"46,90";"Sim";"";"https://client-assets.anota.ai/produtos/67521dcc70782200190c87c5/-1781105038089blob"
"ADICIONAL / SABOR";"[GRUPO] Sabor Media";"Marguerita";"Molho de tomate caseiro, mussarela, tomate, manjericão, azeitonas pretas e orégano.";"46,90";"Sim";"";"https://client-assets.anota.ai/produtos/67521dcc70782200190c87c5/-1781104727203blob"
"ADICIONAL / SABOR";"[GRUPO] Sabor Media";"Milho e bacon";"Molho de tomate caseiro, mussarela, milho e bacon.";"46,90";"Sim";"";"https://client-assets.anota.ai/produtos/67521dcc70782200190c87c5/-1781104833551blob"
"ADICIONAL / SABOR";"[GRUPO] Sabor Media";"Mussarela";"Molho de tomate caseiro, mussarela, tomate, azeitonas verde e orégano.";"46,90";"Sim";"";"https://client-assets.anota.ai/produtos/67521dcc70782200190c87c5/-1781105089298blob"
"ADICIONAL / SABOR";"[GRUPO] Sabor Media";"Americana";"Molho de tomate caseiro, mussarela, milho, bacon, ovos e orégano.";"46,90";"Sim";"";""
"ADICIONAL / SABOR";"[GRUPO] Sabor Media";"Vegetariana";"Molho de tomate caseiro, mussarela, palmito, milho, brócolis, tomate e orégano.";"46,90";"Sim";"";""
"ADICIONAL / SABOR";"[GRUPO] Sabor Media";"Brócolis";"Molho de tomate caseiro, mussarela, brócolis, tomate, alho frito e orégano.";"46,90";"Sim";"";"https://client-assets.anota.ai/produtos/67521dcc70782200190c87c5/-1781105186232blob"
"ADICIONAL / SABOR";"[GRUPO] Sabor Media";"Brócolis com bacon";"Molho de tomate caseiro, mussarela, brócolis, bacon, tomate, alho frito e orégano.";"46,90";"Sim";"";"https://client-assets.anota.ai/produtos/67521dcc70782200190c87c5/-1781105153508blob"
"ADICIONAL / SABOR";"[GRUPO] Sabor Media";"Banana com chocolate preto e leite condensado.";"Mussarela, banana, chocolate preto e leite condensado.";"46,90";"Sim";"";""
"ADICIONAL / SABOR";"[GRUPO] Sabor Media";"Banana com canela";"Mussarela, banana, açúcar, canela e leite condensado";"46,90";"Sim";"";""
"ADICIONAL / SABOR";"[GRUPO] Sabor Media";" Banana leite ninho e chocolate ao leite";"Banana com leite ninho, chocolate ao leite e leite condensado.";"46,90";"Sim";"";""
"ADICIONAL / SABOR";"[GRUPO] Sabor Media";"Banana com leite ninho, chocolate ao leite e leite condensado.";"Banana com leite ninho, chocolate ao leite e leite condensado.";"46,90";"Sim";"";""
"ADICIONAL / SABOR";"[GRUPO] Sabor Media";"Brigadeiro";"Chocolate preto e granulado";"46,90";"Sim";"";""
"ADICIONAL / SABOR";"[GRUPO] Sabor Media";"Chocolate branco";"Mussarela, chocolate branco e leite condensado";"46,90";"Sim";"";""
"ADICIONAL / SABOR";"[GRUPO] Sabor Media";"Bem casado";"Mussarela, chocolate preto, chocolate branco e leite condensado";"46,90";"Sim";"";""
"ADICIONAL / SABOR";"[GRUPO] Sabor Media";"Charge";"Mussarela, chocolate preto, amendoim e leite condensado";"46,90";"Sim";"";""
"ADICIONAL / SABOR";"[GRUPO] Sabor Media";"Confeti";"Mussarela, chocolate preto, confeti e leite condensado.";"46,90";"Sim";"";""
"ADICIONAL / SABOR";"[GRUPO] Sabor Media";"Charge branco";"Mussarela, chocolate branco, amendoim e leite condensado";"46,90";"Sim";"";""
"ADICIONAL / SABOR";"[GRUPO] Sabor Media";"Chocolate preto";"Mussarela, chocolate preto e leite condensado.";"46,90";"Sim";"";""
"ADICIONAL / SABOR";"[GRUPO] Sabor Media";"Prestigio";"Mussarela, chocolate preto, coco ralado e leite condensado";"46,90";"Sim";"";""
"ADICIONAL / SABOR";"[GRUPO] Sabor Media";"Prestigio branco";"Mussarela, chocolate branco, coco ralado e leite condensado";"46,90";"Sim";"";""
"ADICIONAL / SABOR";"[GRUPO] Sabor Media";"Romeu e julieta";"Mussarela e goiabada";"46,90";"Sim";"";""
"ADICIONAL / SABOR";"[GRUPO] Sabor Pequena ";"Alho e óleo ";"Molho de tomate caseiro, mussarela, alho frito, azeitonas pretas e orégano. ";"34,90";"Sim";"";"https://client-assets.anota.ai/produtos/67521dcc70782200190c87c5/-1781104641598blob"
"ADICIONAL / SABOR";"[GRUPO] Sabor Pequena ";"Calabresa ";"Molho de tomate caseiro, mussarela, calabresa e orégano.";"34,90";"Sim";"";"https://client-assets.anota.ai/produtos/67521dcc70782200190c87c5/-1781104875449blob"
"ADICIONAL / SABOR";"[GRUPO] Sabor Pequena ";"Calabresa com cebola";"Molho de tomate caseiro, mussarela, calabresa, cebola e orégano.";"34,90";"Sim";"";"https://client-assets.anota.ai/produtos/67521dcc70782200190c87c5/-1781104600740blob"
"ADICIONAL / SABOR";"[GRUPO] Sabor Pequena ";"Crocante";"Molho de tomate caseiro, mussarela, bacon, batata palha e orégano.";"34,90";"Sim";"";"https://client-assets.anota.ai/produtos/67521dcc70782200190c87c5/-1781104751356blob"
"ADICIONAL / SABOR";"[GRUPO] Sabor Pequena ";"Frango catupiry";"Molho de tomate caseiro, mussarela, frango com catupiry e orégano.";"34,90";"Sim";"";"https://client-assets.anota.ai/produtos/67521dcc70782200190c87c5/-1781104676066blob"
"ADICIONAL / SABOR";"[GRUPO] Sabor Pequena ";"Alhobresa";"Molho de tomate caseiro, mussarela, calabresa, alho e orégano.";"34,90";"Sim";"";""
"ADICIONAL / SABOR";"[GRUPO] Sabor Pequena ";"Frango caipira";"Molho de tomate caseiro, mussarela, frango, milho, bacon, catupiry e orégano.";"34,90";"Sim";"";"https://client-assets.anota.ai/produtos/67521dcc70782200190c87c5/-1781104989677blob"
"ADICIONAL / SABOR";"[GRUPO] Sabor Pequena ";"Fricasse";"Molho de tomate caseiro, mussarela, frango, milho, creme de leite e batata palha.";"34,90";"Sim";"";""
"ADICIONAL / SABOR";"[GRUPO] Sabor Pequena ";"Lombinho";"Molho de tomate caseiro, mussarela, lombo canadense, cebola e orégano.";"34,90";"Sim";"";"https://client-assets.anota.ai/produtos/67521dcc70782200190c87c5/-1781105038089blob"
"ADICIONAL / SABOR";"[GRUPO] Sabor Pequena ";"Marguerita";"Molho de tomate caseiro, mussarela, tomate, manjericão, azeitonas pretas e orégano.";"34,90";"Sim";"";"https://client-assets.anota.ai/produtos/67521dcc70782200190c87c5/-1781104727203blob"
"ADICIONAL / SABOR";"[GRUPO] Sabor Pequena ";"Milho e bacon";"Molho de tomate caseiro, mussarela, milho e bacon.";"34,90";"Sim";"";"https://client-assets.anota.ai/produtos/67521dcc70782200190c87c5/-1781104833551blob"
"ADICIONAL / SABOR";"[GRUPO] Sabor Pequena ";"Mussarela";"Molho de tomate caseiro, mussarela, tomate, azeitonas verde e orégano.";"34,90";"Sim";"";"https://client-assets.anota.ai/produtos/67521dcc70782200190c87c5/-1781105089298blob"
"ADICIONAL / SABOR";"[GRUPO] Sabor Pequena ";"Americana";"Molho de tomate caseiro, mussarela, milho, bacon, ovos e orégano.";"34,90";"Sim";"";""
"ADICIONAL / SABOR";"[GRUPO] Sabor Pequena ";"Vegetariana";"Molho de tomate caseiro, mussarela, palmito, milho, brócolis, tomate e orégano.";"34,90";"Sim";"";""
"ADICIONAL / SABOR";"[GRUPO] Sabor Pequena ";"Brócolis";"Molho de tomate caseiro, mussarela, brócolis, tomate, alho frito e orégano.";"34,90";"Sim";"";"https://client-assets.anota.ai/produtos/67521dcc70782200190c87c5/-1781105186232blob"
"ADICIONAL / SABOR";"[GRUPO] Sabor Pequena ";"Brócolis com bacon";"Molho de tomate caseiro, mussarela, brócolis, bacon, tomate, alho frito e orégano.";"34,90";"Sim";"";"https://client-assets.anota.ai/produtos/67521dcc70782200190c87c5/-1781105153508blob"
"ADICIONAL / SABOR";"[GRUPO] Sabor Pequena ";"Banana com chocolate preto e leite condensado.";"Mussarela, banana, chocolate preto e leite condensado.";"34,90";"Sim";"";""
"ADICIONAL / SABOR";"[GRUPO] Sabor Pequena ";"Banana com canela";"Mussarela, banana, açúcar, canela e leite condensado";"34,90";"Sim";"";""
"ADICIONAL / SABOR";"[GRUPO] Sabor Pequena ";" Banana leite ninho e chocolate ao leite";"Banana com leite ninho, chocolate ao leite e leite condensado.";"34,90";"Sim";"";""
"ADICIONAL / SABOR";"[GRUPO] Sabor Pequena ";"Banana com leite ninho, chocolate ao leite e leite condensado.";"Banana com leite ninho, chocolate ao leite e leite condensado.";"34,90";"Sim";"";""
"ADICIONAL / SABOR";"[GRUPO] Sabor Pequena ";"Brigadeiro";"Chocolate preto e granulado";"34,90";"Sim";"";""
"ADICIONAL / SABOR";"[GRUPO] Sabor Pequena ";"Chocolate branco";"Mussarela, chocolate branco e leite condensado";"34,90";"Sim";"";""
"ADICIONAL / SABOR";"[GRUPO] Sabor Pequena ";"Bem casado";"Mussarela, chocolate preto, chocolate branco e leite condensado";"34,90";"Sim";"";""
"ADICIONAL / SABOR";"[GRUPO] Sabor Pequena ";"Charge";"Mussarela, chocolate preto, amendoim e leite condensado";"34,90";"Sim";"";""
"ADICIONAL / SABOR";"[GRUPO] Sabor Pequena ";"Confeti";"Mussarela, chocolate preto, confeti e leite condensado.";"34,90";"Sim";"";""
"ADICIONAL / SABOR";"[GRUPO] Sabor Pequena ";"Charge branco";"Mussarela, chocolate branco, amendoim e leite condensado";"34,90";"Sim";"";""
"ADICIONAL / SABOR";"[GRUPO] Sabor Pequena ";"Chocolate preto";"Mussarela, chocolate preto e leite condensado.";"34,90";"Sim";"";""
"ADICIONAL / SABOR";"[GRUPO] Sabor Pequena ";"Prestigio";"Mussarela, chocolate preto, coco ralado e leite condensado";"34,90";"Sim";"";""
"ADICIONAL / SABOR";"[GRUPO] Sabor Pequena ";"Prestigio branco";"Mussarela, chocolate branco, coco ralado e leite condensado";"34,90";"Sim";"";""
"ADICIONAL / SABOR";"[GRUPO] Sabor Pequena ";"Romeu e julieta";"Mussarela e goiabada";"34,90";"Sim";"";""
"ADICIONAL / SABOR";"[GRUPO] Sabor Familia";"Alho e óleo ";"Molho de tomate caseiro, mussarela, alho frito, azeitonas pretas e orégano. ";"72,90";"Sim";"";"https://client-assets.anota.ai/produtos/67521dcc70782200190c87c5/-1781104641598blob"
"ADICIONAL / SABOR";"[GRUPO] Sabor Familia";"Calabresa ";"Molho de tomate caseiro, mussarela, calabresa e orégano.";"72,90";"Sim";"";"https://client-assets.anota.ai/produtos/67521dcc70782200190c87c5/-1781104875449blob"
"ADICIONAL / SABOR";"[GRUPO] Sabor Familia";"Calabresa com cebola";"Molho de tomate caseiro, mussarela, calabresa, cebola e orégano.";"72,90";"Sim";"";"https://client-assets.anota.ai/produtos/67521dcc70782200190c87c5/-1781104600740blob"
"ADICIONAL / SABOR";"[GRUPO] Sabor Familia";"Crocante";"Molho de tomate caseiro, mussarela, bacon, batata palha e orégano.";"72,90";"Sim";"";"https://client-assets.anota.ai/produtos/67521dcc70782200190c87c5/-1781104751356blob"
"ADICIONAL / SABOR";"[GRUPO] Sabor Familia";"Frango catupiry";"Molho de tomate caseiro, mussarela, frango com catupiry e orégano.";"72,90";"Sim";"";"https://client-assets.anota.ai/produtos/67521dcc70782200190c87c5/-1781104676066blob"
"ADICIONAL / SABOR";"[GRUPO] Sabor Familia";"Alhobresa";"Molho de tomate caseiro, mussarela, calabresa, alho e orégano.";"72,90";"Sim";"";""
"ADICIONAL / SABOR";"[GRUPO] Sabor Familia";"Frango caipira";"Molho de tomate caseiro, mussarela, frango, milho, bacon, catupiry e orégano.";"72,90";"Sim";"";"https://client-assets.anota.ai/produtos/67521dcc70782200190c87c5/-1781104989677blob"
"ADICIONAL / SABOR";"[GRUPO] Sabor Familia";"Fricasse";"Molho de tomate caseiro, mussarela, frango, milho, creme de leite e batata palha.";"72,90";"Sim";"";""
"ADICIONAL / SABOR";"[GRUPO] Sabor Familia";"Lombinho";"Molho de tomate caseiro, mussarela, lombo canadense, cebola e orégano.";"72,90";"Sim";"";"https://client-assets.anota.ai/produtos/67521dcc70782200190c87c5/-1781105038089blob"
"ADICIONAL / SABOR";"[GRUPO] Sabor Familia";"Marguerita";"Molho de tomate caseiro, mussarela, tomate, manjericão, azeitonas pretas e orégano.";"72,90";"Sim";"";"https://client-assets.anota.ai/produtos/67521dcc70782200190c87c5/-1781104727203blob"
"ADICIONAL / SABOR";"[GRUPO] Sabor Familia";"Milho e bacon";"Molho de tomate caseiro, mussarela, milho e bacon.";"72,90";"Sim";"";"https://client-assets.anota.ai/produtos/67521dcc70782200190c87c5/-1781104833551blob"
"ADICIONAL / SABOR";"[GRUPO] Sabor Familia";"Mussarela";"Molho de tomate caseiro, mussarela, tomate, azeitonas verde e orégano.";"72,90";"Sim";"";"https://client-assets.anota.ai/produtos/67521dcc70782200190c87c5/-1781105089298blob"
"ADICIONAL / SABOR";"[GRUPO] Sabor Familia";"Americana";"Molho de tomate caseiro, mussarela, milho, bacon, ovos e orégano.";"72,90";"Sim";"";""
"ADICIONAL / SABOR";"[GRUPO] Sabor Familia";"Vegetariana";"Molho de tomate caseiro, mussarela, palmito, milho, brócolis, tomate e orégano.";"72,90";"Sim";"";""
"ADICIONAL / SABOR";"[GRUPO] Sabor Familia";"Brócolis";"Molho de tomate caseiro, mussarela, brócolis, tomate, alho frito e orégano.";"72,90";"Sim";"";"https://client-assets.anota.ai/produtos/67521dcc70782200190c87c5/-1781105186232blob"
"ADICIONAL / SABOR";"[GRUPO] Sabor Familia";"Brócolis com bacon";"Molho de tomate caseiro, mussarela, brócolis, bacon, tomate, alho frito e orégano.";"72,90";"Sim";"";"https://client-assets.anota.ai/produtos/67521dcc70782200190c87c5/-1781105153508blob"
"ADICIONAL / SABOR";"[GRUPO] Sabor Familia";"Banana com chocolate preto e leite condensado.";"Mussarela, banana, chocolate preto e leite condensado.";"72,90";"Sim";"";""
"ADICIONAL / SABOR";"[GRUPO] Sabor Familia";"Banana com canela";"Mussarela, banana, açúcar, canela e leite condensado";"72,90";"Sim";"";""
"ADICIONAL / SABOR";"[GRUPO] Sabor Familia";" Banana leite ninho e chocolate ao leite";"Banana com leite ninho, chocolate ao leite e leite condensado.";"72,90";"Sim";"";""
"ADICIONAL / SABOR";"[GRUPO] Sabor Familia";"Banana com leite ninho, chocolate ao leite e leite condensado.";"Banana com leite ninho, chocolate ao leite e leite condensado.";"72,90";"Sim";"";""
"ADICIONAL / SABOR";"[GRUPO] Sabor Familia";"Brigadeiro";"Chocolate preto e granulado";"72,90";"Sim";"";""
"ADICIONAL / SABOR";"[GRUPO] Sabor Familia";"Chocolate branco";"Mussarela, chocolate branco e leite condensado";"72,90";"Sim";"";""
"ADICIONAL / SABOR";"[GRUPO] Sabor Familia";"Bem casado";"Mussarela, chocolate preto, chocolate branco e leite condensado";"72,90";"Sim";"";""
"ADICIONAL / SABOR";"[GRUPO] Sabor Familia";"Charge";"Mussarela, chocolate preto, amendoim e leite condensado";"72,90";"Sim";"";""
"ADICIONAL / SABOR";"[GRUPO] Sabor Familia";"Confeti";"Mussarela, chocolate preto, confeti e leite condensado.";"72,90";"Sim";"";""
"ADICIONAL / SABOR";"[GRUPO] Sabor Familia";"Charge branco";"Mussarela, chocolate branco, amendoim e leite condensado";"72,90";"Sim";"";""
"ADICIONAL / SABOR";"[GRUPO] Sabor Familia";"Chocolate preto";"Mussarela, chocolate preto e leite condensado.";"72,90";"Sim";"";""
"ADICIONAL / SABOR";"[GRUPO] Sabor Familia";"Prestigio";"Mussarela, chocolate preto, coco ralado e leite condensado";"72,90";"Sim";"";""
"ADICIONAL / SABOR";"[GRUPO] Sabor Familia";"Prestigio branco";"Mussarela, chocolate branco, coco ralado e leite condensado";"72,90";"Sim";"";""
"ADICIONAL / SABOR";"[GRUPO] Sabor Familia";"Romeu e julieta";"Mussarela e goiabada";"72,90";"Sim";"";""
"ADICIONAL / SABOR";"[GRUPO] Sabor Grande";"Alho e óleo ";"Molho de tomate caseiro, mussarela, alho frito, azeitonas pretas e orégano. ";"59,90";"Sim";"";"https://client-assets.anota.ai/produtos/67521dcc70782200190c87c5/-1781104641598blob"
"ADICIONAL / SABOR";"[GRUPO] Sabor Grande";"Calabresa ";"Molho de tomate caseiro, mussarela, calabresa e orégano.";"59,90";"Sim";"";"https://client-assets.anota.ai/produtos/67521dcc70782200190c87c5/-1781104875449blob"
"ADICIONAL / SABOR";"[GRUPO] Sabor Grande";"Calabresa com cebola";"Molho de tomate caseiro, mussarela, calabresa, cebola e orégano.";"59,90";"Sim";"";"https://client-assets.anota.ai/produtos/67521dcc70782200190c87c5/-1781104600740blob"
"ADICIONAL / SABOR";"[GRUPO] Sabor Grande";"Crocante";"Molho de tomate caseiro, mussarela, bacon, batata palha e orégano.";"59,90";"Sim";"";"https://client-assets.anota.ai/produtos/67521dcc70782200190c87c5/-1781104751356blob"
"ADICIONAL / SABOR";"[GRUPO] Sabor Grande";"Frango catupiry";"Molho de tomate caseiro, mussarela, frango com catupiry e orégano.";"59,90";"Sim";"";"https://client-assets.anota.ai/produtos/67521dcc70782200190c87c5/-1781104676066blob"
"ADICIONAL / SABOR";"[GRUPO] Sabor Grande";"Alhobresa";"Molho de tomate caseiro, mussarela, calabresa, alho e orégano.";"59,90";"Sim";"";""
"ADICIONAL / SABOR";"[GRUPO] Sabor Grande";"Frango caipira";"Molho de tomate caseiro, mussarela, frango, milho, bacon, catupiry e orégano.";"59,90";"Sim";"";"https://client-assets.anota.ai/produtos/67521dcc70782200190c87c5/-1781104989677blob"
"ADICIONAL / SABOR";"[GRUPO] Sabor Grande";"Fricasse";"Molho de tomate caseiro, mussarela, frango, milho, creme de leite e batata palha.";"59,90";"Sim";"";""
"ADICIONAL / SABOR";"[GRUPO] Sabor Grande";"Lombinho";"Molho de tomate caseiro, mussarela, lombo canadense, cebola e orégano.";"59,90";"Sim";"";"https://client-assets.anota.ai/produtos/67521dcc70782200190c87c5/-1781105038089blob"
"ADICIONAL / SABOR";"[GRUPO] Sabor Grande";"Marguerita";"Molho de tomate caseiro, mussarela, tomate, manjericão, azeitonas pretas e orégano.";"59,90";"Sim";"";"https://client-assets.anota.ai/produtos/67521dcc70782200190c87c5/-1781104727203blob"
"ADICIONAL / SABOR";"[GRUPO] Sabor Grande";"Milho e bacon";"Molho de tomate caseiro, mussarela, milho e bacon.";"59,90";"Sim";"";"https://client-assets.anota.ai/produtos/67521dcc70782200190c87c5/-1781104833551blob"
"ADICIONAL / SABOR";"[GRUPO] Sabor Grande";"Mussarela";"Molho de tomate caseiro, mussarela, tomate, azeitonas verde e orégano.";"59,90";"Sim";"";"https://client-assets.anota.ai/produtos/67521dcc70782200190c87c5/-1781105089298blob"
"ADICIONAL / SABOR";"[GRUPO] Sabor Grande";"Americana";"Molho de tomate caseiro, mussarela, milho, bacon, ovos e orégano.";"59,90";"Sim";"";""
"ADICIONAL / SABOR";"[GRUPO] Sabor Grande";"Vegetariana";"Molho de tomate caseiro, mussarela, palmito, milho, brócolis, tomate e orégano.";"59,90";"Sim";"";""
"ADICIONAL / SABOR";"[GRUPO] Sabor Grande";"Brócolis";"Molho de tomate caseiro, mussarela, brócolis, tomate, alho frito e orégano.";"59,90";"Sim";"";"https://client-assets.anota.ai/produtos/67521dcc70782200190c87c5/-1781105186232blob"
"ADICIONAL / SABOR";"[GRUPO] Sabor Grande";"Brócolis com bacon";"Molho de tomate caseiro, mussarela, brócolis, bacon, tomate, alho frito e orégano.";"59,90";"Sim";"";"https://client-assets.anota.ai/produtos/67521dcc70782200190c87c5/-1781105153508blob"
"ADICIONAL / SABOR";"[GRUPO] Sabor Grande";"Banana com chocolate preto e leite condensado.";"Mussarela, banana, chocolate preto e leite condensado.";"59,90";"Sim";"";""
"ADICIONAL / SABOR";"[GRUPO] Sabor Grande";"Banana com canela";"Mussarela, banana, açúcar, canela e leite condensado";"59,90";"Sim";"";""
"ADICIONAL / SABOR";"[GRUPO] Sabor Grande";" Banana leite ninho e chocolate ao leite";"Banana com leite ninho, chocolate ao leite e leite condensado.";"59,90";"Sim";"";""
"ADICIONAL / SABOR";"[GRUPO] Sabor Grande";"Banana com leite ninho, chocolate ao leite e leite condensado.";"Banana com leite ninho, chocolate ao leite e leite condensado.";"59,90";"Sim";"";""
"ADICIONAL / SABOR";"[GRUPO] Sabor Grande";"Brigadeiro";"Chocolate preto e granulado";"59,90";"Sim";"";""
"ADICIONAL / SABOR";"[GRUPO] Sabor Grande";"Chocolate branco";"Mussarela, chocolate branco e leite condensado";"59,90";"Sim";"";""
"ADICIONAL / SABOR";"[GRUPO] Sabor Grande";"Bem casado";"Mussarela, chocolate preto, chocolate branco e leite condensado";"59,90";"Sim";"";""
"ADICIONAL / SABOR";"[GRUPO] Sabor Grande";"Charge";"Mussarela, chocolate preto, amendoim e leite condensado";"59,90";"Sim";"";""
"ADICIONAL / SABOR";"[GRUPO] Sabor Grande";"Confeti";"Mussarela, chocolate preto, confeti e leite condensado.";"59,90";"Sim";"";""
"ADICIONAL / SABOR";"[GRUPO] Sabor Grande";"Charge branco";"Mussarela, chocolate branco, amendoim e leite condensado";"59,90";"Sim";"";""
"ADICIONAL / SABOR";"[GRUPO] Sabor Grande";"Chocolate preto";"Mussarela, chocolate preto e leite condensado.";"59,90";"Sim";"";""
"ADICIONAL / SABOR";"[GRUPO] Sabor Grande";"Prestigio";"Mussarela, chocolate preto, coco ralado e leite condensado";"59,90";"Sim";"";""
"ADICIONAL / SABOR";"[GRUPO] Sabor Grande";"Prestigio branco";"Mussarela, chocolate branco, coco ralado e leite condensado";"59,90";"Sim";"";""
"ADICIONAL / SABOR";"[GRUPO] Sabor Grande";"Romeu e julieta";"Mussarela e goiabada";"59,90";"Sim";"";""