Grupo de Opções;Sabor / Adicional;Descrição;Preço (R$);Disponível
"[GRUPO] Adicionais";"Queijo";"";"5,00";"Sim"
"[GRUPO] Adicionais";"Calabresa";"";"5,00";"Sim"
"[GRUPO] Adicionais";"Bacon";"";"5,00";"Sim"
"[GRUPO] Adicionais";"Cheddar";"";"6,00";"Sim"
"[GRUPO] Adicionais";"Catupiry";"";"5,00";"Sim"
"[GRUPO] Adicionais";"Bacon em Fatias";"";"5,00";"Sim"
"[GRUPO] Adicionais";"Hambúrguer 160g";"";"10,00";"Sim"
"[GRUPO] Adicionais";"Ovo Frito";"";"4,00";"Sim"
"[GRUPO] Adicionais";"Cheddar";"";"6,00";"Sim"
"[GRUPO] Adicionais";"Catupiry";"";"5,00";"Sim"
"[GRUPO] Adicionais";"Mussarela";"";"4,00";"Sim"
"[GRUPO] Adicionais";"Abacaxi";"";"7,00";"Sim"
"[GRUPO] Adicionais";"Cebola na Chapa";"";"3,00";"Sim"
"[GRUPO] Adicionais";"Cebola Crispy";"";"3,50";"Sim"
"[GRUPO] Selecione o sabor";"Bacon e Queijo";"";"23,00";"Sim"
"[GRUPO] Selecione o sabor";"Brócolis com Bacon e Catupiry";"";"23,00";"Sim"
"[GRUPO] Selecione o sabor";"Brócolis com Queijo";"";"23,00";"Sim"
"[GRUPO] Selecione o sabor";"Calabresa com Queijo";"";"23,00";"Sim"
"[GRUPO] Selecione o sabor";"Calabresa com Queijo e Bacon";"";"23,00";"Sim"
"[GRUPO] Selecione o sabor";"Camarão Cremoso";"";"28,00";"Sim"
"[GRUPO] Selecione o sabor";"Carne e ovo";"";"23,00";"Sim"
"[GRUPO] Selecione o sabor";"Carne e Bacon";"";"23,00";"Sim"
"[GRUPO] Selecione o sabor";"Carne com Cheddar";"";"23,00";"Sim"
"[GRUPO] Selecione o sabor";"Carne com Queijo";"";"23,00";"Sim"
"[GRUPO] Selecione o sabor";"Carne com Queijo e Bacon";"";"23,00";"Sim"
"[GRUPO] Selecione o sabor";"Carne, Ovo e Azeitona";"";"23,00";"Sim"
"[GRUPO] Selecione o sabor";"Frango Caipira";"";"23,00";"Sim"
"[GRUPO] Selecione o sabor";"Frango com Catupiry";"";"23,00";"Sim"
"[GRUPO] Selecione o sabor";"Frango com Bacon e Queijo";"";"23,00";"Sim"
"[GRUPO] Selecione o sabor";"Frango com Queijo";"";"23,00";"Sim"
"[GRUPO] Selecione o sabor";"Napolitano";"";"23,00";"Sim"
"[GRUPO] Selecione o sabor";"Pizza";"";"23,00";"Sim"
"[GRUPO] Selecione o sabor";"Presunto e Queijo";"";"23,00";"Sim"
"[GRUPO] Selecione o sabor";"Portuguesa";"";"23,00";"Sim"
"[GRUPO] Selecione o sabor";"Queijo";"";"25,00";"Sim"
"[GRUPO] Selecione o sabor";"4 Queijos";"";"28,00";"Sim"
"[GRUPO] Selecione o sabor";"Strogonoff de Frango";"";"28,00";"Sim"
"[GRUPO] Selecione o sabor";"Strogonoff de Carne";"";"28,00";"Sim"
"[GRUPO] Escolha até 4 sabores da Pizza Familia";"1. Alho e óleo";"Molho de tomate caseiro, mussarela, alho frito e azeitonas pretas e orégano. ";"0,00";"Sim"
"[GRUPO] Escolha até 4 sabores da Pizza Familia";"11. Calabresa";"Molho de tomate caseiro, mussarela, calabresa e orégano. ";"0,00";"Sim"
"[GRUPO] Escolha até 4 sabores da Pizza Familia";"36. Bolonhesa";"Molho de tomate caseiro, mussarela, carne moída, cebola, tomate e pimentão.";"8,00";"Sim"
"[GRUPO] Escolha até 4 sabores da Pizza Familia";"20. Frango caipira";"Molho de tomate caseiro, mussarela, frango, milho, bacon, catupiry e orégano.";"0,00";"Sim"
"[GRUPO] Escolha até 4 sabores da Pizza Familia";"46. Filé aos 5 queijos";"Molho de tomate caseiro, mussarela, provolone, parmesão, catupiry, cheddar e filé.";"8,00";"Sim"
"[GRUPO] Escolha até 4 sabores da Pizza Familia";"34. Verona";"Molho de tomate caseiro, mussarela, lombo canadense, palmito, milho, catupiry, alho frito e orégano. ";"0,00";"Sim"
"[GRUPO] Escolha até 4 sabores da Pizza Familia";"19. Frango catupiry";"Molho de tomate caseiro, mussarela, frango com catupiry e orégano.";"0,00";"Sim"
"[GRUPO] Escolha até 4 sabores da Pizza Familia";"35. Atum";"Molho de tomate caseiro, mussarela, atum, cebola, catupiry e orégano. +";"8,00";"Sim"
"[GRUPO] Escolha até 4 sabores da Pizza Familia";"32. Vegetariana";"Molho de tomate caseiro, mussarela, palmito, milho, brócolis, tomate e orégano.";"0,00";"Sim"
"[GRUPO] Escolha até 4 sabores da Pizza Familia";"48. Mexicana";"Molho de tomate caseiro, mussarela, iscas de carne, cheddar, cebola e nachos.";"8,00";"Sim"
"[GRUPO] Escolha até 4 sabores da Pizza Familia";"23. Italiana";"Molho de tomate caseiro, mussarela, presunto, bacon, milho, palmito e orégano.";"8,00";"Sim"
"[GRUPO] Escolha até 4 sabores da Pizza Familia";"40. Champignon";"Molho de tomate caseiro, mussarela, champignon, catupiry e orégano.";"8,00";"Sim"
"[GRUPO] Escolha até 4 sabores da Pizza Familia";"41. Filé ao alho";"Molho de tomate caseiro, mussarela, filé, alho frito e orégano.";"8,00";"Sim"
"[GRUPO] Escolha até 4 sabores da Pizza Familia";"CHOCOLATE BRANCO COM NOZES";"Mussarela, chocolate branco, nozes e leite condensado. ";"8,00";"Sim"
"[GRUPO] Escolha até 4 sabores da Pizza Familia";"BARBECUE";"Molho de tomate caseiro, mussarela, lombo ao molho Barbecue e orégano.";"8,00";"Sim"
"[GRUPO] Escolha até 4 sabores da Pizza Familia";"47. Filé com tomate";"Molho de tomate caseiro, mussarela, filé e tomate.";"8,00";"Sim"
"[GRUPO] Escolha até 4 sabores da Pizza Familia";"44. Filé com cheddar";"Molho de tomate caseiro, mussarela, Filé e cheddar.";"8,00";"Sim"
"[GRUPO] Escolha até 4 sabores da Pizza Familia";"42. Filé com fritas";"Molho de tomate caseiro, mussarela, tiras de carne, batata frita e orégano.";"8,00";"Sim"
"[GRUPO] Escolha até 4 sabores da Pizza Familia";"29. Mussarela";"Molho de tomate caseiro, mussarela, tomate, azeitonas verde e orégano.";"0,00";"Sim"
"[GRUPO] Escolha até 4 sabores da Pizza Familia";"CATUPERU";"Molho de tomate caseiro, mussarela, peito de peru, catupiry e orégano.";"8,00";"Sim"
"[GRUPO] Escolha até 4 sabores da Pizza Familia";"22. Havaiana";"Molho de tomate caseiro, mussarela, lombo canadense, abacaxi e orégano.";"0,00";"Sim"
"[GRUPO] Escolha até 4 sabores da Pizza Familia";"FLORESTA NEGRA";"Chocolate preto e cerejas.";"8,00";"Sim"
"[GRUPO] Escolha até 4 sabores da Pizza Familia";"12. Calabresa com cebola";"Molho de tomate caseiro, mussarela, calabresa, cebola e orégano.";"0,00";"Sim"
"[GRUPO] Escolha até 4 sabores da Pizza Familia";"GAÚCHA";"Molho de tomate caseiro, mussarela, filé, cebola, pimentão, tomate, barbecue e orégano.";"8,00";"Sim"
"[GRUPO] Escolha até 4 sabores da Pizza Familia";"13. Calabresa especial";"Molho de tomate caseiro, mussarela, calabresa, cebola, catupiry e ovos.";"0,00";"Sim"
"[GRUPO] Escolha até 4 sabores da Pizza Familia";"39. Coração";"Molho de tomate caseiro, mussarela, coração, cebola e catupiry.";"8,00";"Sim"
"[GRUPO] Escolha até 4 sabores da Pizza Familia";"30. Napolitana";"Molho de tomate caseiro, mussarela, tomate, provolone e orégano.";"0,00";"Sim"
"[GRUPO] Escolha até 4 sabores da Pizza Familia";"57. 5 Queijos";"Molho de tomate caseiro, mussarela, provolone, parmesão, catupiry, cheddar e orégano. ";"8,00";"Sim"
"[GRUPO] Escolha até 4 sabores da Pizza Familia";"24. La torre";"Molho de tomate caseiro, mussarela, lombo canadense, palmito e creme de leite.";"8,00";"Sim"
"[GRUPO] Escolha até 4 sabores da Pizza Familia";"17. Crocante";"Molho de tomate caseiro, mussarela, bacon, batata palha e orégano. ";"8,00";"Sim"
"[GRUPO] Escolha até 4 sabores da Pizza Familia";"49. Moda da casa";"Molho de tomate caseiro, mussarela, frango, palmito, bacon, milho, azeitona, catupiry e orégano. ";"8,00";"Sim"
"[GRUPO] Escolha até 4 sabores da Pizza Familia";"6. Brócolis com bacon e catupiry";"Molho de tomate caseiro, mussarela, brócolis, bacon e catupiry";"8,00";"Sim"
"[GRUPO] Escolha até 4 sabores da Pizza Familia";"3. Americana";"Molho de tomate caseiro, mussarela, milho, bacon, ovos e orégano. ";"8,00";"Sim"
"[GRUPO] Escolha até 4 sabores da Pizza Familia";"LA CANTINA";"Molho de tomate caseiro, mussarela, tomate seco, manjericão, champignon, azeitonas pretas e orégano.";"8,00";"Sim"
"[GRUPO] Escolha até 4 sabores da Pizza Familia";"10. Bauru";"Molho de tomate caseiro, mussarela, presunto, tomate e orégano.";"0,00";"Sim"
"[GRUPO] Escolha até 4 sabores da Pizza Familia";"51. Pepperoni";"Molho de tomate caseiro, mussarela, pepperoni e orégano. ";"8,00";"Sim"
"[GRUPO] Escolha até 4 sabores da Pizza Familia";"21. Fricasse";"Molho de tomate caseiro, mussarela, frango, milho, creme de leite e batata palha.";"0,00";"Sim"
"[GRUPO] Escolha até 4 sabores da Pizza Familia";"5. Brócolis com bacon";"Molho de tomate caseiro, mussarela, brócolis, bacon, tomate, alho frito e orégano. ";"0,00";"Sim"
"[GRUPO] Escolha até 4 sabores da Pizza Familia";"9. Baiana";"Molho de tomate caseiro, mussarela, calabresa, cebola, pimenta calabresa, azeitonas verde e orégano.";"0,00";"Sim"
"[GRUPO] Escolha até 4 sabores da Pizza Familia";"4. Brócolis";"Molho de tomate caseiro, mussarela, brócolis, tomate, alho frito e orégano.";"0,00";"Sim"
"[GRUPO] Escolha até 4 sabores da Pizza Familia";"8. Bacon com abacaxi";"Molho caseiro, mussarela, bacon e abacaxi.";"0,00";"Sim"
"[GRUPO] Escolha até 4 sabores da Pizza Familia";"2. Alhobresa";"Molho de tomate caseiro, mussarela, calabresa, alho e orégano. ";"0,00";"Sim"
"[GRUPO] Escolha até 4 sabores da Pizza Familia";"61. 6 Queijos com bacon";"Molho de tomate caseiro, mussarela, provolone, parmesão, gorgonzola, catupiry, cheddar e orégano. ";"8,00";"Sim"
"[GRUPO] Escolha até 4 sabores da Pizza Familia";"56. 4 Queijos";"Molho de tomate caseiro, mussrela, Parmesão, provolone, catupiry e orégano. ";"8,00";"Sim"
"[GRUPO] Escolha até 4 sabores da Pizza Familia";"PRESUNTO E QUEIJO (MODA ARGENTINA)";"Molho de tomate caseiro, mussarela, presunto e orégano.";"0,00";"Sim"
"[GRUPO] Escolha até 4 sabores da Pizza Familia";"15. Canadense";"Molho de tomate caseiro, mussarela, lombo canadense, catupiry e orégano.";"8,00";"Sim"
"[GRUPO] Escolha até 4 sabores da Pizza Familia";"43. Filé com catupiry";"Molho de tomate caseiro, mussarela, tiras de carne e catupiry.";"8,00";"Sim"
"[GRUPO] Escolha até 4 sabores da Pizza Familia";"27. Milho com catupiry";"Molho de tomate caseiro, mussarela, milho e catupiry.";"0,00";"Sim"
"[GRUPO] Escolha até 4 sabores da Pizza Familia";"7. Bacon";"Molho de tomate caseiro, mussarela, bacon e orégano.";"0,00";"Sim"
"[GRUPO] Escolha até 4 sabores da Pizza Familia";"58. 6 Queijos";"Molho de tomate caseiro, mussarela, provolone, parmesão, gorgonzola, catupiry, cheddar e orégano.";"8,00";"Sim"
"[GRUPO] Escolha até 4 sabores da Pizza Familia";"54. Strogonoff de carne";"Molho de tomate caseiro, mussarela, strogonoff de carne e batata palha.";"8,00";"Sim"
"[GRUPO] Escolha até 4 sabores da Pizza Familia";"26. Marguerita";"Molho de tomate caseiro, mussarela, tomate, manjericão, azeitonas pretas e orégano.";"0,00";"Sim"
"[GRUPO] Escolha até 4 sabores da Pizza Familia";"31. Portuguesa";"Molho de tomate caseiro, mussarela, presunto, queijo, ovo, tomate, cebola, pimentão, azeitonas verde e orégano.";"0,00";"Sim"
"[GRUPO] Escolha até 4 sabores da Pizza Familia";"FUGAZZETA";"Molho de tomate caseiro, mussarela, cebola, azeitonas verdes e orégano.";"0,00";"Sim"
"[GRUPO] Escolha até 4 sabores da Pizza Familia";"45. Filé aos 4 queijos";"Molho de tomate caseiro, mussarela, provolone, parmesão, catupiry e filé.";"8,00";"Sim"
"[GRUPO] Escolha até 4 sabores da Pizza Familia";"55. Strogonoff de frango";"Molho de tomate caseiro, mussarela, strogonoff de frango e batata palha.";"8,00";"Sim"
"[GRUPO] Escolha até 4 sabores da Pizza Familia";"59. 4 Queijos com bacon";"Molho de tomate caseiro, mussarela, provolone, parmesão, catupiry, bacon e orégano. ";"0,00";"Sim"
"[GRUPO] Escolha até 4 sabores da Pizza Familia";"37. Camarão alho e óleo";"Molho de tomate caseiro, mussarela, camarão ao alho e óleo e orégano.";"8,00";"Sim"
"[GRUPO] Escolha até 4 sabores da Pizza Familia";"50. Palmito";"Molho de tomate caseiro, mussarela, Palmito e orégano.";"8,00";"Sim"
"[GRUPO] Escolha até 4 sabores da Pizza Familia";"52. Rúcula com tomate seco";"Molho de tomate caseiro, mussarela, tomate seco, rúcula e orégano.";"8,00";"Sim"
"[GRUPO] Escolha até 4 sabores da Pizza Familia";"16. Carbonara";"Molho de tomate caseiro, mussarela, Bacon, ovos e creme de leite";"8,00";"Sim"
"[GRUPO] Escolha até 4 sabores da Pizza Familia";"25. Lombinho";"Molho de tomate caseiro, mussarela, lombo canadense, cebola e orégano.";"0,00";"Sim"
"[GRUPO] Escolha até 4 sabores da Pizza Familia";"28. Milho e bacon";"Molho de tomate caseiro, mussarela, milho e bacon.";"0,00";"Sim"
"[GRUPO] Escolha até 4 sabores da Pizza Familia";"LINGUIÇA BLUMENAU";"Molho de tomate caseiro, linguiça Blumenau, mussarela, catupiry e orégano.";"8,00";"Sim"
"[GRUPO] Escolha até 4 sabores da Pizza Familia";"18. Difiori";"Molho de tomate caseiro, mussarela, frango, bacon, tomate e creme de leite";"0,00";"Sim"
"[GRUPO] Escolha até 4 sabores da Pizza Familia";"38. Camarão aos 4 queijos";"Molho de tomate caseiro, mussarela, camarão, parmesão, provolone e catupiry.";"8,00";"Sim"
"[GRUPO] Escolha até 4 sabores da Pizza Familia";"TOSCANA";"Molho de tomate caseiro, mussarela, salame, provolone, manjericão e oregano.";"8,00";"Sim"
"[GRUPO] Escolha até 4 sabores da Pizza Familia";"PRIMAVERA";"Palmito, ervilha e ovos de codorna.";"8,00";"Sim"
"[GRUPO] Escolha até 4 sabores da Pizza Familia";"33. Veneza";"Molho de tomate caseiro, mussarela, lombo, bacon, ovos e orégano.";"0,00";"Sim"
"[GRUPO] Escolha até 4 sabores da Pizza Familia";"ITALIAN ";"Molho de tomate caseiro, mussarela, salame, tomate, azeitonas pretas e orégano.   ";"8,00";"Sim"
"[GRUPO] Escolha até 4 sabores da Pizza Familia";"SPECIALE";" Molho de tomate caseiro, mussarela, anéis de cebola na manteiga, salsinha e orégano. ";"8,00";"Sim"
"[GRUPO] Escolha até 4 sabores da Pizza Familia";"60. 5 Queijos com bacon";"Molho de tomate caseiro, mussarela, parmesão, provolone, catupiry, cheddar, bacon e orégano.";"8,00";"Sim"
"[GRUPO] Escolha até 4 sabores da Pizza Familia";"14. Catulabresa";"Molho de tomate caseiro, mussarela, calabresa e catupiry.";"0,00";"Sim"
"[GRUPO] Escolha até 4 sabores da Pizza Familia";"53. Siciliana";"Molho de tomate caseiro, mussarela, bacon, champignon, catupiry e orégano.";"8,00";"Sim"
"[GRUPO] Escolha até 4 sabores da Pizza Familia";"NORDESTINA ";" Molho de tomate caseiro, carne seca, cebola roxa, catupiry, mussarela, pimenta biquinho e orégano. ";"8,00";"Sim"
"[GRUPO] Escolha até 4 sabores da Pizza Gigante";"36. Bolonhesa";"Molho de tomate caseiro, mussarela, carne moída, cebola, tomate e pimentão.";"8,00";"Sim"
"[GRUPO] Escolha até 4 sabores da Pizza Gigante";"11. Calabresa";"Molho de tomate caseiro, mussarela, calabresa e orégano. ";"0,00";"Sim"
"[GRUPO] Escolha até 4 sabores da Pizza Gigante";"35. Atum";"Molho de tomate caseiro, mussarela, atum, cebola, catupiry e orégano. +";"8,00";"Sim"
"[GRUPO] Escolha até 4 sabores da Pizza Gigante";"46. Filé aos 5 queijos";"Molho de tomate caseiro, mussarela, provolone, parmesão, catupiry, cheddar e filé.";"8,00";"Sim"
"[GRUPO] Escolha até 4 sabores da Pizza Gigante";"41. Filé ao alho";"Molho de tomate caseiro, mussarela, filé, alho frito e orégano.";"8,00";"Sim"
"[GRUPO] Escolha até 4 sabores da Pizza Gigante";"34. Verona";"Molho de tomate caseiro, mussarela, lombo canadense, palmito, milho, catupiry, alho frito e orégano. ";"8,00";"Sim"
"[GRUPO] Escolha até 4 sabores da Pizza Gigante";"51. Pepperoni";"Molho de tomate caseiro, mussarela, pepperoni e orégano. ";"8,00";"Sim"
"[GRUPO] Escolha até 4 sabores da Pizza Gigante";"8. Bacon com abacaxi";"Molho caseiro, mussarela, bacon e abacaxi.";"8,00";"Sim"
"[GRUPO] Escolha até 4 sabores da Pizza Gigante";"9. Baiana";"Molho de tomate caseiro, mussarela, calabresa, cebola, pimenta calabresa, azeitonas verde e orégano.";"0,00";"Sim"
"[GRUPO] Escolha até 4 sabores da Pizza Gigante";"27. Milho com catupiry";"Molho de tomate caseiro, mussarela, milho e catupiry.";"0,00";"Sim"
"[GRUPO] Escolha até 4 sabores da Pizza Gigante";"2. Alhobresa";"Molho de tomate caseiro, mussarela, calabresa, alho e orégano. ";"0,00";"Sim"
"[GRUPO] Escolha até 4 sabores da Pizza Gigante";"61. 6 Queijos com bacon";"Molho de tomate caseiro, mussarela, provolone, parmesão, gorgonzola, catupiry, cheddar e orégano. ";"8,00";"Sim"
"[GRUPO] Escolha até 4 sabores da Pizza Gigante";"52. Rúcula com tomate seco";"Molho de tomate caseiro, mussarela, tomate seco, rúcula e orégano.";"8,00";"Sim"
"[GRUPO] Escolha até 4 sabores da Pizza Gigante";"26. Marguerita";"Molho de tomate caseiro, mussarela, tomate, manjericão, azeitonas pretas e orégano.";"0,00";"Sim"
"[GRUPO] Escolha até 4 sabores da Pizza Gigante";"15. Canadense";"Molho de tomate caseiro, mussarela, lombo canadense, catupiry e orégano.";"8,00";"Sim"
"[GRUPO] Escolha até 4 sabores da Pizza Gigante";"25. Lombinho";"Molho de tomate caseiro, mussarela, lombo canadense, cebola e orégano.";"8,00";"Sim"
"[GRUPO] Escolha até 4 sabores da Pizza Gigante";"31. Portuguesa";"Molho de tomate caseiro, mussarela, presunto, queijo, ovo, tomate, cebola, pimentão, azeitonas verde e orégano.";"0,00";"Sim"
"[GRUPO] Escolha até 4 sabores da Pizza Gigante";"54. Strogonoff de carne";"Molho de tomate caseiro, mussarela, strogonoff de carne e batata palha.";"8,00";"Sim"
"[GRUPO] Escolha até 4 sabores da Pizza Gigante";"16. Carbonara";"Molho de tomate caseiro, mussarela, Bacon, ovos e creme de leite";"8,00";"Sim"
"[GRUPO] Escolha até 4 sabores da Pizza Gigante";"55. Strogonoff de frango";"Molho de tomate caseiro, mussarela, strogonoff de frango e batata palha.";"8,00";"Sim"
"[GRUPO] Escolha até 4 sabores da Pizza Gigante";"CHOCOLATE BRANCO COM NOZES";"Mussarela, chocolate branco, nozes e leite condensado. ";"8,00";"Sim"
"[GRUPO] Escolha até 4 sabores da Pizza Gigante";"SPECIALE";" Molho de tomate caseiro, mussarela, anéis de cebola na manteiga, salsinha e orégano. ";"8,00";"Sim"
"[GRUPO] Escolha até 4 sabores da Pizza Gigante";"PRIMAVERA";"Palmito, ervilha e ovos de codorna.";"8,00";"Sim"
"[GRUPO] Escolha até 4 sabores da Pizza Gigante";"45. Filé aos 4 queijos";"Molho de tomate caseiro, mussarela, provolone, parmesão, catupiry e filé.";"8,00";"Sim"
"[GRUPO] Escolha até 4 sabores da Pizza Gigante";"53. Siciliana";"Molho de tomate caseiro, mussarela, bacon, champignon, catupiry e orégano.";"8,00";"Sim"
"[GRUPO] Escolha até 4 sabores da Pizza Gigante";"ITALIAN ";"Molho de tomate caseiro, mussarela, salame, tomate, azeitonas pretas e orégano.   ";"8,00";"Sim"
"[GRUPO] Escolha até 4 sabores da Pizza Gigante";"37. Camarão alho e óleo";"Molho de tomate caseiro, mussarela, camarão ao alho e óleo e orégano.";"8,00";"Sim"
"[GRUPO] Escolha até 4 sabores da Pizza Gigante";"NORDESTINA ";" Molho de tomate caseiro, carne seca, cebola roxa, catupiry, mussarela, pimenta biquinho e orégano. ";"8,00";"Sim"
"[GRUPO] Escolha até 4 sabores da Pizza Gigante";"50. Palmito";"Molho de tomate caseiro, mussarela, Palmito e orégano.";"8,00";"Sim"
"[GRUPO] Escolha até 4 sabores da Pizza Gigante";"13. Calabresa especial";"Molho de tomate caseiro, mussarela, calabresa, cebola, catupiry e ovos.";"8,00";"Sim"
"[GRUPO] Escolha até 4 sabores da Pizza Gigante";"28. Milho e bacon";"Molho de tomate caseiro, mussarela, milho e bacon.";"0,00";"Sim"
"[GRUPO] Escolha até 4 sabores da Pizza Gigante";"GAÚCHA";"Molho de tomate caseiro, mussarela, filé, cebola, pimentão, tomate, barbecue e orégano.";"8,00";"Sim"
"[GRUPO] Escolha até 4 sabores da Pizza Gigante";"23. Italiana";"Molho de tomate caseiro, mussarela, presunto, bacon, milho, palmito e orégano.";"8,00";"Sim"
"[GRUPO] Escolha até 4 sabores da Pizza Gigante";"LA CANTINA";"Molho de tomate caseiro, mussarela, tomate seco, manjericão, champignon, azeitonas pretas e orégano.";"8,00";"Sim"
"[GRUPO] Escolha até 4 sabores da Pizza Gigante";"10. Bauru";"Molho de tomate caseiro, mussarela, presunto, tomate e orégano.";"0,00";"Sim"
"[GRUPO] Escolha até 4 sabores da Pizza Gigante";"20. Frango caipira";"Molho de tomate caseiro, mussarela, frango, milho, bacon, catupiry e orégano.";"0,00";"Sim"
"[GRUPO] Escolha até 4 sabores da Pizza Gigante";"39. Coração";"Molho de tomate caseiro, mussarela, coração, cebola e catupiry.";"8,00";"Sim"
"[GRUPO] Escolha até 4 sabores da Pizza Gigante";"60. 5 Queijos com bacon";"Molho de tomate caseiro, mussarela, parmesão, provolone, catupiry, cheddar, bacon e orégano.";"8,00";"Sim"
"[GRUPO] Escolha até 4 sabores da Pizza Gigante";"43. Filé com catupiry";"Molho de tomate caseiro, mussarela, tiras de carne e catupiry.";"8,00";"Sim"
"[GRUPO] Escolha até 4 sabores da Pizza Gigante";"FUGAZZETA";"Molho de tomate caseiro, mussarela, cebola, azeitonas verdes e orégano.";"8,00";"Sim"
"[GRUPO] Escolha até 4 sabores da Pizza Gigante";"59. 4 Queijos com bacon";"Molho de tomate caseiro, mussarela, provolone, parmesão, catupiry, bacon e orégano. ";"8,00";"Sim"
"[GRUPO] Escolha até 4 sabores da Pizza Gigante";"33. Veneza";"Molho de tomate caseiro, mussarela, lombo, bacon, ovos e orégano.";"0,00";"Sim"
"[GRUPO] Escolha até 4 sabores da Pizza Gigante";"44. Filé com cheddar";"Molho de tomate caseiro, mussarela, Filé e cheddar.";"8,00";"Sim"
"[GRUPO] Escolha até 4 sabores da Pizza Gigante";"7. Bacon";"Molho de tomate caseiro, mussarela, bacon e orégano.";"0,00";"Sim"
"[GRUPO] Escolha até 4 sabores da Pizza Gigante";"6. Brócolis com bacon e catupiry";"Molho de tomate caseiro, mussarela, brócolis, bacon e catupiry";"0,00";"Sim"
"[GRUPO] Escolha até 4 sabores da Pizza Gigante";"29. Mussarela";"Molho de tomate caseiro, mussarela, tomate, azeitonas verde e orégano.";"0,00";"Sim"
"[GRUPO] Escolha até 4 sabores da Pizza Gigante";"BARBECUE";"Molho de tomate caseiro, mussarela, lombo ao molho Barbecue e orégano.";"8,00";"Sim"
"[GRUPO] Escolha até 4 sabores da Pizza Gigante";"TOSCANA";"Molho de tomate caseiro, mussarela, salame, provolone, manjericão e oregano.";"8,00";"Sim"
"[GRUPO] Escolha até 4 sabores da Pizza Gigante";"49. Moda da casa";"Molho de tomate caseiro, mussarela, frango, palmito, bacon, milho, azeitona, catupiry e orégano. ";"8,00";"Sim"
"[GRUPO] Escolha até 4 sabores da Pizza Gigante";"47. Filé com tomate";"Molho de tomate caseiro, mussarela, filé e tomate.";"8,00";"Sim"
"[GRUPO] Escolha até 4 sabores da Pizza Gigante";"1. Alho e óleo";"Molho de tomate caseiro, mussarela, alho frito e azeitonas pretas e orégano. ";"0,00";"Sim"
"[GRUPO] Escolha até 4 sabores da Pizza Gigante";"32. Vegetariana";"Molho de tomate caseiro, mussarela, palmito, milho, brócolis, tomate e orégano.";"0,00";"Sim"
"[GRUPO] Escolha até 4 sabores da Pizza Gigante";"48. Mexicana";"Molho de tomate caseiro, mussarela, iscas de carne, cheddar, cebola e nachos.";"8,00";"Sim"
"[GRUPO] Escolha até 4 sabores da Pizza Gigante";"17. Crocante";"Molho de tomate caseiro, mussarela, bacon, batata palha e orégano. ";"8,00";"Sim"
"[GRUPO] Escolha até 4 sabores da Pizza Gigante";"18. Difiori";"Molho de tomate caseiro, mussarela, frango, bacon, tomate e creme de leite";"8,00";"Sim"
"[GRUPO] Escolha até 4 sabores da Pizza Gigante";"19. Frango catupiry";"Molho de tomate caseiro, mussarela, frango com catupiry e orégano.";"0,00";"Sim"
"[GRUPO] Escolha até 4 sabores da Pizza Gigante";"14. Catulabresa";"Molho de tomate caseiro, mussarela, calabresa e catupiry.";"0,00";"Sim"
"[GRUPO] Escolha até 4 sabores da Pizza Gigante";"21. Fricasse";"Molho de tomate caseiro, mussarela, frango, milho, creme de leite e batata palha.";"0,00";"Sim"
"[GRUPO] Escolha até 4 sabores da Pizza Gigante";"56. 4 Queijos";"Molho de tomate caseiro, mussrela, Parmesão, provolone, catupiry e orégano. ";"8,00";"Sim"
"[GRUPO] Escolha até 4 sabores da Pizza Gigante";"5. Brócolis com bacon";"Molho de tomate caseiro, mussarela, brócolis, bacon, tomate, alho frito e orégano. ";"0,00";"Sim"
"[GRUPO] Escolha até 4 sabores da Pizza Gigante";"LINGUIÇA BLUMENAU";"Molho de tomate caseiro, linguiça Blumenau, mussarela, catupiry e orégano.";"8,00";"Sim"
"[GRUPO] Escolha até 4 sabores da Pizza Gigante";"57. 5 Queijos";"Molho de tomate caseiro, mussarela, provolone, parmesão, catupiry, cheddar e orégano. ";"8,00";"Sim"
"[GRUPO] Escolha até 4 sabores da Pizza Gigante";"38. Camarão aos 4 queijos";"Molho de tomate caseiro, mussarela, camarão, parmesão, provolone e catupiry.";"8,00";"Sim"
"[GRUPO] Escolha até 4 sabores da Pizza Gigante";"CATUPERU";"Molho de tomate caseiro, mussarela, peito de peru, catupiry e orégano.";"8,00";"Sim"
"[GRUPO] Escolha até 4 sabores da Pizza Gigante";"3. Americana";"Molho de tomate caseiro, mussarela, milho, bacon, ovos e orégano. ";"0,00";"Sim"
"[GRUPO] Escolha até 4 sabores da Pizza Gigante";"58. 6 Queijos";"Molho de tomate caseiro, mussarela, provolone, parmesão, gorgonzola, catupiry, cheddar e orégano.";"8,00";"Sim"
"[GRUPO] Escolha até 4 sabores da Pizza Gigante";"42. Filé com fritas";"Molho de tomate caseiro, mussarela, tiras de carne, batata frita e orégano.";"8,00";"Sim"
"[GRUPO] Escolha até 4 sabores da Pizza Gigante";"24. La torre";"Molho de tomate caseiro, mussarela, lombo canadense, palmito e creme de leite.";"8,00";"Sim"
"[GRUPO] Escolha até 4 sabores da Pizza Gigante";"30. Napolitana";"Molho de tomate caseiro, mussarela, tomate, provolone e orégano.";"0,00";"Sim"
"[GRUPO] Escolha até 4 sabores da Pizza Gigante";"12. Calabresa com cebola";"Molho de tomate caseiro, mussarela, calabresa, cebola e orégano.";"0,00";"Sim"
"[GRUPO] Escolha até 4 sabores da Pizza Gigante";"FLORESTA NEGRA";"Chocolate preto e cerejas.";"8,00";"Sim"
"[GRUPO] Escolha até 4 sabores da Pizza Gigante";"4. Brócolis";"Molho de tomate caseiro, mussarela, brócolis, tomate, alho frito e orégano.";"0,00";"Sim"
"[GRUPO] Escolha até 4 sabores da Pizza Gigante";"PRESUNTO E QUEIJO (MODA ARGENTINA)";"Molho de tomate caseiro, mussarela, presunto e orégano.";"0,00";"Sim"
"[GRUPO] Escolha até 4 sabores da Pizza Gigante";"40. Champignon";"Molho de tomate caseiro, mussarela, champignon, catupiry e orégano.";"8,00";"Sim"
"[GRUPO] Escolha até 4 sabores da Pizza Gigante";"22. Havaiana";"Molho de tomate caseiro, mussarela, lombo canadense, abacaxi e orégano.";"0,00";"Sim"
"[GRUPO] Selecione o sabor";"Banana com Doce de Leite";"";"25,00";"Sim"
"[GRUPO] Selecione o sabor";"Banana Leite Ninho e Chocolate ao Leite";"";"25,00";"Sim"
"[GRUPO] Selecione o sabor";"Banana Leite Ninho e Leite Condensado";"";"25,00";"Sim"
"[GRUPO] Selecione o sabor";"Banana Nevada";"";"25,00";"Sim"
"[GRUPO] Selecione o sabor";"Chocolate Branco";"";"25,00";"Sim"
"[GRUPO] Selecione o sabor";"Chocolate Preto";"";"25,00";"Sim"
"[GRUPO] Selecione o sabor";"Confete";"";"25,00";"Sim"
"[GRUPO] Selecione o sabor";"Dois Amores (Chocolate Preto e Branco)";"";"25,00";"Sim"
"[GRUPO] Selecione o sabor";"Prestígio";"";"25,00";"Sim"
"[GRUPO] Selecione o sabor";"Prestígio Branco";"";"25,00";"Sim"
"[GRUPO] Selecione o sabor";"Romeu e Julieta";"";"25,00";"Sim"
"[GRUPO] Selecione o sabor";"Sensação Preto";"";"25,00";"Sim"
"[GRUPO] Selecione o sabor";"Sensação Branca";"";"25,00";"Sim"
"[GRUPO] Escolha até 2 sabores da Pizza Pequena";"62. Banana com chocolate preto e leite condensado. ";"Mussarela, banana, chocolate preto e leite condensado.";"0,00";"Sim"
"[GRUPO] Escolha até 2 sabores da Pizza Pequena";"67. Chocolate branco";"Mussarela, chocolate branco e leite condensado. ";"0,00";"Sim"
"[GRUPO] Escolha até 2 sabores da Pizza Pequena";"72. Charge branco";"Mussarela, chocolate branco, amendoim e leite condensado";"0,00";"Sim"
"[GRUPO] Escolha até 2 sabores da Pizza Pequena";"74. Prestigio";"Mussarela, chocolate preto, coco ralado e leite condensado";"0,00";"Sim"
"[GRUPO] Escolha até 2 sabores da Pizza Pequena";"68. Bem casado";"Mussarela, chocolate preto, chocolate branco e leite condensado";"0,00";"Sim"
"[GRUPO] Escolha até 2 sabores da Pizza Pequena";"81. Sensação branca";"Mussarela, chocolate branco, morango e leite condensado";"8,00";"Sim"
"[GRUPO] Escolha até 2 sabores da Pizza Pequena";"82. Sonho de valsa";"Mussarela, chocolate preto, bombom sonho de valsa e leite condensado";"8,00";"Sim"
"[GRUPO] Escolha até 2 sabores da Pizza Pequena";"83. Óreo";"Mussarela, chocolate branco, biscoito óreo e leite condensado";"8,00";"Sim"
"[GRUPO] Escolha até 2 sabores da Pizza Pequena";"65. Banana leite ninho e leite condensado";"";"0,00";"Sim"
"[GRUPO] Escolha até 2 sabores da Pizza Pequena";"69. Califórnia";"Mussarela, abacaxi, pêssego, figo, açúcar, canela e leite condensado";"8,00";"Sim"
"[GRUPO] Escolha até 2 sabores da Pizza Pequena";"64. Banana leite ninho e chocolate ao leite";"Banana com leite ninho, chocolate ao leite e leite condensado. ";"0,00";"Sim"
"[GRUPO] Escolha até 2 sabores da Pizza Pequena";"76. Romeu e julieta";"Mussarela e goiabada";"0,00";"Sim"
"[GRUPO] Escolha até 2 sabores da Pizza Pequena";"71. Charge";"Mussarela, chocolate preto, amendoim e leite condensado";"0,00";"Sim"
"[GRUPO] Escolha até 2 sabores da Pizza Pequena";"78. Banana nevada";"Mussarela, banana, canela, chocolate branco e leite condensado. ";"8,00";"Sim"
"[GRUPO] Escolha até 2 sabores da Pizza Pequena";"80. Sensação";"Mussarela, chocolate preto, morango e leite condensado";"8,00";"Sim"
"[GRUPO] Escolha até 2 sabores da Pizza Pequena";"63. Banana com canela";"Mussarela, banana, açúcar, canela e leite condensado";"0,00";"Sim"
"[GRUPO] Escolha até 2 sabores da Pizza Pequena";"66. Brigadeiro";"Chocolate preto e granulado";"0,00";"Sim"
"[GRUPO] Escolha até 2 sabores da Pizza Pequena";"84. Ouro branco";"Mussarela, chocolate branco,  bombom ouro branco e leite condensado. ";"8,00";"Sim"
"[GRUPO] Escolha até 2 sabores da Pizza Pequena";"79. Banoffe";"Mussarela banana, canela e doce de leite";"8,00";"Sim"
"[GRUPO] Escolha até 2 sabores da Pizza Pequena";"70. Confeti";"Mussarela, chocolate preto, confeti e leite condensado.";"8,00";"Sim"
"[GRUPO] Escolha até 2 sabores da Pizza Pequena";"77. Abacaxí com coco";"Mussarela, abacaxí picado, coco ralado, chocolate branco e leite condensado";"8,00";"Sim"
"[GRUPO] Escolha até 2 sabores da Pizza Pequena";"75. Prestigio branco";"Mussarela, chocolate branco, coco ralado e leite condensado";"0,00";"Sim"
"[GRUPO] Escolha até 2 sabores da Pizza Pequena";"73. Chocolate preto";"Mussarela, chocolate preto e leite condensado. ";"0,00";"Sim"
"[GRUPO] Adicionais";"Ovo";"";"3,00";"Sim"
"[GRUPO] Adicionais";"Calabresa";"";"4,00";"Sim"
"[GRUPO] Adicionais";"Queijo";"";"4,00";"Sim"
"[GRUPO] Adicionais";"Cheddar";"";"6,00";"Sim"
"[GRUPO] Adicionais";"Catupiry";"";"5,00";"Sim"
"[GRUPO] Adicionais";"Bacon";"";"5,00";"Sim"
"[GRUPO] Escolha o seu refrigerante";"Fanta laranja 2 litros";"";"0,00";"Sim"
"[GRUPO] Escolha o seu refrigerante";"Sprit 2 litros";"";"0,00";"Sim"
"[GRUPO] Escolha o seu refrigerante";"Coca Cola 2 Litros";"";"0,00";"Sim"
"[GRUPO] Escolha o seu refrigerante";"Coca Zero 2 litros ";"";"0,00";"Sim"
"[GRUPO] Escolha o seu refrigerante";"Guarana Antartica 2 litros";"";"0,00";"Sim"
"[GRUPO] Borda Pequena 25cm";"Borda Cheddar";"";"8,00";"Sim"
"[GRUPO] Borda Pequena 25cm";"Borda Catupiry";"";"8,00";"Sim"
"[GRUPO] Borda Pequena 25cm";"Borda Cheddar com Bacon";"";"10,00";"Sim"
"[GRUPO] Borda Pequena 25cm";"Borda Catupiry com Bacon";"";"10,00";"Sim"
"[GRUPO] Borda Pequena 25cm";"Borda Chocolate Preto";"";"8,00";"Sim"
"[GRUPO] Borda Pequena 25cm";"Borda Chocolate Branco";"";"8,00";"Sim"
"[GRUPO] Borda Pequena 25cm";"Borda Charge Branco";"";"10,00";"Sim"
"[GRUPO] Borda Pequena 25cm";"Borda Charge";"";"10,00";"Sim"
"[GRUPO] Borda Pequena 25cm";"Borda Prestígio";"";"10,00";"Sim"
"[GRUPO] Borda Pequena 25cm";"Borda Doce de Leite";"";"8,00";"Sim"
"[GRUPO] Borda Pequena 25cm";"Borda Prestígio Branco";"";"10,00";"Sim"
"[GRUPO] Borda Média 30cm";"Borda Cheddar";"";"10,00";"Sim"
"[GRUPO] Borda Média 30cm";"Borda Cheddar com Bacon";"";"12,00";"Sim"
"[GRUPO] Borda Média 30cm";"Borda Catupiry";"";"10,00";"Sim"
"[GRUPO] Borda Média 30cm";"Borda Chocolate Preto";"";"10,00";"Sim"
"[GRUPO] Borda Média 30cm";"Borda Catupiry com Bacon";"";"12,00";"Sim"
"[GRUPO] Borda Média 30cm";"Borda Chocolate Branco";"";"10,00";"Sim"
"[GRUPO] Borda Média 30cm";"Borda Charge Branco";"";"12,00";"Sim"
"[GRUPO] Borda Média 30cm";"Borda Charge";"";"12,00";"Sim"
"[GRUPO] Borda Média 30cm";"Borda Doce de Leite";"";"10,00";"Sim"
"[GRUPO] Borda Média 30cm";"Borda Prestígio";"";"12,00";"Sim"
"[GRUPO] Borda Média 30cm";"Borda Prestígio Branco";"";"12,00";"Sim"
"[GRUPO] Borda Grande 35cm";"Borda Cheddar";"";"12,00";"Sim"
"[GRUPO] Borda Grande 35cm";"Borda Cheddar com Bacon";"";"14,00";"Sim"
"[GRUPO] Borda Grande 35cm";"Borda Catupiry";"";"12,00";"Sim"
"[GRUPO] Borda Grande 35cm";"Borda Catupiry com Bacon";"";"14,00";"Sim"
"[GRUPO] Borda Grande 35cm";"Borda Chocolate Preto";"";"12,00";"Sim"
"[GRUPO] Borda Grande 35cm";"Borda Chocolate Branco";"";"12,00";"Sim"
"[GRUPO] Borda Grande 35cm";"Borda Charge Branco";"";"14,00";"Sim"
"[GRUPO] Borda Grande 35cm";"Borda Doce de Leite";"";"12,00";"Sim"
"[GRUPO] Borda Grande 35cm";"Borda Charge";"";"14,00";"Sim"
"[GRUPO] Borda Grande 35cm";"Borda Prestígio";"";"14,00";"Sim"
"[GRUPO] Borda Grande 35cm";"Borda Prestígio Branco";"";"14,00";"Sim"
"[GRUPO] Borda Famiia 40cm";"Borda Cheddar";"";"14,00";"Sim"
"[GRUPO] Borda Famiia 40cm";"Borda Cheddar com Bacon";"";"16,00";"Sim"
"[GRUPO] Borda Famiia 40cm";"Borda Catupiry";"";"14,00";"Sim"
"[GRUPO] Borda Famiia 40cm";"Borda Chocolate Preto";"";"14,00";"Sim"
"[GRUPO] Borda Famiia 40cm";"Borda Catupiry com Bacon";"";"16,00";"Sim"
"[GRUPO] Borda Famiia 40cm";"Borda Chocolate Branco";"";"14,00";"Sim"
"[GRUPO] Borda Famiia 40cm";"Borda Charge Branco";"";"16,00";"Sim"
"[GRUPO] Borda Famiia 40cm";"Borda Doce de Leite";"";"14,00";"Sim"
"[GRUPO] Borda Famiia 40cm";"Borda Prestígio";"";"16,00";"Sim"
"[GRUPO] Borda Famiia 40cm";"Borda Charge";"";"16,00";"Sim"
"[GRUPO] Borda Famiia 40cm";"Borda Prestígio Branco";"";"16,00";"Sim"
"[GRUPO] Borda Gigante 45cm";"Borda Cheddar";"";"16,00";"Sim"
"[GRUPO] Borda Gigante 45cm";"Borda Cheddar com Bacon";"";"18,00";"Sim"
"[GRUPO] Borda Gigante 45cm";"Borda Catupiry";"";"16,00";"Sim"
"[GRUPO] Borda Gigante 45cm";"Borda Catupiry com Bacon";"";"18,00";"Sim"
"[GRUPO] Borda Gigante 45cm";"Borda Chocolate Branco";"";"16,00";"Sim"
"[GRUPO] Borda Gigante 45cm";"Borda Chocolate Preto";"";"16,00";"Sim"
"[GRUPO] Borda Gigante 45cm";"Borda Charge Branco";"";"18,00";"Sim"
"[GRUPO] Borda Gigante 45cm";"Borda Doce de Leite";"";"16,00";"Sim"
"[GRUPO] Borda Gigante 45cm";"Borda Charge";"";"18,00";"Sim"
"[GRUPO] Borda Gigante 45cm";"Borda Prestígio Branco";"";"18,00";"Sim"
"[GRUPO] Borda Gigante 45cm";"Borda Prestígio";"";"18,00";"Sim"
"[GRUPO] Sabor Pequena 25cm";"1. Alho e óleo";"Molho de tomate caseiro, mussarela, alho frito e azeitonas pretas e orégano. ";"40,00";"Sim"
"[GRUPO] Sabor Pequena 25cm";"10. Bauru";"Molho de tomate caseiro, mussarela, presunto, tomate e orégano.";"40,00";"Sim"
"[GRUPO] Sabor Pequena 25cm";"11. Calabresa";"Molho de tomate caseiro, mussarela, calabresa e orégano. ";"40,00";"Sim"
"[GRUPO] Sabor Pequena 25cm";"12. Calabresa com cebola";"Molho de tomate caseiro, mussarela, calabresa, cebola e orégano.";"40,00";"Sim"
"[GRUPO] Sabor Pequena 25cm";"13. Calabresa especial";"Molho de tomate caseiro, mussarela, calabresa, cebola, catupiry e ovos.";"40,00";"Sim"
"[GRUPO] Sabor Pequena 25cm";"14. Catulabresa";"Molho de tomate caseiro, mussarela, calabresa e catupiry.";"40,00";"Sim"
"[GRUPO] Sabor Pequena 25cm";"15. Canadense";"Molho de tomate caseiro, mussarela, lombo canadense, catupiry e orégano.";"40,00";"Sim"
"[GRUPO] Sabor Pequena 25cm";"16. Carbonara";"Molho de tomate caseiro, mussarela, Bacon, ovos e creme de leite";"40,00";"Sim"
"[GRUPO] Sabor Pequena 25cm";"17. Crocante";"Molho de tomate caseiro, mussarela, bacon, batata palha e orégano. ";"40,00";"Sim"
"[GRUPO] Sabor Pequena 25cm";"18. Difiori";"Molho de tomate caseiro, mussarela, frango, bacon, tomate e creme de leite";"40,00";"Sim"
"[GRUPO] Sabor Pequena 25cm";"19. Frango catupiry";"Molho de tomate caseiro, mussarela, frango com catupiry e orégano.";"40,00";"Sim"
"[GRUPO] Sabor Pequena 25cm";"2. Alhobresa";"Molho de tomate caseiro, mussarela, calabresa, alho e orégano. ";"40,00";"Sim"
"[GRUPO] Sabor Pequena 25cm";"20. Frango caipira";"Molho de tomate caseiro, mussarela, frango, milho, bacon, catupiry e orégano.";"40,00";"Sim"
"[GRUPO] Sabor Pequena 25cm";"21. Fricasse";"Molho de tomate caseiro, mussarela, frango, milho, creme de leite e batata palha.";"40,00";"Sim"
"[GRUPO] Sabor Pequena 25cm";"22. Havaiana";"Molho de tomate caseiro, mussarela, lombo canadense, abacaxi e orégano.";"40,00";"Sim"
"[GRUPO] Sabor Pequena 25cm";"23. Italiana";"Molho de tomate caseiro, mussarela, presunto, bacon, milho, palmito e orégano.";"40,00";"Sim"
"[GRUPO] Sabor Pequena 25cm";"24. La torre";"Molho de tomate caseiro, mussarela, lombo canadense, palmito e creme de leite.";"40,00";"Sim"
"[GRUPO] Sabor Pequena 25cm";"25. Lombinho";"Molho de tomate caseiro, mussarela, lombo canadense, cebola e orégano.";"40,00";"Sim"
"[GRUPO] Sabor Pequena 25cm";"26. Marguerita";"Molho de tomate caseiro, mussarela, tomate, manjericão, azeitonas pretas e orégano.";"40,00";"Sim"
"[GRUPO] Sabor Pequena 25cm";"27. Milho com catupiry";"Molho de tomate caseiro, mussarela, milho e catupiry.";"40,00";"Sim"
"[GRUPO] Sabor Pequena 25cm";"28. Milho e bacon";"Molho de tomate caseiro, mussarela, milho e bacon.";"40,00";"Sim"
"[GRUPO] Sabor Pequena 25cm";"29. Mussarela";"Molho de tomate caseiro, mussarela, tomate, azeitonas verde e orégano.";"40,00";"Sim"
"[GRUPO] Sabor Pequena 25cm";"3. Americana";"Molho de tomate caseiro, mussarela, milho, bacon, ovos e orégano. ";"40,00";"Sim"
"[GRUPO] Sabor Pequena 25cm";"30. Napolitana";"Molho de tomate caseiro, mussarela, tomate, provolone e orégano.";"40,00";"Sim"
"[GRUPO] Sabor Pequena 25cm";"31. Portuguesa";"Molho de tomate caseiro, mussarela, presunto, queijo, ovo, tomate, cebola, pimentão, azeitonas verde e orégano.";"40,00";"Sim"
"[GRUPO] Sabor Pequena 25cm";"32. Vegetariana";"Molho de tomate caseiro, mussarela, palmito, milho, brócolis, tomate e orégano.";"40,00";"Sim"
"[GRUPO] Sabor Pequena 25cm";"33. Veneza";"Molho de tomate caseiro, mussarela, lombo, bacon, ovos e orégano.";"40,00";"Sim"
"[GRUPO] Sabor Pequena 25cm";"34. Verona";"Molho de tomate caseiro, mussarela, lombo canadense, palmito, milho, catupiry, alho frito e orégano. ";"40,00";"Sim"
"[GRUPO] Sabor Pequena 25cm";"35. Atum";"Molho de tomate caseiro, mussarela, atum, cebola, catupiry e orégano. +";"56,00";"Sim"
"[GRUPO] Sabor Pequena 25cm";"36. Bolonhesa";"Molho de tomate caseiro, mussarela, carne moída, cebola, tomate e pimentão.";"56,00";"Sim"
"[GRUPO] Sabor Pequena 25cm";"37. Camarão alho e óleo";"Molho de tomate caseiro, mussarela, camarão ao alho e óleo e orégano.";"60,00";"Sim"
"[GRUPO] Sabor Pequena 25cm";"38. Camarão aos 4 queijos";"Molho de tomate caseiro, mussarela, camarão, parmesão, provolone e catupiry.";"60,00";"Sim"
"[GRUPO] Sabor Pequena 25cm";"39. Coração";"Molho de tomate caseiro, mussarela, coração, cebola e catupiry.";"56,00";"Sim"
"[GRUPO] Sabor Pequena 25cm";"4. Brócolis";"Molho de tomate caseiro, mussarela, brócolis, tomate, alho frito e orégano.";"40,00";"Sim"
"[GRUPO] Sabor Pequena 25cm";"40. Champignon";"Molho de tomate caseiro, mussarela, champignon, catupiry e orégano.";"56,00";"Sim"
"[GRUPO] Sabor Pequena 25cm";"41. Filé ao alho";"Molho de tomate caseiro, mussarela, filé, alho frito e orégano.";"56,00";"Sim"
"[GRUPO] Sabor Pequena 25cm";"42. Filé com fritas";"Molho de tomate caseiro, mussarela, tiras de carne, batata frita e orégano.";"56,00";"Sim"
"[GRUPO] Sabor Pequena 25cm";"43. Filé com catupiry";"Molho de tomate caseiro, mussarela, tiras de carne e catupiry.";"56,00";"Sim"
"[GRUPO] Sabor Pequena 25cm";"44. Filé com cheddar";"Molho de tomate caseiro, mussarela, Filé e cheddar.";"56,00";"Sim"
"[GRUPO] Sabor Pequena 25cm";"45. Filé aos 4 queijos";"Molho de tomate caseiro, mussarela, provolone, parmesão, catupiry e filé.";"56,00";"Sim"
"[GRUPO] Sabor Pequena 25cm";"46. Filé aos 5 queijos";"Molho de tomate caseiro, mussarela, provolone, parmesão, catupiry, cheddar e filé.";"56,00";"Sim"
"[GRUPO] Sabor Pequena 25cm";"47. Filé com tomate";"Molho de tomate caseiro, mussarela, filé e tomate.";"56,00";"Sim"
"[GRUPO] Sabor Pequena 25cm";"48. Mexicana";"Molho de tomate caseiro, mussarela, iscas de carne, cheddar, cebola e nachos.";"56,00";"Sim"
"[GRUPO] Sabor Pequena 25cm";"49. Moda da casa";"Molho de tomate caseiro, mussarela, frango, palmito, bacon, milho, azeitona, catupiry e orégano. ";"56,00";"Sim"
"[GRUPO] Sabor Pequena 25cm";"5. Brócolis com bacon";"Molho de tomate caseiro, mussarela, brócolis, bacon, tomate, alho frito e orégano. ";"40,00";"Sim"
"[GRUPO] Sabor Pequena 25cm";"50. Palmito";"Molho de tomate caseiro, mussarela, Palmito e orégano.";"56,00";"Sim"
"[GRUPO] Sabor Pequena 25cm";"51. Pepperoni";"Molho de tomate caseiro, mussarela, pepperoni e orégano. ";"56,00";"Sim"
"[GRUPO] Sabor Pequena 25cm";"52. Rúcula com tomate seco";"Molho de tomate caseiro, mussarela, tomate seco, rúcula e orégano.";"56,00";"Sim"
"[GRUPO] Sabor Pequena 25cm";"53. Siciliana";"Molho de tomate caseiro, mussarela, bacon, champignon, catupiry e orégano.";"56,00";"Sim"
"[GRUPO] Sabor Pequena 25cm";"54. Strogonoff de carne";"Molho de tomate caseiro, mussarela, strogonoff de carne e batata palha.";"56,00";"Sim"
"[GRUPO] Sabor Pequena 25cm";"55. Strogonoff de frango";"Molho de tomate caseiro, mussarela, strogonoff de frango e batata palha.";"56,00";"Sim"
"[GRUPO] Sabor Pequena 25cm";"56. 4 Queijos";"Molho de tomate caseiro, mussrela, Parmesão, provolone, catupiry e orégano. ";"56,00";"Sim"
"[GRUPO] Sabor Pequena 25cm";"57. 5 Queijos";"Molho de tomate caseiro, mussarela, provolone, parmesão, catupiry, cheddar e orégano. ";"56,00";"Sim"
"[GRUPO] Sabor Pequena 25cm";"58. 6 Queijos";"Molho de tomate caseiro, mussarela, provolone, parmesão, gorgonzola, catupiry, cheddar e orégano.";"56,00";"Sim"
"[GRUPO] Sabor Pequena 25cm";"59. 4 Queijos com bacon";"Molho de tomate caseiro, mussarela, provolone, parmesão, catupiry, bacon e orégano. ";"56,00";"Sim"
"[GRUPO] Sabor Pequena 25cm";"6. Brócolis com bacon e catupiry";"Molho de tomate caseiro, mussarela, brócolis, bacon e catupiry";"40,00";"Sim"
"[GRUPO] Sabor Pequena 25cm";"60. 5 Queijos com bacon";"Molho de tomate caseiro, mussarela, parmesão, provolone, catupiry, cheddar, bacon e orégano.";"56,00";"Sim"
"[GRUPO] Sabor Pequena 25cm";"61. 6 Queijos com bacon";"Molho de tomate caseiro, mussarela, provolone, parmesão, gorgonzola, catupiry, cheddar e orégano. ";"56,00";"Sim"
"[GRUPO] Sabor Pequena 25cm";"62. Banana com chocolate preto e leite condensado. ";"Mussarela, banana, chocolate preto e leite condensado.";"40,00";"Sim"
"[GRUPO] Sabor Pequena 25cm";"63. Banana com canela";"Mussarela, banana, açúcar, canela e leite condensado";"40,00";"Sim"
"[GRUPO] Sabor Pequena 25cm";"64. Banana leite ninho e chocolate ao leite";"Banana com leite ninho, chocolate ao leite e leite condensado. ";"40,00";"Sim"
"[GRUPO] Sabor Pequena 25cm";"65. Banana leite ninho e leite condensado";"";"40,00";"Sim"
"[GRUPO] Sabor Pequena 25cm";"66. Brigadeiro";"Chocolate preto e granulado";"40,00";"Sim"
"[GRUPO] Sabor Pequena 25cm";"67. Chocolate branco";"Mussarela, chocolate branco e leite condensado. ";"40,00";"Sim"
"[GRUPO] Sabor Pequena 25cm";"68. Bem casado";"Mussarela, chocolate preto, chocolate branco e leite condensado";"40,00";"Sim"
"[GRUPO] Sabor Pequena 25cm";"69. Califórnia";"Mussarela, abacaxi, pêssego, figo, açúcar, canela e leite condensado";"56,00";"Sim"
"[GRUPO] Sabor Pequena 25cm";"7. Bacon";"Molho de tomate caseiro, mussarela, bacon e orégano.";"40,00";"Sim"
"[GRUPO] Sabor Pequena 25cm";"70. Confeti";"Mussarela, chocolate preto, confeti e leite condensado.";"40,00";"Sim"
"[GRUPO] Sabor Pequena 25cm";"71. Charge";"Mussarela, chocolate preto, amendoim e leite condensado";"40,00";"Sim"
"[GRUPO] Sabor Pequena 25cm";"72. Charge branco";"Mussarela, chocolate branco, amendoim e leite condensado";"40,00";"Sim"
"[GRUPO] Sabor Pequena 25cm";"73. Chocolate preto";"Mussarela, chocolate preto e leite condensado. ";"40,00";"Sim"
"[GRUPO] Sabor Pequena 25cm";"74. Prestigio";"Mussarela, chocolate preto, coco ralado e leite condensado";"40,00";"Sim"
"[GRUPO] Sabor Pequena 25cm";"75. Prestigio branco";"Mussarela, chocolate branco, coco ralado e leite condensado";"40,00";"Sim"
"[GRUPO] Sabor Pequena 25cm";"76. Romeu e julieta";"Mussarela e goiabada";"40,00";"Sim"
"[GRUPO] Sabor Pequena 25cm";"77. Abacaxí com coco";"Mussarela, abacaxí picado, coco ralado, chocolate branco e leite condensado";"56,00";"Sim"
"[GRUPO] Sabor Pequena 25cm";"78. Banana nevada";"Mussarela, banana, canela, chocolate branco e leite condensado. ";"55,00";"Sim"
"[GRUPO] Sabor Pequena 25cm";"79. Banoffe";"Mussarela banana, canela e doce de leite";"55,00";"Sim"
"[GRUPO] Sabor Pequena 25cm";"8. Bacon com abacaxi";"Molho caseiro, mussarela, bacon e abacaxi.";"40,00";"Sim"
"[GRUPO] Sabor Pequena 25cm";"80. Sensação";"Mussarela, chocolate preto, morango e leite condensado";"55,00";"Sim"
"[GRUPO] Sabor Pequena 25cm";"81. Sensação branca";"Mussarela, chocolate branco, morango e leite condensado";"55,00";"Sim"
"[GRUPO] Sabor Pequena 25cm";"82. Sonho de valsa";"Mussarela, chocolate preto, bombom sonho de valsa e leite condensado";"55,00";"Sim"
"[GRUPO] Sabor Pequena 25cm";"83. Óreo";"Mussarela, chocolate branco, biscoito óreo e leite condensado";"55,00";"Sim"
"[GRUPO] Sabor Pequena 25cm";"9. Baiana";"Molho de tomate caseiro, mussarela, calabresa, cebola, pimenta calabresa, azeitonas verde e orégano.";"40,00";"Sim"
"[GRUPO] Sabor Pequena 25cm";"BARBECUE";"Molho de tomate caseiro, mussarela, lombo ao molho Barbecue e orégano.";"56,00";"Sim"
"[GRUPO] Sabor Pequena 25cm";"CATUPERU";"Molho de tomate caseiro, mussarela, peito de peru, catupiry e orégano.";"40,00";"Sim"
"[GRUPO] Sabor Pequena 25cm";"CHOCOLATE BRANCO COM NOZES";"Mussarela, chocolate branco, nozes e leite condensado. ";"56,00";"Sim"
"[GRUPO] Sabor Pequena 25cm";"FLORESTA NEGRA";"Chocolate preto e cerejas.";"56,00";"Sim"
"[GRUPO] Sabor Pequena 25cm";"FUGAZZETA";"Molho de tomate caseiro, mussarela, cebola, azeitonas verdes e orégano.";"40,00";"Sim"
"[GRUPO] Sabor Pequena 25cm";"GAÚCHA";"Molho de tomate caseiro, mussarela, filé, cebola, pimentão, tomate, barbecue e orégano.";"56,00";"Sim"
"[GRUPO] Sabor Pequena 25cm";"ITALIAN ";"Molho de tomate caseiro, mussarela, salame, tomate, azeitonas pretas e orégano.   ";"56,00";"Sim"
"[GRUPO] Sabor Pequena 25cm";"LA CANTINA";"Molho de tomate caseiro, mussarela, tomate seco, manjericão, champignon, azeitonas pretas e orégano.";"56,00";"Sim"
"[GRUPO] Sabor Pequena 25cm";"LINGUIÇA BLUMENAU";"Molho de tomate caseiro, linguiça Blumenau, mussarela, catupiry e orégano.";"56,00";"Sim"
"[GRUPO] Sabor Pequena 25cm";"NORDESTINA ";" Molho de tomate caseiro, carne seca, cebola roxa, catupiry, mussarela, pimenta biquinho e orégano. ";"56,00";"Sim"
"[GRUPO] Sabor Pequena 25cm";"PRESUNTO E QUEIJO (MODA ARGENTINA)";"Molho de tomate caseiro, mussarela, presunto e orégano.";"40,00";"Sim"
"[GRUPO] Sabor Pequena 25cm";"PRIMAVERA";"Palmito, ervilha e ovos de codorna.";"56,00";"Sim"
"[GRUPO] Sabor Pequena 25cm";"SPECIALE";" Molho de tomate caseiro, mussarela, anéis de cebola na manteiga, salsinha e orégano. ";"56,00";"Sim"
"[GRUPO] Sabor Pequena 25cm";"TOSCANA";"Molho de tomate caseiro, mussarela, salame, provolone, manjericão e oregano.";"56,00";"Sim"
"[GRUPO] Sabor Média 30cm";"1. Alho e óleo";"Molho de tomate caseiro, mussarela, alho frito e azeitonas pretas e orégano. ";"55,00";"Sim"
"[GRUPO] Sabor Média 30cm";"10. Bauru";"Molho de tomate caseiro, mussarela, presunto, tomate e orégano.";"55,00";"Sim"
"[GRUPO] Sabor Média 30cm";"11. Calabresa";"Molho de tomate caseiro, mussarela, calabresa e orégano. ";"55,00";"Sim"
"[GRUPO] Sabor Média 30cm";"12. Calabresa com cebola";"Molho de tomate caseiro, mussarela, calabresa, cebola e orégano.";"55,00";"Sim"
"[GRUPO] Sabor Média 30cm";"13. Calabresa especial";"Molho de tomate caseiro, mussarela, calabresa, cebola, catupiry e ovos.";"55,00";"Sim"
"[GRUPO] Sabor Média 30cm";"14. Catulabresa";"Molho de tomate caseiro, mussarela, calabresa e catupiry.";"55,00";"Sim"
"[GRUPO] Sabor Média 30cm";"15. Canadense";"Molho de tomate caseiro, mussarela, lombo canadense, catupiry e orégano.";"55,00";"Sim"
"[GRUPO] Sabor Média 30cm";"16. Carbonara";"Molho de tomate caseiro, mussarela, Bacon, ovos e creme de leite";"55,00";"Sim"
"[GRUPO] Sabor Média 30cm";"17. Crocante";"Molho de tomate caseiro, mussarela, bacon, batata palha e orégano. ";"55,00";"Sim"
"[GRUPO] Sabor Média 30cm";"18. Difiori";"Molho de tomate caseiro, mussarela, frango, bacon, tomate e creme de leite";"55,00";"Sim"
"[GRUPO] Sabor Média 30cm";"19. Frango catupiry";"Molho de tomate caseiro, mussarela, frango com catupiry e orégano.";"55,00";"Sim"
"[GRUPO] Sabor Média 30cm";"2. Alhobresa";"Molho de tomate caseiro, mussarela, calabresa, alho e orégano. ";"55,00";"Sim"
"[GRUPO] Sabor Média 30cm";"20. Frango caipira";"Molho de tomate caseiro, mussarela, frango, milho, bacon, catupiry e orégano.";"55,00";"Sim"
"[GRUPO] Sabor Média 30cm";"21. Fricasse";"Molho de tomate caseiro, mussarela, frango, milho, creme de leite e batata palha.";"55,00";"Sim"
"[GRUPO] Sabor Média 30cm";"22. Havaiana";"Molho de tomate caseiro, mussarela, lombo canadense, abacaxi e orégano.";"55,00";"Sim"
"[GRUPO] Sabor Média 30cm";"23. Italiana";"Molho de tomate caseiro, mussarela, presunto, bacon, milho, palmito e orégano.";"55,00";"Sim"
"[GRUPO] Sabor Média 30cm";"24. La torre";"Molho de tomate caseiro, mussarela, lombo canadense, palmito e creme de leite.";"55,00";"Sim"
"[GRUPO] Sabor Média 30cm";"25. Lombinho";"Molho de tomate caseiro, mussarela, lombo canadense, cebola e orégano.";"55,00";"Sim"
"[GRUPO] Sabor Média 30cm";"26. Marguerita";"Molho de tomate caseiro, mussarela, tomate, manjericão, azeitonas pretas e orégano.";"55,00";"Sim"
"[GRUPO] Sabor Média 30cm";"27. Milho com catupiry";"Molho de tomate caseiro, mussarela, milho e catupiry.";"55,00";"Sim"
"[GRUPO] Sabor Média 30cm";"28. Milho e bacon";"Molho de tomate caseiro, mussarela, milho e bacon.";"55,00";"Sim"
"[GRUPO] Sabor Média 30cm";"29. Mussarela";"Molho de tomate caseiro, mussarela, tomate, azeitonas verde e orégano.";"55,00";"Sim"
"[GRUPO] Sabor Média 30cm";"3. Americana";"Molho de tomate caseiro, mussarela, milho, bacon, ovos e orégano. ";"55,00";"Sim"
"[GRUPO] Sabor Média 30cm";"30. Napolitana";"Molho de tomate caseiro, mussarela, tomate, provolone e orégano.";"55,00";"Sim"
"[GRUPO] Sabor Média 30cm";"31. Portuguesa";"Molho de tomate caseiro, mussarela, presunto, queijo, ovo, tomate, cebola, pimentão, azeitonas verde e orégano.";"55,00";"Sim"
"[GRUPO] Sabor Média 30cm";"32. Vegetariana";"Molho de tomate caseiro, mussarela, palmito, milho, brócolis, tomate e orégano.";"55,00";"Sim"
"[GRUPO] Sabor Média 30cm";"33. Veneza";"Molho de tomate caseiro, mussarela, lombo, bacon, ovos e orégano.";"55,00";"Sim"
"[GRUPO] Sabor Média 30cm";"34. Verona";"Molho de tomate caseiro, mussarela, lombo canadense, palmito, milho, catupiry, alho frito e orégano. ";"55,00";"Sim"
"[GRUPO] Sabor Média 30cm";"35. Atum";"Molho de tomate caseiro, mussarela, atum, cebola, catupiry e orégano. +";"71,00";"Sim"
"[GRUPO] Sabor Média 30cm";"36. Bolonhesa";"Molho de tomate caseiro, mussarela, carne moída, cebola, tomate e pimentão.";"71,00";"Sim"
"[GRUPO] Sabor Média 30cm";"37. Camarão alho e óleo";"Molho de tomate caseiro, mussarela, camarão ao alho e óleo e orégano.";"75,00";"Sim"
"[GRUPO] Sabor Média 30cm";"38. Camarão aos 4 queijos";"Molho de tomate caseiro, mussarela, camarão, parmesão, provolone e catupiry.";"75,00";"Sim"
"[GRUPO] Sabor Média 30cm";"39. Coração";"Molho de tomate caseiro, mussarela, coração, cebola e catupiry.";"71,00";"Sim"
"[GRUPO] Sabor Média 30cm";"4. Brócolis";"Molho de tomate caseiro, mussarela, brócolis, tomate, alho frito e orégano.";"55,00";"Sim"
"[GRUPO] Sabor Média 30cm";"40. Champignon";"Molho de tomate caseiro, mussarela, champignon, catupiry e orégano.";"71,00";"Sim"
"[GRUPO] Sabor Média 30cm";"41. Filé ao alho";"Molho de tomate caseiro, mussarela, filé, alho frito e orégano.";"71,00";"Sim"
"[GRUPO] Sabor Média 30cm";"42. Filé com fritas";"Molho de tomate caseiro, mussarela, tiras de carne, batata frita e orégano.";"71,00";"Sim"
"[GRUPO] Sabor Média 30cm";"43. Filé com catupiry";"Molho de tomate caseiro, mussarela, tiras de carne e catupiry.";"71,00";"Sim"
"[GRUPO] Sabor Média 30cm";"44. Filé com cheddar";"Molho de tomate caseiro, mussarela, Filé e cheddar.";"71,00";"Sim"
"[GRUPO] Sabor Média 30cm";"45. Filé aos 4 queijos";"Molho de tomate caseiro, mussarela, provolone, parmesão, catupiry e filé.";"71,00";"Sim"
"[GRUPO] Sabor Média 30cm";"46. Filé aos 5 queijos";"Molho de tomate caseiro, mussarela, provolone, parmesão, catupiry, cheddar e filé.";"71,00";"Sim"
"[GRUPO] Sabor Média 30cm";"47. Filé com tomate";"Molho de tomate caseiro, mussarela, filé e tomate.";"71,00";"Sim"
"[GRUPO] Sabor Média 30cm";"48. Mexicana";"Molho de tomate caseiro, mussarela, iscas de carne, cheddar, cebola e nachos.";"71,00";"Sim"
"[GRUPO] Sabor Média 30cm";"49. Moda da casa";"Molho de tomate caseiro, mussarela, frango, palmito, bacon, milho, azeitona, catupiry e orégano. ";"71,00";"Sim"
"[GRUPO] Sabor Média 30cm";"5. Brócolis com bacon";"Molho de tomate caseiro, mussarela, brócolis, bacon, tomate, alho frito e orégano. ";"55,00";"Sim"
"[GRUPO] Sabor Média 30cm";"50. Palmito";"Molho de tomate caseiro, mussarela, Palmito e orégano.";"71,00";"Sim"
"[GRUPO] Sabor Média 30cm";"51. Pepperoni";"Molho de tomate caseiro, mussarela, pepperoni e orégano. ";"71,00";"Sim"
"[GRUPO] Sabor Média 30cm";"52. Rúcula com tomate seco";"Molho de tomate caseiro, mussarela, tomate seco, rúcula e orégano.";"71,00";"Sim"
"[GRUPO] Sabor Média 30cm";"53. Siciliana";"Molho de tomate caseiro, mussarela, bacon, champignon, catupiry e orégano.";"71,00";"Sim"
"[GRUPO] Sabor Média 30cm";"54. Strogonoff de carne";"Molho de tomate caseiro, mussarela, strogonoff de carne e batata palha.";"71,00";"Sim"
"[GRUPO] Sabor Média 30cm";"55. Strogonoff de frango";"Molho de tomate caseiro, mussarela, strogonoff de frango e batata palha.";"71,00";"Sim"
"[GRUPO] Sabor Média 30cm";"56. 4 Queijos";"Molho de tomate caseiro, mussrela, Parmesão, provolone, catupiry e orégano. ";"71,00";"Sim"
"[GRUPO] Sabor Média 30cm";"57. 5 Queijos";"Molho de tomate caseiro, mussarela, provolone, parmesão, catupiry, cheddar e orégano. ";"71,00";"Sim"
"[GRUPO] Sabor Média 30cm";"58. 6 Queijos";"Molho de tomate caseiro, mussarela, provolone, parmesão, gorgonzola, catupiry, cheddar e orégano.";"71,00";"Sim"
"[GRUPO] Sabor Média 30cm";"59. 4 Queijos com bacon";"Molho de tomate caseiro, mussarela, provolone, parmesão, catupiry, bacon e orégano. ";"71,00";"Sim"
"[GRUPO] Sabor Média 30cm";"6. Brócolis com bacon e catupiry";"Molho de tomate caseiro, mussarela, brócolis, bacon e catupiry";"55,00";"Sim"
"[GRUPO] Sabor Média 30cm";"60. 5 Queijos com bacon";"Molho de tomate caseiro, mussarela, parmesão, provolone, catupiry, cheddar, bacon e orégano.";"71,00";"Sim"
"[GRUPO] Sabor Média 30cm";"61. 6 Queijos com bacon";"Molho de tomate caseiro, mussarela, provolone, parmesão, gorgonzola, catupiry, cheddar e orégano. ";"71,00";"Sim"
"[GRUPO] Sabor Média 30cm";"62. Banana com chocolate preto e leite condensado. ";"Mussarela, banana, chocolate preto e leite condensado.";"55,00";"Sim"
"[GRUPO] Sabor Média 30cm";"63. Banana com canela";"Mussarela, banana, açúcar, canela e leite condensado";"55,00";"Sim"
"[GRUPO] Sabor Média 30cm";"64. Banana leite ninho e chocolate ao leite";"Banana com leite ninho, chocolate ao leite e leite condensado. ";"55,00";"Sim"
"[GRUPO] Sabor Média 30cm";"65. Banana leite ninho e leite condensado";"";"64,00";"Sim"
"[GRUPO] Sabor Média 30cm";"66. Brigadeiro";"Chocolate preto e granulado";"0,00";"Sim"
"[GRUPO] Sabor Média 30cm";"67. Chocolate branco";"Mussarela, chocolate branco e leite condensado. ";"55,00";"Sim"
"[GRUPO] Sabor Média 30cm";"68. Bem casado";"Mussarela, chocolate preto, chocolate branco e leite condensado";"55,00";"Sim"
"[GRUPO] Sabor Média 30cm";"69. Califórnia";"Mussarela, abacaxi, pêssego, figo, açúcar, canela e leite condensado";"71,00";"Sim"
"[GRUPO] Sabor Média 30cm";"7. Bacon";"Molho de tomate caseiro, mussarela, bacon e orégano.";"55,00";"Sim"
"[GRUPO] Sabor Média 30cm";"70. Confeti";"Mussarela, chocolate preto, confeti e leite condensado.";"55,00";"Sim"
"[GRUPO] Sabor Média 30cm";"71. Charge";"Mussarela, chocolate preto, amendoim e leite condensado";"55,00";"Sim"
"[GRUPO] Sabor Média 30cm";"72. Charge branco";"Mussarela, chocolate branco, amendoim e leite condensado";"55,00";"Sim"
"[GRUPO] Sabor Média 30cm";"73. Chocolate preto";"Mussarela, chocolate preto e leite condensado. ";"55,00";"Sim"
"[GRUPO] Sabor Média 30cm";"74. Prestigio";"Mussarela, chocolate preto, coco ralado e leite condensado";"55,00";"Sim"
"[GRUPO] Sabor Média 30cm";"75. Prestigio branco";"Mussarela, chocolate branco, coco ralado e leite condensado";"55,00";"Sim"
"[GRUPO] Sabor Média 30cm";"76. Romeu e julieta";"Mussarela e goiabada";"55,00";"Sim"
"[GRUPO] Sabor Média 30cm";"77. Abacaxí com coco";"Mussarela, abacaxí picado, coco ralado, chocolate branco e leite condensado";"71,00";"Sim"
"[GRUPO] Sabor Média 30cm";"78. Banana nevada";"Mussarela, banana, canela, chocolate branco e leite condensado. ";"71,00";"Sim"
"[GRUPO] Sabor Média 30cm";"79. Banoffe";"Mussarela banana, canela e doce de leite";"71,00";"Sim"
"[GRUPO] Sabor Média 30cm";"8. Bacon com abacaxi";"Molho caseiro, mussarela, bacon e abacaxi.";"55,00";"Sim"
"[GRUPO] Sabor Média 30cm";"80. Sensação";"Mussarela, chocolate preto, morango e leite condensado";"71,00";"Sim"
"[GRUPO] Sabor Média 30cm";"81. Sensação branca";"Mussarela, chocolate branco, morango e leite condensado";"71,00";"Sim"
"[GRUPO] Sabor Média 30cm";"82. Sonho de valsa";"Mussarela, chocolate preto, bombom sonho de valsa e leite condensado";"71,00";"Sim"
"[GRUPO] Sabor Média 30cm";"83. Óreo";"Mussarela, chocolate branco, biscoito óreo e leite condensado";"71,00";"Sim"
"[GRUPO] Sabor Média 30cm";"9. Baiana";"Molho de tomate caseiro, mussarela, calabresa, cebola, pimenta calabresa, azeitonas verde e orégano.";"55,00";"Sim"
"[GRUPO] Sabor Média 30cm";"BARBECUE";"Molho de tomate caseiro, mussarela, lombo ao molho Barbecue e orégano.";"71,00";"Sim"
"[GRUPO] Sabor Média 30cm";"CATUPERU";"Molho de tomate caseiro, mussarela, peito de peru, catupiry e orégano.";"55,00";"Sim"
"[GRUPO] Sabor Média 30cm";"CHOCOLATE BRANCO COM NOZES";"Mussarela, chocolate branco, nozes e leite condensado. ";"71,00";"Sim"
"[GRUPO] Sabor Média 30cm";"FLORESTA NEGRA";"Chocolate preto e cerejas.";"71,00";"Sim"
"[GRUPO] Sabor Média 30cm";"FUGAZZETA";"Molho de tomate caseiro, mussarela, cebola, azeitonas verdes e orégano.";"55,00";"Sim"
"[GRUPO] Sabor Média 30cm";"GAÚCHA";"Molho de tomate caseiro, mussarela, filé, cebola, pimentão, tomate, barbecue e orégano.";"71,00";"Sim"
"[GRUPO] Sabor Média 30cm";"ITALIAN ";"Molho de tomate caseiro, mussarela, salame, tomate, azeitonas pretas e orégano.   ";"71,00";"Sim"
"[GRUPO] Sabor Média 30cm";"LA CANTINA";"Molho de tomate caseiro, mussarela, tomate seco, manjericão, champignon, azeitonas pretas e orégano.";"71,00";"Sim"
"[GRUPO] Sabor Média 30cm";"LINGUIÇA BLUMENAU";"Molho de tomate caseiro, linguiça Blumenau, mussarela, catupiry e orégano.";"71,00";"Sim"
"[GRUPO] Sabor Média 30cm";"NORDESTINA ";" Molho de tomate caseiro, carne seca, cebola roxa, catupiry, mussarela, pimenta biquinho e orégano. ";"71,00";"Sim"
"[GRUPO] Sabor Média 30cm";"PRESUNTO E QUEIJO (MODA ARGENTINA)";"Molho de tomate caseiro, mussarela, presunto e orégano.";"55,00";"Sim"
"[GRUPO] Sabor Média 30cm";"PRIMAVERA";"Palmito, ervilha e ovos de codorna.";"71,00";"Sim"
"[GRUPO] Sabor Média 30cm";"SPECIALE";" Molho de tomate caseiro, mussarela, anéis de cebola na manteiga, salsinha e orégano. ";"71,00";"Sim"
"[GRUPO] Sabor Média 30cm";"TOSCANA";"Molho de tomate caseiro, mussarela, salame, provolone, manjericão e oregano.";"71,00";"Sim"
"[GRUPO] Sabor Grande 35cm";"1. Alho e óleo";"Molho de tomate caseiro, mussarela, alho frito e azeitonas pretas e orégano. ";"70,00";"Sim"
"[GRUPO] Sabor Grande 35cm";"10. Bauru";"Molho de tomate caseiro, mussarela, presunto, tomate e orégano.";"70,00";"Sim"
"[GRUPO] Sabor Grande 35cm";"11. Calabresa";"Molho de tomate caseiro, mussarela, calabresa e orégano. ";"70,00";"Sim"
"[GRUPO] Sabor Grande 35cm";"12. Calabresa com cebola";"Molho de tomate caseiro, mussarela, calabresa, cebola e orégano.";"70,00";"Sim"
"[GRUPO] Sabor Grande 35cm";"13. Calabresa especial";"Molho de tomate caseiro, mussarela, calabresa, cebola, catupiry e ovos.";"70,00";"Sim"
"[GRUPO] Sabor Grande 35cm";"14. Catulabresa";"Molho de tomate caseiro, mussarela, calabresa e catupiry.";"70,00";"Sim"
"[GRUPO] Sabor Grande 35cm";"15. Canadense";"Molho de tomate caseiro, mussarela, lombo canadense, catupiry e orégano.";"70,00";"Sim"
"[GRUPO] Sabor Grande 35cm";"16. Carbonara";"Molho de tomate caseiro, mussarela, Bacon, ovos e creme de leite";"70,00";"Sim"
"[GRUPO] Sabor Grande 35cm";"17. Crocante";"Molho de tomate caseiro, mussarela, bacon, batata palha e orégano. ";"70,00";"Sim"
"[GRUPO] Sabor Grande 35cm";"18. Difiori";"Molho de tomate caseiro, mussarela, frango, bacon, tomate e creme de leite";"70,00";"Sim"
"[GRUPO] Sabor Grande 35cm";"19. Frango catupiry";"Molho de tomate caseiro, mussarela, frango com catupiry e orégano.";"70,00";"Sim"
"[GRUPO] Sabor Grande 35cm";"2. Alhobresa";"Molho de tomate caseiro, mussarela, calabresa, alho e orégano. ";"70,00";"Sim"
"[GRUPO] Sabor Grande 35cm";"20. Frango caipira";"Molho de tomate caseiro, mussarela, frango, milho, bacon, catupiry e orégano.";"70,00";"Sim"
"[GRUPO] Sabor Grande 35cm";"21. Fricasse";"Molho de tomate caseiro, mussarela, frango, milho, creme de leite e batata palha.";"70,00";"Sim"
"[GRUPO] Sabor Grande 35cm";"22. Havaiana";"Molho de tomate caseiro, mussarela, lombo canadense, abacaxi e orégano.";"70,00";"Sim"
"[GRUPO] Sabor Grande 35cm";"23. Italiana";"Molho de tomate caseiro, mussarela, presunto, bacon, milho, palmito e orégano.";"70,00";"Sim"
"[GRUPO] Sabor Grande 35cm";"24. La torre";"Molho de tomate caseiro, mussarela, lombo canadense, palmito e creme de leite.";"70,00";"Sim"
"[GRUPO] Sabor Grande 35cm";"25. Lombinho";"Molho de tomate caseiro, mussarela, lombo canadense, cebola e orégano.";"70,00";"Sim"
"[GRUPO] Sabor Grande 35cm";"26. Marguerita";"Molho de tomate caseiro, mussarela, tomate, manjericão, azeitonas pretas e orégano.";"70,00";"Sim"
"[GRUPO] Sabor Grande 35cm";"27. Milho com catupiry";"Molho de tomate caseiro, mussarela, milho e catupiry.";"70,00";"Sim"
"[GRUPO] Sabor Grande 35cm";"28. Milho e bacon";"Molho de tomate caseiro, mussarela, milho e bacon.";"70,00";"Sim"
"[GRUPO] Sabor Grande 35cm";"29. Mussarela";"Molho de tomate caseiro, mussarela, tomate, azeitonas verde e orégano.";"70,00";"Sim"
"[GRUPO] Sabor Grande 35cm";"3. Americana";"Molho de tomate caseiro, mussarela, milho, bacon, ovos e orégano. ";"70,00";"Sim"
"[GRUPO] Sabor Grande 35cm";"30. Napolitana";"Molho de tomate caseiro, mussarela, tomate, provolone e orégano.";"70,00";"Sim"
"[GRUPO] Sabor Grande 35cm";"31. Portuguesa";"Molho de tomate caseiro, mussarela, presunto, queijo, ovo, tomate, cebola, pimentão, azeitonas verde e orégano.";"70,00";"Sim"
"[GRUPO] Sabor Grande 35cm";"32. Vegetariana";"Molho de tomate caseiro, mussarela, palmito, milho, brócolis, tomate e orégano.";"70,00";"Sim"
"[GRUPO] Sabor Grande 35cm";"33. Veneza";"Molho de tomate caseiro, mussarela, lombo, bacon, ovos e orégano.";"70,00";"Sim"
"[GRUPO] Sabor Grande 35cm";"34. Verona";"Molho de tomate caseiro, mussarela, lombo canadense, palmito, milho, catupiry, alho frito e orégano. ";"70,00";"Sim"
"[GRUPO] Sabor Grande 35cm";"35. Atum";"Molho de tomate caseiro, mussarela, atum, cebola, catupiry e orégano. +";"94,00";"Sim"
"[GRUPO] Sabor Grande 35cm";"36. Bolonhesa";"Molho de tomate caseiro, mussarela, carne moída, cebola, tomate e pimentão.";"94,00";"Sim"
"[GRUPO] Sabor Grande 35cm";"37. Camarão alho e óleo";"Molho de tomate caseiro, mussarela, camarão ao alho e óleo e orégano.";"100,00";"Sim"
"[GRUPO] Sabor Grande 35cm";"38. Camarão aos 4 queijos";"Molho de tomate caseiro, mussarela, camarão, parmesão, provolone e catupiry.";"100,00";"Sim"
"[GRUPO] Sabor Grande 35cm";"39. Coração";"Molho de tomate caseiro, mussarela, coração, cebola e catupiry.";"94,00";"Sim"
"[GRUPO] Sabor Grande 35cm";"4. Brócolis";"Molho de tomate caseiro, mussarela, brócolis, tomate, alho frito e orégano.";"70,00";"Sim"
"[GRUPO] Sabor Grande 35cm";"40. Champignon";"Molho de tomate caseiro, mussarela, champignon, catupiry e orégano.";"94,00";"Sim"
"[GRUPO] Sabor Grande 35cm";"41. Filé ao alho";"Molho de tomate caseiro, mussarela, filé, alho frito e orégano.";"94,00";"Sim"
"[GRUPO] Sabor Grande 35cm";"42. Filé com fritas";"Molho de tomate caseiro, mussarela, tiras de carne, batata frita e orégano.";"94,00";"Sim"
"[GRUPO] Sabor Grande 35cm";"43. Filé com catupiry";"Molho de tomate caseiro, mussarela, tiras de carne e catupiry.";"94,00";"Sim"
"[GRUPO] Sabor Grande 35cm";"44. Filé com cheddar";"Molho de tomate caseiro, mussarela, Filé e cheddar.";"94,00";"Sim"
"[GRUPO] Sabor Grande 35cm";"45. Filé aos 4 queijos";"Molho de tomate caseiro, mussarela, provolone, parmesão, catupiry e filé.";"94,00";"Sim"
"[GRUPO] Sabor Grande 35cm";"46. Filé aos 5 queijos";"Molho de tomate caseiro, mussarela, provolone, parmesão, catupiry, cheddar e filé.";"94,00";"Sim"
"[GRUPO] Sabor Grande 35cm";"47. Filé com tomate";"Molho de tomate caseiro, mussarela, filé e tomate.";"94,00";"Sim"
"[GRUPO] Sabor Grande 35cm";"48. Mexicana";"Molho de tomate caseiro, mussarela, iscas de carne, cheddar, cebola e nachos.";"94,00";"Sim"
"[GRUPO] Sabor Grande 35cm";"49. Moda da casa";"Molho de tomate caseiro, mussarela, frango, palmito, bacon, milho, azeitona, catupiry e orégano. ";"94,00";"Sim"
"[GRUPO] Sabor Grande 35cm";"5. Brócolis com bacon";"Molho de tomate caseiro, mussarela, brócolis, bacon, tomate, alho frito e orégano. ";"70,00";"Sim"
"[GRUPO] Sabor Grande 35cm";"50. Palmito";"Molho de tomate caseiro, mussarela, Palmito e orégano.";"94,00";"Sim"
"[GRUPO] Sabor Grande 35cm";"51. Pepperoni";"Molho de tomate caseiro, mussarela, pepperoni e orégano. ";"94,00";"Sim"
"[GRUPO] Sabor Grande 35cm";"52. Rúcula com tomate seco";"Molho de tomate caseiro, mussarela, tomate seco, rúcula e orégano.";"96,00";"Sim"
"[GRUPO] Sabor Grande 35cm";"53. Siciliana";"Molho de tomate caseiro, mussarela, bacon, champignon, catupiry e orégano.";"94,00";"Sim"
"[GRUPO] Sabor Grande 35cm";"54. Strogonoff de carne";"Molho de tomate caseiro, mussarela, strogonoff de carne e batata palha.";"94,00";"Sim"
"[GRUPO] Sabor Grande 35cm";"55. Strogonoff de frango";"Molho de tomate caseiro, mussarela, strogonoff de frango e batata palha.";"94,00";"Sim"
"[GRUPO] Sabor Grande 35cm";"56. 4 Queijos";"Molho de tomate caseiro, mussrela, Parmesão, provolone, catupiry e orégano. ";"94,00";"Sim"
"[GRUPO] Sabor Grande 35cm";"57. 5 Queijos";"Molho de tomate caseiro, mussarela, provolone, parmesão, catupiry, cheddar e orégano. ";"94,00";"Sim"
"[GRUPO] Sabor Grande 35cm";"58. 6 Queijos";"Molho de tomate caseiro, mussarela, provolone, parmesão, gorgonzola, catupiry, cheddar e orégano.";"94,00";"Sim"
"[GRUPO] Sabor Grande 35cm";"59. 4 Queijos com bacon";"Molho de tomate caseiro, mussarela, provolone, parmesão, catupiry, bacon e orégano. ";"94,00";"Sim"
"[GRUPO] Sabor Grande 35cm";"6. Brócolis com bacon e catupiry";"Molho de tomate caseiro, mussarela, brócolis, bacon e catupiry";"70,00";"Sim"
"[GRUPO] Sabor Grande 35cm";"60. 5 Queijos com bacon";"Molho de tomate caseiro, mussarela, parmesão, provolone, catupiry, cheddar, bacon e orégano.";"94,00";"Sim"
"[GRUPO] Sabor Grande 35cm";"61. 6 Queijos com bacon";"Molho de tomate caseiro, mussarela, provolone, parmesão, gorgonzola, catupiry, cheddar e orégano. ";"94,00";"Sim"
"[GRUPO] Sabor Grande 35cm";"62. Banana com chocolate preto e leite condensado. ";"Mussarela, banana, chocolate preto e leite condensado.";"70,00";"Sim"
"[GRUPO] Sabor Grande 35cm";"63. Banana com canela";"Mussarela, banana, açúcar, canela e leite condensado";"70,00";"Sim"
"[GRUPO] Sabor Grande 35cm";"64. Banana leite ninho e chocolate ao leite";"Banana com leite ninho, chocolate ao leite e leite condensado. ";"70,00";"Sim"
"[GRUPO] Sabor Grande 35cm";"65. Banana leite ninho e leite condensado";"";"82,00";"Sim"
"[GRUPO] Sabor Grande 35cm";"66. Brigadeiro";"Chocolate preto e granulado";"0,00";"Sim"
"[GRUPO] Sabor Grande 35cm";"67. Chocolate branco";"Mussarela, chocolate branco e leite condensado. ";"70,00";"Sim"
"[GRUPO] Sabor Grande 35cm";"68. Bem casado";"Mussarela, chocolate preto, chocolate branco e leite condensado";"70,00";"Sim"
"[GRUPO] Sabor Grande 35cm";"69. Califórnia";"Mussarela, abacaxi, pêssego, figo, açúcar, canela e leite condensado";"94,00";"Sim"
"[GRUPO] Sabor Grande 35cm";"7. Bacon";"Molho de tomate caseiro, mussarela, bacon e orégano.";"70,00";"Sim"
"[GRUPO] Sabor Grande 35cm";"70. Confeti";"Mussarela, chocolate preto, confeti e leite condensado.";"70,00";"Sim"
"[GRUPO] Sabor Grande 35cm";"71. Charge";"Mussarela, chocolate preto, amendoim e leite condensado";"70,00";"Sim"
"[GRUPO] Sabor Grande 35cm";"72. Charge branco";"Mussarela, chocolate branco, amendoim e leite condensado";"70,00";"Sim"
"[GRUPO] Sabor Grande 35cm";"73. Chocolate preto";"Mussarela, chocolate preto e leite condensado. ";"70,00";"Sim"
"[GRUPO] Sabor Grande 35cm";"74. Prestigio";"Mussarela, chocolate preto, coco ralado e leite condensado";"70,00";"Sim"
"[GRUPO] Sabor Grande 35cm";"75. Prestigio branco";"Mussarela, chocolate branco, coco ralado e leite condensado";"70,00";"Sim"
"[GRUPO] Sabor Grande 35cm";"76. Romeu e julieta";"Mussarela e goiabada";"70,00";"Sim"
"[GRUPO] Sabor Grande 35cm";"77. Abacaxí com coco";"Mussarela, abacaxí picado, coco ralado, chocolate branco e leite condensado";"94,00";"Sim"
"[GRUPO] Sabor Grande 35cm";"78. Banana nevada";"Mussarela, banana, canela, chocolate branco e leite condensado. ";"94,00";"Sim"
"[GRUPO] Sabor Grande 35cm";"79. Banoffe";"Mussarela banana, canela e doce de leite";"94,00";"Sim"
"[GRUPO] Sabor Grande 35cm";"8. Bacon com abacaxi";"Molho caseiro, mussarela, bacon e abacaxi.";"70,00";"Sim"
"[GRUPO] Sabor Grande 35cm";"80. Sensação";"Mussarela, chocolate preto, morango e leite condensado";"94,00";"Sim"
"[GRUPO] Sabor Grande 35cm";"81. Sensação branca";"Mussarela, chocolate branco, morango e leite condensado";"94,00";"Sim"
"[GRUPO] Sabor Grande 35cm";"82. Sonho de valsa";"Mussarela, chocolate preto, bombom sonho de valsa e leite condensado";"94,00";"Sim"
"[GRUPO] Sabor Grande 35cm";"83. Óreo";"Mussarela, chocolate branco, biscoito óreo e leite condensado";"94,00";"Sim"
"[GRUPO] Sabor Grande 35cm";"9. Baiana";"Molho de tomate caseiro, mussarela, calabresa, cebola, pimenta calabresa, azeitonas verde e orégano.";"70,00";"Sim"
"[GRUPO] Sabor Grande 35cm";"BARBECUE";"Molho de tomate caseiro, mussarela, lombo ao molho Barbecue e orégano.";"94,00";"Sim"
"[GRUPO] Sabor Grande 35cm";"CATUPERU";"Molho de tomate caseiro, mussarela, peito de peru, catupiry e orégano.";"70,00";"Sim"
"[GRUPO] Sabor Grande 35cm";"CHOCOLATE BRANCO COM NOZES";"Mussarela, chocolate branco, nozes e leite condensado. ";"94,00";"Sim"
"[GRUPO] Sabor Grande 35cm";"FLORESTA NEGRA";"Chocolate preto e cerejas.";"94,00";"Sim"
"[GRUPO] Sabor Grande 35cm";"FUGAZZETA";"Molho de tomate caseiro, mussarela, cebola, azeitonas verdes e orégano.";"70,00";"Sim"
"[GRUPO] Sabor Grande 35cm";"GAÚCHA";"Molho de tomate caseiro, mussarela, filé, cebola, pimentão, tomate, barbecue e orégano.";"94,00";"Sim"
"[GRUPO] Sabor Grande 35cm";"ITALIAN ";"Molho de tomate caseiro, mussarela, salame, tomate, azeitonas pretas e orégano.   ";"94,00";"Sim"
"[GRUPO] Sabor Grande 35cm";"LA CANTINA";"Molho de tomate caseiro, mussarela, tomate seco, manjericão, champignon, azeitonas pretas e orégano.";"94,00";"Sim"
"[GRUPO] Sabor Grande 35cm";"LINGUIÇA BLUMENAU";"Molho de tomate caseiro, linguiça Blumenau, mussarela, catupiry e orégano.";"94,00";"Sim"
"[GRUPO] Sabor Grande 35cm";"NORDESTINA ";" Molho de tomate caseiro, carne seca, cebola roxa, catupiry, mussarela, pimenta biquinho e orégano. ";"94,00";"Sim"
"[GRUPO] Sabor Grande 35cm";"PRESUNTO E QUEIJO (MODA ARGENTINA)";"Molho de tomate caseiro, mussarela, presunto e orégano.";"70,00";"Sim"
"[GRUPO] Sabor Grande 35cm";"PRIMAVERA";"Palmito, ervilha e ovos de codorna.";"94,00";"Sim"
"[GRUPO] Sabor Grande 35cm";"SPECIALE";" Molho de tomate caseiro, mussarela, anéis de cebola na manteiga, salsinha e orégano. ";"94,00";"Sim"
"[GRUPO] Sabor Grande 35cm";"TOSCANA";"Molho de tomate caseiro, mussarela, salame, provolone, manjericão e oregano.";"94,00";"Sim"
"[GRUPO] Sabor Famiia 40cm";"1. Alho e óleo";"Molho de tomate caseiro, mussarela, alho frito e azeitonas pretas e orégano. ";"85,00";"Sim"
"[GRUPO] Sabor Famiia 40cm";"10. Bauru";"Molho de tomate caseiro, mussarela, presunto, tomate e orégano.";"85,00";"Sim"
"[GRUPO] Sabor Famiia 40cm";"11. Calabresa";"Molho de tomate caseiro, mussarela, calabresa e orégano. ";"85,00";"Sim"
"[GRUPO] Sabor Famiia 40cm";"12. Calabresa com cebola";"Molho de tomate caseiro, mussarela, calabresa, cebola e orégano.";"85,00";"Sim"
"[GRUPO] Sabor Famiia 40cm";"13. Calabresa especial";"Molho de tomate caseiro, mussarela, calabresa, cebola, catupiry e ovos.";"85,00";"Sim"
"[GRUPO] Sabor Famiia 40cm";"14. Catulabresa";"Molho de tomate caseiro, mussarela, calabresa e catupiry.";"85,00";"Sim"
"[GRUPO] Sabor Famiia 40cm";"15. Canadense";"Molho de tomate caseiro, mussarela, lombo canadense, catupiry e orégano.";"85,00";"Sim"
"[GRUPO] Sabor Famiia 40cm";"16. Carbonara";"Molho de tomate caseiro, mussarela, Bacon, ovos e creme de leite";"85,00";"Sim"
"[GRUPO] Sabor Famiia 40cm";"17. Crocante";"Molho de tomate caseiro, mussarela, bacon, batata palha e orégano. ";"85,00";"Sim"
"[GRUPO] Sabor Famiia 40cm";"18. Difiori";"Molho de tomate caseiro, mussarela, frango, bacon, tomate e creme de leite";"85,00";"Sim"
"[GRUPO] Sabor Famiia 40cm";"19. Frango catupiry";"Molho de tomate caseiro, mussarela, frango com catupiry e orégano.";"85,00";"Sim"
"[GRUPO] Sabor Famiia 40cm";"2. Alhobresa";"Molho de tomate caseiro, mussarela, calabresa, alho e orégano. ";"85,00";"Sim"
"[GRUPO] Sabor Famiia 40cm";"20. Frango caipira";"Molho de tomate caseiro, mussarela, frango, milho, bacon, catupiry e orégano.";"85,00";"Sim"
"[GRUPO] Sabor Famiia 40cm";"21. Fricasse";"Molho de tomate caseiro, mussarela, frango, milho, creme de leite e batata palha.";"85,00";"Sim"
"[GRUPO] Sabor Famiia 40cm";"22. Havaiana";"Molho de tomate caseiro, mussarela, lombo canadense, abacaxi e orégano.";"85,00";"Sim"
"[GRUPO] Sabor Famiia 40cm";"23. Italiana";"Molho de tomate caseiro, mussarela, presunto, bacon, milho, palmito e orégano.";"85,00";"Sim"
"[GRUPO] Sabor Famiia 40cm";"24. La torre";"Molho de tomate caseiro, mussarela, lombo canadense, palmito e creme de leite.";"85,00";"Sim"
"[GRUPO] Sabor Famiia 40cm";"25. Lombinho";"Molho de tomate caseiro, mussarela, lombo canadense, cebola e orégano.";"85,00";"Sim"
"[GRUPO] Sabor Famiia 40cm";"26. Marguerita";"Molho de tomate caseiro, mussarela, tomate, manjericão, azeitonas pretas e orégano.";"85,00";"Sim"
"[GRUPO] Sabor Famiia 40cm";"27. Milho com catupiry";"Molho de tomate caseiro, mussarela, milho e catupiry.";"85,00";"Sim"
"[GRUPO] Sabor Famiia 40cm";"28. Milho e bacon";"Molho de tomate caseiro, mussarela, milho e bacon.";"85,00";"Sim"
"[GRUPO] Sabor Famiia 40cm";"29. Mussarela";"Molho de tomate caseiro, mussarela, tomate, azeitonas verde e orégano.";"85,00";"Sim"
"[GRUPO] Sabor Famiia 40cm";"3. Americana";"Molho de tomate caseiro, mussarela, milho, bacon, ovos e orégano. ";"85,00";"Sim"
"[GRUPO] Sabor Famiia 40cm";"30. Napolitana";"Molho de tomate caseiro, mussarela, tomate, provolone e orégano.";"85,00";"Sim"
"[GRUPO] Sabor Famiia 40cm";"31. Portuguesa";"Molho de tomate caseiro, mussarela, presunto, queijo, ovo, tomate, cebola, pimentão, azeitonas verde e orégano.";"85,00";"Sim"
"[GRUPO] Sabor Famiia 40cm";"32. Vegetariana";"Molho de tomate caseiro, mussarela, palmito, milho, brócolis, tomate e orégano.";"85,00";"Sim"
"[GRUPO] Sabor Famiia 40cm";"33. Veneza";"Molho de tomate caseiro, mussarela, lombo, bacon, ovos e orégano.";"85,00";"Sim"
"[GRUPO] Sabor Famiia 40cm";"34. Verona";"Molho de tomate caseiro, mussarela, lombo canadense, palmito, milho, catupiry, alho frito e orégano. ";"85,00";"Sim"
"[GRUPO] Sabor Famiia 40cm";"35. Atum";"Molho de tomate caseiro, mussarela, atum, cebola, catupiry e orégano. +";"117,00";"Sim"
"[GRUPO] Sabor Famiia 40cm";"36. Bolonhesa";"Molho de tomate caseiro, mussarela, carne moída, cebola, tomate e pimentão.";"117,00";"Sim"
"[GRUPO] Sabor Famiia 40cm";"37. Camarão alho e óleo";"Molho de tomate caseiro, mussarela, camarão ao alho e óleo e orégano.";"125,00";"Sim"
"[GRUPO] Sabor Famiia 40cm";"38. Camarão aos 4 queijos";"Molho de tomate caseiro, mussarela, camarão, parmesão, provolone e catupiry.";"135,00";"Sim"
"[GRUPO] Sabor Famiia 40cm";"39. Coração";"Molho de tomate caseiro, mussarela, coração, cebola e catupiry.";"117,00";"Sim"
"[GRUPO] Sabor Famiia 40cm";"4. Brócolis";"Molho de tomate caseiro, mussarela, brócolis, tomate, alho frito e orégano.";"85,00";"Sim"
"[GRUPO] Sabor Famiia 40cm";"40. Champignon";"Molho de tomate caseiro, mussarela, champignon, catupiry e orégano.";"117,00";"Sim"
"[GRUPO] Sabor Famiia 40cm";"41. Filé ao alho";"Molho de tomate caseiro, mussarela, filé, alho frito e orégano.";"117,00";"Sim"
"[GRUPO] Sabor Famiia 40cm";"42. Filé com fritas";"Molho de tomate caseiro, mussarela, tiras de carne, batata frita e orégano.";"117,00";"Sim"
"[GRUPO] Sabor Famiia 40cm";"43. Filé com catupiry";"Molho de tomate caseiro, mussarela, tiras de carne e catupiry.";"117,00";"Sim"
"[GRUPO] Sabor Famiia 40cm";"44. Filé com cheddar";"Molho de tomate caseiro, mussarela, Filé e cheddar.";"117,00";"Sim"
"[GRUPO] Sabor Famiia 40cm";"45. Filé aos 4 queijos";"Molho de tomate caseiro, mussarela, provolone, parmesão, catupiry e filé.";"117,00";"Sim"
"[GRUPO] Sabor Famiia 40cm";"46. Filé aos 5 queijos";"Molho de tomate caseiro, mussarela, provolone, parmesão, catupiry, cheddar e filé.";"117,00";"Sim"
"[GRUPO] Sabor Famiia 40cm";"47. Filé com tomate";"Molho de tomate caseiro, mussarela, filé e tomate.";"117,00";"Sim"
"[GRUPO] Sabor Famiia 40cm";"48. Mexicana";"Molho de tomate caseiro, mussarela, iscas de carne, cheddar, cebola e nachos.";"117,00";"Sim"
"[GRUPO] Sabor Famiia 40cm";"49. Moda da casa";"Molho de tomate caseiro, mussarela, frango, palmito, bacon, milho, azeitona, catupiry e orégano. ";"117,00";"Sim"
"[GRUPO] Sabor Famiia 40cm";"5. Brócolis com bacon";"Molho de tomate caseiro, mussarela, brócolis, bacon, tomate, alho frito e orégano. ";"85,00";"Sim"
"[GRUPO] Sabor Famiia 40cm";"50. Palmito";"Molho de tomate caseiro, mussarela, Palmito e orégano.";"117,00";"Sim"
"[GRUPO] Sabor Famiia 40cm";"51. Pepperoni";"Molho de tomate caseiro, mussarela, pepperoni e orégano. ";"117,00";"Sim"
"[GRUPO] Sabor Famiia 40cm";"52. Rúcula com tomate seco";"Molho de tomate caseiro, mussarela, tomate seco, rúcula e orégano.";"117,00";"Sim"
"[GRUPO] Sabor Famiia 40cm";"53. Siciliana";"Molho de tomate caseiro, mussarela, bacon, champignon, catupiry e orégano.";"117,00";"Sim"
"[GRUPO] Sabor Famiia 40cm";"54. Strogonoff de carne";"Molho de tomate caseiro, mussarela, strogonoff de carne e batata palha.";"117,00";"Sim"
"[GRUPO] Sabor Famiia 40cm";"55. Strogonoff de frango";"Molho de tomate caseiro, mussarela, strogonoff de frango e batata palha.";"117,00";"Sim"
"[GRUPO] Sabor Famiia 40cm";"56. 4 Queijos";"Molho de tomate caseiro, mussrela, Parmesão, provolone, catupiry e orégano. ";"117,00";"Sim"
"[GRUPO] Sabor Famiia 40cm";"57. 5 Queijos";"Molho de tomate caseiro, mussarela, provolone, parmesão, catupiry, cheddar e orégano. ";"117,00";"Sim"
"[GRUPO] Sabor Famiia 40cm";"58. 6 Queijos";"Molho de tomate caseiro, mussarela, provolone, parmesão, gorgonzola, catupiry, cheddar e orégano.";"117,00";"Sim"
"[GRUPO] Sabor Famiia 40cm";"59. 4 Queijos com bacon";"Molho de tomate caseiro, mussarela, provolone, parmesão, catupiry, bacon e orégano. ";"117,00";"Sim"
"[GRUPO] Sabor Famiia 40cm";"6. Brócolis com bacon e catupiry";"Molho de tomate caseiro, mussarela, brócolis, bacon e catupiry";"85,00";"Sim"
"[GRUPO] Sabor Famiia 40cm";"60. 5 Queijos com bacon";"Molho de tomate caseiro, mussarela, parmesão, provolone, catupiry, cheddar, bacon e orégano.";"117,00";"Sim"
"[GRUPO] Sabor Famiia 40cm";"61. 6 Queijos com bacon";"Molho de tomate caseiro, mussarela, provolone, parmesão, gorgonzola, catupiry, cheddar e orégano. ";"117,00";"Sim"
"[GRUPO] Sabor Famiia 40cm";"62. Banana com chocolate preto e leite condensado. ";"Mussarela, banana, chocolate preto e leite condensado.";"85,00";"Sim"
"[GRUPO] Sabor Famiia 40cm";"63. Banana com canela";"Mussarela, banana, açúcar, canela e leite condensado";"85,00";"Sim"
"[GRUPO] Sabor Famiia 40cm";"64. Banana leite ninho e chocolate ao leite";"Banana com leite ninho, chocolate ao leite e leite condensado. ";"85,00";"Sim"
"[GRUPO] Sabor Famiia 40cm";"65. Banana leite ninho e leite condensado";"";"98,00";"Sim"
"[GRUPO] Sabor Famiia 40cm";"66. Brigadeiro";"Chocolate preto e granulado";"0,00";"Sim"
"[GRUPO] Sabor Famiia 40cm";"67. Chocolate branco";"Mussarela, chocolate branco e leite condensado. ";"85,00";"Sim"
"[GRUPO] Sabor Famiia 40cm";"68. Bem casado";"Mussarela, chocolate preto, chocolate branco e leite condensado";"85,00";"Sim"
"[GRUPO] Sabor Famiia 40cm";"69. Califórnia";"Mussarela, abacaxi, pêssego, figo, açúcar, canela e leite condensado";"117,00";"Sim"
"[GRUPO] Sabor Famiia 40cm";"7. Bacon";"Molho de tomate caseiro, mussarela, bacon e orégano.";"85,00";"Sim"
"[GRUPO] Sabor Famiia 40cm";"70. Confeti";"Mussarela, chocolate preto, confeti e leite condensado.";"85,00";"Sim"
"[GRUPO] Sabor Famiia 40cm";"71. Charge";"Mussarela, chocolate preto, amendoim e leite condensado";"85,00";"Sim"
"[GRUPO] Sabor Famiia 40cm";"72. Charge branco";"Mussarela, chocolate branco, amendoim e leite condensado";"85,00";"Sim"
"[GRUPO] Sabor Famiia 40cm";"73. Chocolate preto";"Mussarela, chocolate preto e leite condensado. ";"85,00";"Sim"
"[GRUPO] Sabor Famiia 40cm";"74. Prestigio";"Mussarela, chocolate preto, coco ralado e leite condensado";"85,00";"Sim"
"[GRUPO] Sabor Famiia 40cm";"75. Prestigio branco";"Mussarela, chocolate branco, coco ralado e leite condensado";"85,00";"Sim"
"[GRUPO] Sabor Famiia 40cm";"76. Romeu e julieta";"Mussarela e goiabada";"85,00";"Sim"
"[GRUPO] Sabor Famiia 40cm";"77. Abacaxí com coco";"Mussarela, abacaxí picado, coco ralado, chocolate branco e leite condensado";"117,00";"Sim"
"[GRUPO] Sabor Famiia 40cm";"78. Banana nevada";"Mussarela, banana, canela, chocolate branco e leite condensado. ";"117,00";"Sim"
"[GRUPO] Sabor Famiia 40cm";"79. Banoffe";"Mussarela banana, canela e doce de leite";"117,00";"Sim"
"[GRUPO] Sabor Famiia 40cm";"8. Bacon com abacaxi";"Molho caseiro, mussarela, bacon e abacaxi.";"85,00";"Sim"
"[GRUPO] Sabor Famiia 40cm";"80. Sensação";"Mussarela, chocolate preto, morango e leite condensado";"117,00";"Sim"
"[GRUPO] Sabor Famiia 40cm";"81. Sensação branca";"Mussarela, chocolate branco, morango e leite condensado";"117,00";"Sim"
"[GRUPO] Sabor Famiia 40cm";"82. Sonho de valsa";"Mussarela, chocolate preto, bombom sonho de valsa e leite condensado";"117,00";"Sim"
"[GRUPO] Sabor Famiia 40cm";"83. Óreo";"Mussarela, chocolate branco, biscoito óreo e leite condensado";"117,00";"Sim"
"[GRUPO] Sabor Famiia 40cm";"9. Baiana";"Molho de tomate caseiro, mussarela, calabresa, cebola, pimenta calabresa, azeitonas verde e orégano.";"85,00";"Sim"
"[GRUPO] Sabor Famiia 40cm";"BARBECUE";"Molho de tomate caseiro, mussarela, lombo ao molho Barbecue e orégano.";"117,00";"Sim"
"[GRUPO] Sabor Famiia 40cm";"CATUPERU";"Molho de tomate caseiro, mussarela, peito de peru, catupiry e orégano.";"85,00";"Sim"
"[GRUPO] Sabor Famiia 40cm";"CHOCOLATE BRANCO COM NOZES";"Mussarela, chocolate branco, nozes e leite condensado. ";"117,00";"Sim"
"[GRUPO] Sabor Famiia 40cm";"FLORESTA NEGRA";"Chocolate preto e cerejas.";"117,00";"Sim"
"[GRUPO] Sabor Famiia 40cm";"FUGAZZETA";"Molho de tomate caseiro, mussarela, cebola, azeitonas verdes e orégano.";"85,00";"Sim"
"[GRUPO] Sabor Famiia 40cm";"GAÚCHA";"Molho de tomate caseiro, mussarela, filé, cebola, pimentão, tomate, barbecue e orégano.";"117,00";"Sim"
"[GRUPO] Sabor Famiia 40cm";"ITALIAN ";"Molho de tomate caseiro, mussarela, salame, tomate, azeitonas pretas e orégano.   ";"117,00";"Sim"
"[GRUPO] Sabor Famiia 40cm";"LA CANTINA";"Molho de tomate caseiro, mussarela, tomate seco, manjericão, champignon, azeitonas pretas e orégano.";"117,00";"Sim"
"[GRUPO] Sabor Famiia 40cm";"LINGUIÇA BLUMENAU";"Molho de tomate caseiro, linguiça Blumenau, mussarela, catupiry e orégano.";"117,00";"Sim"
"[GRUPO] Sabor Famiia 40cm";"NORDESTINA ";" Molho de tomate caseiro, carne seca, cebola roxa, catupiry, mussarela, pimenta biquinho e orégano. ";"117,00";"Sim"
"[GRUPO] Sabor Famiia 40cm";"PRESUNTO E QUEIJO (MODA ARGENTINA)";"Molho de tomate caseiro, mussarela, presunto e orégano.";"85,00";"Sim"
"[GRUPO] Sabor Famiia 40cm";"PRIMAVERA";"Palmito, ervilha e ovos de codorna.";"117,00";"Sim"
"[GRUPO] Sabor Famiia 40cm";"SPECIALE";" Molho de tomate caseiro, mussarela, anéis de cebola na manteiga, salsinha e orégano. ";"117,00";"Sim"
"[GRUPO] Sabor Famiia 40cm";"TOSCANA";"Molho de tomate caseiro, mussarela, salame, provolone, manjericão e oregano.";"117,00";"Sim"
"[GRUPO] Sabor Gigante 45cm";"1. Alho e óleo";"Molho de tomate caseiro, mussarela, alho frito e azeitonas pretas e orégano. ";"100,00";"Sim"
"[GRUPO] Sabor Gigante 45cm";"10. Bauru";"Molho de tomate caseiro, mussarela, presunto, tomate e orégano.";"100,00";"Sim"
"[GRUPO] Sabor Gigante 45cm";"11. Calabresa";"Molho de tomate caseiro, mussarela, calabresa e orégano. ";"100,00";"Sim"
"[GRUPO] Sabor Gigante 45cm";"12. Calabresa com cebola";"Molho de tomate caseiro, mussarela, calabresa, cebola e orégano.";"100,00";"Sim"
"[GRUPO] Sabor Gigante 45cm";"13. Calabresa especial";"Molho de tomate caseiro, mussarela, calabresa, cebola, catupiry e ovos.";"100,00";"Sim"
"[GRUPO] Sabor Gigante 45cm";"14. Catulabresa";"Molho de tomate caseiro, mussarela, calabresa e catupiry.";"100,00";"Sim"
"[GRUPO] Sabor Gigante 45cm";"15. Canadense";"Molho de tomate caseiro, mussarela, lombo canadense, catupiry e orégano.";"100,00";"Sim"
"[GRUPO] Sabor Gigante 45cm";"16. Carbonara";"Molho de tomate caseiro, mussarela, Bacon, ovos e creme de leite";"100,00";"Sim"
"[GRUPO] Sabor Gigante 45cm";"17. Crocante";"Molho de tomate caseiro, mussarela, bacon, batata palha e orégano. ";"100,00";"Sim"
"[GRUPO] Sabor Gigante 45cm";"18. Difiori";"Molho de tomate caseiro, mussarela, frango, bacon, tomate e creme de leite";"100,00";"Sim"
"[GRUPO] Sabor Gigante 45cm";"19. Frango catupiry";"Molho de tomate caseiro, mussarela, frango com catupiry e orégano.";"100,00";"Sim"
"[GRUPO] Sabor Gigante 45cm";"2. Alhobresa";"Molho de tomate caseiro, mussarela, calabresa, alho e orégano. ";"100,00";"Sim"
"[GRUPO] Sabor Gigante 45cm";"20. Frango caipira";"Molho de tomate caseiro, mussarela, frango, milho, bacon, catupiry e orégano.";"100,00";"Sim"
"[GRUPO] Sabor Gigante 45cm";"21. Fricasse";"Molho de tomate caseiro, mussarela, frango, milho, creme de leite e batata palha.";"100,00";"Sim"
"[GRUPO] Sabor Gigante 45cm";"22. Havaiana";"Molho de tomate caseiro, mussarela, lombo canadense, abacaxi e orégano.";"100,00";"Sim"
"[GRUPO] Sabor Gigante 45cm";"23. Italiana";"Molho de tomate caseiro, mussarela, presunto, bacon, milho, palmito e orégano.";"100,00";"Sim"
"[GRUPO] Sabor Gigante 45cm";"24. La torre";"Molho de tomate caseiro, mussarela, lombo canadense, palmito e creme de leite.";"100,00";"Sim"
"[GRUPO] Sabor Gigante 45cm";"25. Lombinho";"Molho de tomate caseiro, mussarela, lombo canadense, cebola e orégano.";"100,00";"Sim"
"[GRUPO] Sabor Gigante 45cm";"26. Marguerita";"Molho de tomate caseiro, mussarela, tomate, manjericão, azeitonas pretas e orégano.";"100,00";"Sim"
"[GRUPO] Sabor Gigante 45cm";"27. Milho com catupiry";"Molho de tomate caseiro, mussarela, milho e catupiry.";"100,00";"Sim"
"[GRUPO] Sabor Gigante 45cm";"28. Milho e bacon";"Molho de tomate caseiro, mussarela, milho e bacon.";"100,00";"Sim"
"[GRUPO] Sabor Gigante 45cm";"29. Mussarela";"Molho de tomate caseiro, mussarela, tomate, azeitonas verde e orégano.";"100,00";"Sim"
"[GRUPO] Sabor Gigante 45cm";"3. Americana";"Molho de tomate caseiro, mussarela, milho, bacon, ovos e orégano. ";"100,00";"Sim"
"[GRUPO] Sabor Gigante 45cm";"30. Napolitana";"Molho de tomate caseiro, mussarela, tomate, provolone e orégano.";"100,00";"Sim"
"[GRUPO] Sabor Gigante 45cm";"31. Portuguesa";"Molho de tomate caseiro, mussarela, presunto, queijo, ovo, tomate, cebola, pimentão, azeitonas verde e orégano.";"100,00";"Sim"
"[GRUPO] Sabor Gigante 45cm";"32. Vegetariana";"Molho de tomate caseiro, mussarela, palmito, milho, brócolis, tomate e orégano.";"100,00";"Sim"
"[GRUPO] Sabor Gigante 45cm";"33. Veneza";"Molho de tomate caseiro, mussarela, lombo, bacon, ovos e orégano.";"100,00";"Sim"
"[GRUPO] Sabor Gigante 45cm";"34. Verona";"Molho de tomate caseiro, mussarela, lombo canadense, palmito, milho, catupiry, alho frito e orégano. ";"100,00";"Sim"
"[GRUPO] Sabor Gigante 45cm";"35. Atum";"Molho de tomate caseiro, mussarela, atum, cebola, catupiry e orégano. +";"132,00";"Sim"
"[GRUPO] Sabor Gigante 45cm";"36. Bolonhesa";"Molho de tomate caseiro, mussarela, carne moída, cebola, tomate e pimentão.";"132,00";"Sim"
"[GRUPO] Sabor Gigante 45cm";"37. Camarão alho e óleo";"Molho de tomate caseiro, mussarela, camarão ao alho e óleo e orégano.";"140,00";"Sim"
"[GRUPO] Sabor Gigante 45cm";"38. Camarão aos 4 queijos";"Molho de tomate caseiro, mussarela, camarão, parmesão, provolone e catupiry.";"140,00";"Sim"
"[GRUPO] Sabor Gigante 45cm";"39. Coração";"Molho de tomate caseiro, mussarela, coração, cebola e catupiry.";"132,00";"Sim"
"[GRUPO] Sabor Gigante 45cm";"4. Brócolis";"Molho de tomate caseiro, mussarela, brócolis, tomate, alho frito e orégano.";"100,00";"Sim"
"[GRUPO] Sabor Gigante 45cm";"40. Champignon";"Molho de tomate caseiro, mussarela, champignon, catupiry e orégano.";"132,00";"Sim"
"[GRUPO] Sabor Gigante 45cm";"41. Filé ao alho";"Molho de tomate caseiro, mussarela, filé, alho frito e orégano.";"132,00";"Sim"
"[GRUPO] Sabor Gigante 45cm";"42. Filé com fritas";"Molho de tomate caseiro, mussarela, tiras de carne, batata frita e orégano.";"132,00";"Sim"
"[GRUPO] Sabor Gigante 45cm";"43. Filé com catupiry";"Molho de tomate caseiro, mussarela, tiras de carne e catupiry.";"132,00";"Sim"
"[GRUPO] Sabor Gigante 45cm";"44. Filé com cheddar";"Molho de tomate caseiro, mussarela, Filé e cheddar.";"132,00";"Sim"
"[GRUPO] Sabor Gigante 45cm";"45. Filé aos 4 queijos";"Molho de tomate caseiro, mussarela, provolone, parmesão, catupiry e filé.";"132,00";"Sim"
"[GRUPO] Sabor Gigante 45cm";"46. Filé aos 5 queijos";"Molho de tomate caseiro, mussarela, provolone, parmesão, catupiry, cheddar e filé.";"132,00";"Sim"
"[GRUPO] Sabor Gigante 45cm";"47. Filé com tomate";"Molho de tomate caseiro, mussarela, filé e tomate.";"132,00";"Sim"
"[GRUPO] Sabor Gigante 45cm";"48. Mexicana";"Molho de tomate caseiro, mussarela, iscas de carne, cheddar, cebola e nachos.";"132,00";"Sim"
"[GRUPO] Sabor Gigante 45cm";"49. Moda da casa";"Molho de tomate caseiro, mussarela, frango, palmito, bacon, milho, azeitona, catupiry e orégano. ";"132,00";"Sim"
"[GRUPO] Sabor Gigante 45cm";"5. Brócolis com bacon";"Molho de tomate caseiro, mussarela, brócolis, bacon, tomate, alho frito e orégano. ";"100,00";"Sim"
"[GRUPO] Sabor Gigante 45cm";"50. Palmito";"Molho de tomate caseiro, mussarela, Palmito e orégano.";"132,00";"Sim"
"[GRUPO] Sabor Gigante 45cm";"51. Pepperoni";"Molho de tomate caseiro, mussarela, pepperoni e orégano. ";"132,00";"Sim"
"[GRUPO] Sabor Gigante 45cm";"52. Rúcula com tomate seco";"Molho de tomate caseiro, mussarela, tomate seco, rúcula e orégano.";"132,00";"Sim"
"[GRUPO] Sabor Gigante 45cm";"53. Siciliana";"Molho de tomate caseiro, mussarela, bacon, champignon, catupiry e orégano.";"132,00";"Sim"
"[GRUPO] Sabor Gigante 45cm";"54. Strogonoff de carne";"Molho de tomate caseiro, mussarela, strogonoff de carne e batata palha.";"132,00";"Sim"
"[GRUPO] Sabor Gigante 45cm";"55. Strogonoff de frango";"Molho de tomate caseiro, mussarela, strogonoff de frango e batata palha.";"132,00";"Sim"
"[GRUPO] Sabor Gigante 45cm";"56. 4 Queijos";"Molho de tomate caseiro, mussrela, Parmesão, provolone, catupiry e orégano. ";"132,00";"Sim"
"[GRUPO] Sabor Gigante 45cm";"57. 5 Queijos";"Molho de tomate caseiro, mussarela, provolone, parmesão, catupiry, cheddar e orégano. ";"132,00";"Sim"
"[GRUPO] Sabor Gigante 45cm";"58. 6 Queijos";"Molho de tomate caseiro, mussarela, provolone, parmesão, gorgonzola, catupiry, cheddar e orégano.";"132,00";"Sim"
"[GRUPO] Sabor Gigante 45cm";"59. 4 Queijos com bacon";"Molho de tomate caseiro, mussarela, provolone, parmesão, catupiry, bacon e orégano. ";"132,00";"Sim"
"[GRUPO] Sabor Gigante 45cm";"6. Brócolis com bacon e catupiry";"Molho de tomate caseiro, mussarela, brócolis, bacon e catupiry";"100,00";"Sim"
"[GRUPO] Sabor Gigante 45cm";"60. 5 Queijos com bacon";"Molho de tomate caseiro, mussarela, parmesão, provolone, catupiry, cheddar, bacon e orégano.";"132,00";"Sim"
"[GRUPO] Sabor Gigante 45cm";"61. 6 Queijos com bacon";"Molho de tomate caseiro, mussarela, provolone, parmesão, gorgonzola, catupiry, cheddar e orégano. ";"132,00";"Sim"
"[GRUPO] Sabor Gigante 45cm";"62. Banana com chocolate preto e leite condensado. ";"Mussarela, banana, chocolate preto e leite condensado.";"100,00";"Sim"
"[GRUPO] Sabor Gigante 45cm";"63. Banana com canela";"Mussarela, banana, açúcar, canela e leite condensado";"100,00";"Sim"
"[GRUPO] Sabor Gigante 45cm";"64. Banana leite ninho e chocolate ao leite";"Banana com leite ninho, chocolate ao leite e leite condensado. ";"100,00";"Sim"
"[GRUPO] Sabor Gigante 45cm";"65. Banana leite ninho e leite condensado";"";"115,00";"Sim"
"[GRUPO] Sabor Gigante 45cm";"66. Brigadeiro";"Chocolate preto e granulado";"0,00";"Sim"
"[GRUPO] Sabor Gigante 45cm";"67. Chocolate branco";"Mussarela, chocolate branco e leite condensado. ";"100,00";"Sim"
"[GRUPO] Sabor Gigante 45cm";"68. Bem casado";"Mussarela, chocolate preto, chocolate branco e leite condensado";"100,00";"Sim"
"[GRUPO] Sabor Gigante 45cm";"69. Califórnia";"Mussarela, abacaxi, pêssego, figo, açúcar, canela e leite condensado";"132,00";"Sim"
"[GRUPO] Sabor Gigante 45cm";"7. Bacon";"Molho de tomate caseiro, mussarela, bacon e orégano.";"100,00";"Sim"
"[GRUPO] Sabor Gigante 45cm";"70. Confeti";"Mussarela, chocolate preto, confeti e leite condensado.";"100,00";"Sim"
"[GRUPO] Sabor Gigante 45cm";"71. Charge";"Mussarela, chocolate preto, amendoim e leite condensado";"100,00";"Sim"
"[GRUPO] Sabor Gigante 45cm";"72. Charge branco";"Mussarela, chocolate branco, amendoim e leite condensado";"100,00";"Sim"
"[GRUPO] Sabor Gigante 45cm";"73. Chocolate preto";"Mussarela, chocolate preto e leite condensado. ";"100,00";"Sim"
"[GRUPO] Sabor Gigante 45cm";"74. Prestigio";"Mussarela, chocolate preto, coco ralado e leite condensado";"100,00";"Sim"
"[GRUPO] Sabor Gigante 45cm";"75. Prestigio branco";"Mussarela, chocolate branco, coco ralado e leite condensado";"100,00";"Sim"
"[GRUPO] Sabor Gigante 45cm";"76. Romeu e julieta";"Mussarela e goiabada";"100,00";"Sim"
"[GRUPO] Sabor Gigante 45cm";"77. Abacaxí com coco";"Mussarela, abacaxí picado, coco ralado, chocolate branco e leite condensado";"132,00";"Sim"
"[GRUPO] Sabor Gigante 45cm";"78. Banana nevada";"Mussarela, banana, canela, chocolate branco e leite condensado. ";"132,00";"Sim"
"[GRUPO] Sabor Gigante 45cm";"79. Banoffe";"Mussarela banana, canela e doce de leite";"132,00";"Sim"
"[GRUPO] Sabor Gigante 45cm";"8. Bacon com abacaxi";"Molho caseiro, mussarela, bacon e abacaxi.";"100,00";"Sim"
"[GRUPO] Sabor Gigante 45cm";"80. Sensação";"Mussarela, chocolate preto, morango e leite condensado";"132,00";"Sim"
"[GRUPO] Sabor Gigante 45cm";"81. Sensação branca";"Mussarela, chocolate branco, morango e leite condensado";"132,00";"Sim"
"[GRUPO] Sabor Gigante 45cm";"82. Sonho de valsa";"Mussarela, chocolate preto, bombom sonho de valsa e leite condensado";"132,00";"Sim"
"[GRUPO] Sabor Gigante 45cm";"83. Óreo";"Mussarela, chocolate branco, biscoito óreo e leite condensado";"132,00";"Sim"
"[GRUPO] Sabor Gigante 45cm";"9. Baiana";"Molho de tomate caseiro, mussarela, calabresa, cebola, pimenta calabresa, azeitonas verde e orégano.";"100,00";"Sim"
"[GRUPO] Sabor Gigante 45cm";"BARBECUE";"Molho de tomate caseiro, mussarela, lombo ao molho Barbecue e orégano.";"132,00";"Sim"
"[GRUPO] Sabor Gigante 45cm";"CATUPERU";"Molho de tomate caseiro, mussarela, peito de peru, catupiry e orégano.";"100,00";"Sim"
"[GRUPO] Sabor Gigante 45cm";"CHOCOLATE BRANCO COM NOZES";"Mussarela, chocolate branco, nozes e leite condensado. ";"132,00";"Sim"
"[GRUPO] Sabor Gigante 45cm";"FLORESTA NEGRA";"Chocolate preto e cerejas.";"132,00";"Sim"
"[GRUPO] Sabor Gigante 45cm";"FUGAZZETA";"Molho de tomate caseiro, mussarela, cebola, azeitonas verdes e orégano.";"100,00";"Sim"
"[GRUPO] Sabor Gigante 45cm";"GAÚCHA";"Molho de tomate caseiro, mussarela, filé, cebola, pimentão, tomate, barbecue e orégano.";"132,00";"Sim"
"[GRUPO] Sabor Gigante 45cm";"ITALIAN ";"Molho de tomate caseiro, mussarela, salame, tomate, azeitonas pretas e orégano.   ";"132,00";"Sim"
"[GRUPO] Sabor Gigante 45cm";"LA CANTINA";"Molho de tomate caseiro, mussarela, tomate seco, manjericão, champignon, azeitonas pretas e orégano.";"132,00";"Sim"
"[GRUPO] Sabor Gigante 45cm";"LINGUIÇA BLUMENAU";"Molho de tomate caseiro, linguiça Blumenau, mussarela, catupiry e orégano.";"132,00";"Sim"
"[GRUPO] Sabor Gigante 45cm";"NORDESTINA ";" Molho de tomate caseiro, carne seca, cebola roxa, catupiry, mussarela, pimenta biquinho e orégano. ";"132,00";"Sim"
"[GRUPO] Sabor Gigante 45cm";"PRESUNTO E QUEIJO (MODA ARGENTINA)";"Molho de tomate caseiro, mussarela, presunto e orégano.";"100,00";"Sim"
"[GRUPO] Sabor Gigante 45cm";"PRIMAVERA";"Palmito, ervilha e ovos de codorna.";"132,00";"Sim"
"[GRUPO] Sabor Gigante 45cm";"SPECIALE";" Molho de tomate caseiro, mussarela, anéis de cebola na manteiga, salsinha e orégano. ";"132,00";"Sim"
"[GRUPO] Sabor Gigante 45cm";"TOSCANA";"Molho de tomate caseiro, mussarela, salame, provolone, manjericão e oregano.";"132,00";"Sim"
"[GRUPO] Adicionais";"Hambúrguer 160gr";"";"10,00";"Sim"
"[GRUPO] Adicionais";"Cebola na chapa";"";"3,00";"Sim"
"[GRUPO] Adicionais";"Cebola Crispy";"";"3,50";"Sim"
"[GRUPO] Adicionais";"Abacaxi";"";"8,00";"Sim"
"[GRUPO] Adicionais";"Ovo frito";"";"4,00";"Sim"
"[GRUPO] Adicionais";"Bacon em fatias";"";"6,00";"Sim"
"[GRUPO] Adicionais";"Catupiry";"";"4,00";"Sim"
"[GRUPO] Adicionais";"Cheddar";"";"5,00";"Sim"
"[GRUPO] Escolha até 3 sabores da Pizza Grande";"1. Alho e óleo";"Molho de tomate caseiro, mussarela, alho frito e azeitonas pretas e orégano. ";"0,00";"Sim"
"[GRUPO] Escolha até 3 sabores da Pizza Grande";"11. Calabresa";"Molho de tomate caseiro, mussarela, calabresa e orégano. ";"0,00";"Sim"
"[GRUPO] Escolha até 3 sabores da Pizza Grande";"32. Vegetariana";"Molho de tomate caseiro, mussarela, palmito, milho, brócolis, tomate e orégano.";"0,00";"Sim"
"[GRUPO] Escolha até 3 sabores da Pizza Grande";"46. Filé aos 5 queijos";"Molho de tomate caseiro, mussarela, provolone, parmesão, catupiry, cheddar e filé.";"8,00";"Sim"
"[GRUPO] Escolha até 3 sabores da Pizza Grande";"36. Bolonhesa";"Molho de tomate caseiro, mussarela, carne moída, cebola, tomate e pimentão.";"8,00";"Sim"
"[GRUPO] Escolha até 3 sabores da Pizza Grande";"35. Atum";"Molho de tomate caseiro, mussarela, atum, cebola, catupiry e orégano. +";"8,00";"Sim"
"[GRUPO] Escolha até 3 sabores da Pizza Grande";"20. Frango caipira";"Molho de tomate caseiro, mussarela, frango, milho, bacon, catupiry e orégano.";"0,00";"Sim"
"[GRUPO] Escolha até 3 sabores da Pizza Grande";"34. Verona";"Molho de tomate caseiro, mussarela, lombo canadense, palmito, milho, catupiry, alho frito e orégano. ";"0,00";"Sim"
"[GRUPO] Escolha até 3 sabores da Pizza Grande";"55. Strogonoff de frango";"Molho de tomate caseiro, mussarela, strogonoff de frango e batata palha.";"8,00";"Sim"
"[GRUPO] Escolha até 3 sabores da Pizza Grande";"37. Camarão alho e óleo";"Molho de tomate caseiro, mussarela, camarão ao alho e óleo e orégano.";"8,00";"Sim"
"[GRUPO] Escolha até 3 sabores da Pizza Grande";"31. Portuguesa";"Molho de tomate caseiro, mussarela, presunto, queijo, ovo, tomate, cebola, pimentão, azeitonas verde e orégano.";"0,00";"Sim"
"[GRUPO] Escolha até 3 sabores da Pizza Grande";"21. Fricasse";"Molho de tomate caseiro, mussarela, frango, milho, creme de leite e batata palha.";"0,00";"Sim"
"[GRUPO] Escolha até 3 sabores da Pizza Grande";"52. Rúcula com tomate seco";"Molho de tomate caseiro, mussarela, tomate seco, rúcula e orégano.";"8,00";"Sim"
"[GRUPO] Escolha até 3 sabores da Pizza Grande";"23. Italiana";"Molho de tomate caseiro, mussarela, presunto, bacon, milho, palmito e orégano.";"8,00";"Sim"
"[GRUPO] Escolha até 3 sabores da Pizza Grande";"44. Filé com cheddar";"Molho de tomate caseiro, mussarela, Filé e cheddar.";"8,00";"Sim"
"[GRUPO] Escolha até 3 sabores da Pizza Grande";"41. Filé ao alho";"Molho de tomate caseiro, mussarela, filé, alho frito e orégano.";"8,00";"Sim"
"[GRUPO] Escolha até 3 sabores da Pizza Grande";"61. 6 Queijos com bacon";"Molho de tomate caseiro, mussarela, provolone, parmesão, gorgonzola, catupiry, cheddar e orégano. ";"8,00";"Sim"
"[GRUPO] Escolha até 3 sabores da Pizza Grande";"48. Mexicana";"Molho de tomate caseiro, mussarela, iscas de carne, cheddar, cebola e nachos.";"8,00";"Sim"
"[GRUPO] Escolha até 3 sabores da Pizza Grande";"40. Champignon";"Molho de tomate caseiro, mussarela, champignon, catupiry e orégano.";"8,00";"Sim"
"[GRUPO] Escolha até 3 sabores da Pizza Grande";"19. Frango catupiry";"Molho de tomate caseiro, mussarela, frango com catupiry e orégano.";"0,00";"Sim"
"[GRUPO] Escolha até 3 sabores da Pizza Grande";"22. Havaiana";"Molho de tomate caseiro, mussarela, lombo canadense, abacaxi e orégano.";"0,00";"Sim"
"[GRUPO] Escolha até 3 sabores da Pizza Grande";"49. Moda da casa";"Molho de tomate caseiro, mussarela, frango, palmito, bacon, milho, azeitona, catupiry e orégano. ";"8,00";"Sim"
"[GRUPO] Escolha até 3 sabores da Pizza Grande";"BARBECUE";"Molho de tomate caseiro, mussarela, lombo ao molho Barbecue e orégano.";"8,00";"Sim"
"[GRUPO] Escolha até 3 sabores da Pizza Grande";"13. Calabresa especial";"Molho de tomate caseiro, mussarela, calabresa, cebola, catupiry e ovos.";"0,00";"Sim"
"[GRUPO] Escolha até 3 sabores da Pizza Grande";"38. Camarão aos 4 queijos";"Molho de tomate caseiro, mussarela, camarão, parmesão, provolone e catupiry.";"8,00";"Sim"
"[GRUPO] Escolha até 3 sabores da Pizza Grande";"18. Difiori";"Molho de tomate caseiro, mussarela, frango, bacon, tomate e creme de leite";"0,00";"Sim"
"[GRUPO] Escolha até 3 sabores da Pizza Grande";"25. Lombinho";"Molho de tomate caseiro, mussarela, lombo canadense, cebola e orégano.";"0,00";"Sim"
"[GRUPO] Escolha até 3 sabores da Pizza Grande";"45. Filé aos 4 queijos";"Molho de tomate caseiro, mussarela, provolone, parmesão, catupiry e filé.";"8,00";"Sim"
"[GRUPO] Escolha até 3 sabores da Pizza Grande";"47. Filé com tomate";"Molho de tomate caseiro, mussarela, filé e tomate.";"8,00";"Sim"
"[GRUPO] Escolha até 3 sabores da Pizza Grande";"24. La torre";"Molho de tomate caseiro, mussarela, lombo canadense, palmito e creme de leite.";"0,00";"Sim"
"[GRUPO] Escolha até 3 sabores da Pizza Grande";"12. Calabresa com cebola";"Molho de tomate caseiro, mussarela, calabresa, cebola e orégano.";"0,00";"Sim"
"[GRUPO] Escolha até 3 sabores da Pizza Grande";"CATUPERU";"Molho de tomate caseiro, mussarela, peito de peru, catupiry e orégano.";"0,00";"Sim"
"[GRUPO] Escolha até 3 sabores da Pizza Grande";"16. Carbonara";"Molho de tomate caseiro, mussarela, Bacon, ovos e creme de leite";"0,00";"Sim"
"[GRUPO] Escolha até 3 sabores da Pizza Grande";"CHOCOLATE BRANCO COM NOZES";"Mussarela, chocolate branco, nozes e leite condensado. ";"8,00";"Sim"
"[GRUPO] Escolha até 3 sabores da Pizza Grande";"TOSCANA";"Molho de tomate caseiro, mussarela, salame, provolone, manjericão e oregano.";"8,00";"Sim"
"[GRUPO] Escolha até 3 sabores da Pizza Grande";"33. Veneza";"Molho de tomate caseiro, mussarela, lombo, bacon, ovos e orégano.";"0,00";"Sim"
"[GRUPO] Escolha até 3 sabores da Pizza Grande";"3. Americana";"Molho de tomate caseiro, mussarela, milho, bacon, ovos e orégano. ";"0,00";"Sim"
"[GRUPO] Escolha até 3 sabores da Pizza Grande";"42. Filé com fritas";"Molho de tomate caseiro, mussarela, tiras de carne, batata frita e orégano.";"8,00";"Sim"
"[GRUPO] Escolha até 3 sabores da Pizza Grande";"58. 6 Queijos";"Molho de tomate caseiro, mussarela, provolone, parmesão, gorgonzola, catupiry, cheddar e orégano.";"8,00";"Sim"
"[GRUPO] Escolha até 3 sabores da Pizza Grande";"51. Pepperoni";"Molho de tomate caseiro, mussarela, pepperoni e orégano. ";"8,00";"Sim"
"[GRUPO] Escolha até 3 sabores da Pizza Grande";"LINGUIÇA BLUMENAU";"Molho de tomate caseiro, linguiça Blumenau, mussarela, catupiry e orégano.";"8,00";"Sim"
"[GRUPO] Escolha até 3 sabores da Pizza Grande";"27. Milho com catupiry";"Molho de tomate caseiro, mussarela, milho e catupiry.";"0,00";"Sim"
"[GRUPO] Escolha até 3 sabores da Pizza Grande";"4. Brócolis";"Molho de tomate caseiro, mussarela, brócolis, tomate, alho frito e orégano.";"0,00";"Sim"
"[GRUPO] Escolha até 3 sabores da Pizza Grande";"39. Coração";"Molho de tomate caseiro, mussarela, coração, cebola e catupiry.";"8,00";"Sim"
"[GRUPO] Escolha até 3 sabores da Pizza Grande";"59. 4 Queijos com bacon";"Molho de tomate caseiro, mussarela, provolone, parmesão, catupiry, bacon e orégano. ";"8,00";"Sim"
"[GRUPO] Escolha até 3 sabores da Pizza Grande";"PRESUNTO E QUEIJO (MODA ARGENTINA)";"Molho de tomate caseiro, mussarela, presunto e orégano.";"0,00";"Sim"
"[GRUPO] Escolha até 3 sabores da Pizza Grande";"2. Alhobresa";"Molho de tomate caseiro, mussarela, calabresa, alho e orégano. ";"0,00";"Sim"
"[GRUPO] Escolha até 3 sabores da Pizza Grande";"30. Napolitana";"Molho de tomate caseiro, mussarela, tomate, provolone e orégano.";"0,00";"Sim"
"[GRUPO] Escolha até 3 sabores da Pizza Grande";"29. Mussarela";"Molho de tomate caseiro, mussarela, tomate, azeitonas verde e orégano.";"0,00";"Sim"
"[GRUPO] Escolha até 3 sabores da Pizza Grande";"17. Crocante";"Molho de tomate caseiro, mussarela, bacon, batata palha e orégano. ";"0,00";"Sim"
"[GRUPO] Escolha até 3 sabores da Pizza Grande";"LA CANTINA";"Molho de tomate caseiro, mussarela, tomate seco, manjericão, champignon, azeitonas pretas e orégano.";"8,00";"Sim"
"[GRUPO] Escolha até 3 sabores da Pizza Grande";"GAÚCHA";"Molho de tomate caseiro, mussarela, filé, cebola, pimentão, tomate, barbecue e orégano.";"8,00";"Sim"
"[GRUPO] Escolha até 3 sabores da Pizza Grande";"15. Canadense";"Molho de tomate caseiro, mussarela, lombo canadense, catupiry e orégano.";"0,00";"Sim"
"[GRUPO] Escolha até 3 sabores da Pizza Grande";"FLORESTA NEGRA";"Chocolate preto e cerejas.";"8,00";"Sim"
"[GRUPO] Escolha até 3 sabores da Pizza Grande";"SPECIALE";" Molho de tomate caseiro, mussarela, anéis de cebola na manteiga, salsinha e orégano. ";"8,00";"Sim"
"[GRUPO] Escolha até 3 sabores da Pizza Grande";"ITALIAN ";"Molho de tomate caseiro, mussarela, salame, tomate, azeitonas pretas e orégano.   ";"8,00";"Sim"
"[GRUPO] Escolha até 3 sabores da Pizza Grande";"7. Bacon";"Molho de tomate caseiro, mussarela, bacon e orégano.";"0,00";"Sim"
"[GRUPO] Escolha até 3 sabores da Pizza Grande";"57. 5 Queijos";"Molho de tomate caseiro, mussarela, provolone, parmesão, catupiry, cheddar e orégano. ";"8,00";"Sim"
"[GRUPO] Escolha até 3 sabores da Pizza Grande";"53. Siciliana";"Molho de tomate caseiro, mussarela, bacon, champignon, catupiry e orégano.";"8,00";"Sim"
"[GRUPO] Escolha até 3 sabores da Pizza Grande";"54. Strogonoff de carne";"Molho de tomate caseiro, mussarela, strogonoff de carne e batata palha.";"8,00";"Sim"
"[GRUPO] Escolha até 3 sabores da Pizza Grande";"6. Brócolis com bacon e catupiry";"Molho de tomate caseiro, mussarela, brócolis, bacon e catupiry";"0,00";"Sim"
"[GRUPO] Escolha até 3 sabores da Pizza Grande";"50. Palmito";"Molho de tomate caseiro, mussarela, Palmito e orégano.";"8,00";"Sim"
"[GRUPO] Escolha até 3 sabores da Pizza Grande";"9. Baiana";"Molho de tomate caseiro, mussarela, calabresa, cebola, pimenta calabresa, azeitonas verde e orégano.";"0,00";"Sim"
"[GRUPO] Escolha até 3 sabores da Pizza Grande";"60. 5 Queijos com bacon";"Molho de tomate caseiro, mussarela, parmesão, provolone, catupiry, cheddar, bacon e orégano.";"8,00";"Sim"
"[GRUPO] Escolha até 3 sabores da Pizza Grande";"PRIMAVERA";"Palmito, ervilha e ovos de codorna.";"8,00";"Sim"
"[GRUPO] Escolha até 3 sabores da Pizza Grande";"FUGAZZETA";"Molho de tomate caseiro, mussarela, cebola, azeitonas verdes e orégano.";"8,00";"Sim"
"[GRUPO] Escolha até 3 sabores da Pizza Grande";"8. Bacon com abacaxi";"Molho caseiro, mussarela, bacon e abacaxi.";"8,00";"Sim"
"[GRUPO] Escolha até 3 sabores da Pizza Grande";"10. Bauru";"Molho de tomate caseiro, mussarela, presunto, tomate e orégano.";"0,00";"Sim"
"[GRUPO] Escolha até 3 sabores da Pizza Grande";"28. Milho e bacon";"Molho de tomate caseiro, mussarela, milho e bacon.";"0,00";"Sim"
"[GRUPO] Escolha até 3 sabores da Pizza Grande";"56. 4 Queijos";"Molho de tomate caseiro, mussrela, Parmesão, provolone, catupiry e orégano. ";"8,00";"Sim"
"[GRUPO] Escolha até 3 sabores da Pizza Grande";"43. Filé com catupiry";"Molho de tomate caseiro, mussarela, tiras de carne e catupiry.";"8,00";"Sim"
"[GRUPO] Escolha até 3 sabores da Pizza Grande";"NORDESTINA ";" Molho de tomate caseiro, carne seca, cebola roxa, catupiry, mussarela, pimenta biquinho e orégano. ";"8,00";"Sim"
"[GRUPO] Escolha até 3 sabores da Pizza Grande";"5. Brócolis com bacon";"Molho de tomate caseiro, mussarela, brócolis, bacon, tomate, alho frito e orégano. ";"0,00";"Sim"
"[GRUPO] Escolha até 3 sabores da Pizza Grande";"26. Marguerita";"Molho de tomate caseiro, mussarela, tomate, manjericão, azeitonas pretas e orégano.";"0,00";"Sim"
"[GRUPO] Escolha até 3 sabores da Pizza Grande";"14. Catulabresa";"Molho de tomate caseiro, mussarela, calabresa e catupiry.";"0,00";"Sim"
"[GRUPO] Sabor Gigante";"Alho e óleo ";"Molho de tomate caseiro, mussarela, alho frito, azeitonas pretas e orégano. ";"85,90";"Sim"
"[GRUPO] Sabor Gigante";"Calabresa ";"Molho de tomate caseiro, mussarela, calabresa e orégano.";"85,90";"Sim"
"[GRUPO] Sabor Gigante";"Calabresa com cebola";"Molho de tomate caseiro, mussarela, calabresa, cebola e orégano.";"85,90";"Sim"
"[GRUPO] Sabor Gigante";"Crocante";"Molho de tomate caseiro, mussarela, bacon, batata palha e orégano.";"85,90";"Sim"
"[GRUPO] Sabor Gigante";"Frango catupiry";"Molho de tomate caseiro, mussarela, frango com catupiry e orégano.";"85,90";"Sim"
"[GRUPO] Sabor Gigante";"Alhobresa";"Molho de tomate caseiro, mussarela, calabresa, alho e orégano.";"85,90";"Sim"
"[GRUPO] Sabor Gigante";"Frango caipira";"Molho de tomate caseiro, mussarela, frango, milho, bacon, catupiry e orégano.";"85,90";"Sim"
"[GRUPO] Sabor Gigante";"Fricasse";"Molho de tomate caseiro, mussarela, frango, milho, creme de leite e batata palha.";"85,90";"Sim"
"[GRUPO] Sabor Gigante";"Lombinho";"Molho de tomate caseiro, mussarela, lombo canadense, cebola e orégano.";"85,90";"Sim"
"[GRUPO] Sabor Gigante";"Marguerita";"Molho de tomate caseiro, mussarela, tomate, manjericão, azeitonas pretas e orégano.";"85,90";"Sim"
"[GRUPO] Sabor Gigante";"Milho e bacon";"Molho de tomate caseiro, mussarela, milho e bacon.";"85,90";"Sim"
"[GRUPO] Sabor Gigante";"Mussarela";"Molho de tomate caseiro, mussarela, tomate, azeitonas verde e orégano.";"85,90";"Sim"
"[GRUPO] Sabor Gigante";"Americana";"Molho de tomate caseiro, mussarela, milho, bacon, ovos e orégano.";"85,90";"Sim"
"[GRUPO] Sabor Gigante";"Vegetariana";"Molho de tomate caseiro, mussarela, palmito, milho, brócolis, tomate e orégano.";"85,90";"Sim"
"[GRUPO] Sabor Gigante";"Brócolis";"Molho de tomate caseiro, mussarela, brócolis, tomate, alho frito e orégano.";"85,90";"Sim"
"[GRUPO] Sabor Gigante";"Brócolis com bacon";"Molho de tomate caseiro, mussarela, brócolis, bacon, tomate, alho frito e orégano.";"85,90";"Sim"
"[GRUPO] Sabor Gigante";"Banana com chocolate preto e leite condensado.";"Mussarela, banana, chocolate preto e leite condensado.";"85,90";"Sim"
"[GRUPO] Sabor Gigante";"Banana com canela";"Mussarela, banana, açúcar, canela e leite condensado";"85,90";"Sim"
"[GRUPO] Sabor Gigante";" Banana leite ninho e chocolate ao leite";"Banana com leite ninho, chocolate ao leite e leite condensado.";"85,90";"Sim"
"[GRUPO] Sabor Gigante";"Banana com leite ninho, chocolate ao leite e leite condensado.";"Banana com leite ninho, chocolate ao leite e leite condensado.";"85,90";"Sim"
"[GRUPO] Sabor Gigante";"Brigadeiro";"Chocolate preto e granulado";"85,90";"Sim"
"[GRUPO] Sabor Gigante";"Chocolate branco";"Mussarela, chocolate branco e leite condensado";"85,90";"Sim"
"[GRUPO] Sabor Gigante";"Bem casado";"Mussarela, chocolate preto, chocolate branco e leite condensado";"85,90";"Sim"
"[GRUPO] Sabor Gigante";"Charge";"Mussarela, chocolate preto, amendoim e leite condensado";"85,90";"Sim"
"[GRUPO] Sabor Gigante";"Confeti";"Mussarela, chocolate preto, confeti e leite condensado.";"85,90";"Sim"
"[GRUPO] Sabor Gigante";"Charge branco";"Mussarela, chocolate branco, amendoim e leite condensado";"85,90";"Sim"
"[GRUPO] Sabor Gigante";"Chocolate preto";"Mussarela, chocolate preto e leite condensado.";"85,90";"Sim"
"[GRUPO] Sabor Gigante";"Prestigio";"Mussarela, chocolate preto, coco ralado e leite condensado";"85,90";"Sim"
"[GRUPO] Sabor Gigante";"Prestigio branco";"Mussarela, chocolate branco, coco ralado e leite condensado";"85,90";"Sim"
"[GRUPO] Sabor Gigante";"Romeu e julieta";"Mussarela e goiabada";"85,90";"Sim"
"[GRUPO] Sabor Media";"Alho e óleo ";"Molho de tomate caseiro, mussarela, alho frito, azeitonas pretas e orégano. ";"46,90";"Sim"
"[GRUPO] Sabor Media";"Calabresa ";"Molho de tomate caseiro, mussarela, calabresa e orégano.";"46,90";"Sim"
"[GRUPO] Sabor Media";"Calabresa com cebola";"Molho de tomate caseiro, mussarela, calabresa, cebola e orégano.";"46,90";"Sim"
"[GRUPO] Sabor Media";"Crocante";"Molho de tomate caseiro, mussarela, bacon, batata palha e orégano.";"46,90";"Sim"
"[GRUPO] Sabor Media";"Frango catupiry";"Molho de tomate caseiro, mussarela, frango com catupiry e orégano.";"46,90";"Sim"
"[GRUPO] Sabor Media";"Alhobresa";"Molho de tomate caseiro, mussarela, calabresa, alho e orégano.";"46,90";"Sim"
"[GRUPO] Sabor Media";"Frango caipira";"Molho de tomate caseiro, mussarela, frango, milho, bacon, catupiry e orégano.";"46,90";"Sim"
"[GRUPO] Sabor Media";"Fricasse";"Molho de tomate caseiro, mussarela, frango, milho, creme de leite e batata palha.";"46,90";"Sim"
"[GRUPO] Sabor Media";"Lombinho";"Molho de tomate caseiro, mussarela, lombo canadense, cebola e orégano.";"46,90";"Sim"
"[GRUPO] Sabor Media";"Marguerita";"Molho de tomate caseiro, mussarela, tomate, manjericão, azeitonas pretas e orégano.";"46,90";"Sim"
"[GRUPO] Sabor Media";"Milho e bacon";"Molho de tomate caseiro, mussarela, milho e bacon.";"46,90";"Sim"
"[GRUPO] Sabor Media";"Mussarela";"Molho de tomate caseiro, mussarela, tomate, azeitonas verde e orégano.";"46,90";"Sim"
"[GRUPO] Sabor Media";"Americana";"Molho de tomate caseiro, mussarela, milho, bacon, ovos e orégano.";"46,90";"Sim"
"[GRUPO] Sabor Media";"Vegetariana";"Molho de tomate caseiro, mussarela, palmito, milho, brócolis, tomate e orégano.";"46,90";"Sim"
"[GRUPO] Sabor Media";"Brócolis";"Molho de tomate caseiro, mussarela, brócolis, tomate, alho frito e orégano.";"46,90";"Sim"
"[GRUPO] Sabor Media";"Brócolis com bacon";"Molho de tomate caseiro, mussarela, brócolis, bacon, tomate, alho frito e orégano.";"46,90";"Sim"
"[GRUPO] Sabor Media";"Banana com chocolate preto e leite condensado.";"Mussarela, banana, chocolate preto e leite condensado.";"46,90";"Sim"
"[GRUPO] Sabor Media";"Banana com canela";"Mussarela, banana, açúcar, canela e leite condensado";"46,90";"Sim"
"[GRUPO] Sabor Media";" Banana leite ninho e chocolate ao leite";"Banana com leite ninho, chocolate ao leite e leite condensado.";"46,90";"Sim"
"[GRUPO] Sabor Media";"Banana com leite ninho, chocolate ao leite e leite condensado.";"Banana com leite ninho, chocolate ao leite e leite condensado.";"46,90";"Sim"
"[GRUPO] Sabor Media";"Brigadeiro";"Chocolate preto e granulado";"46,90";"Sim"
"[GRUPO] Sabor Media";"Chocolate branco";"Mussarela, chocolate branco e leite condensado";"46,90";"Sim"
"[GRUPO] Sabor Media";"Bem casado";"Mussarela, chocolate preto, chocolate branco e leite condensado";"46,90";"Sim"
"[GRUPO] Sabor Media";"Charge";"Mussarela, chocolate preto, amendoim e leite condensado";"46,90";"Sim"
"[GRUPO] Sabor Media";"Confeti";"Mussarela, chocolate preto, confeti e leite condensado.";"46,90";"Sim"
"[GRUPO] Sabor Media";"Charge branco";"Mussarela, chocolate branco, amendoim e leite condensado";"46,90";"Sim"
"[GRUPO] Sabor Media";"Chocolate preto";"Mussarela, chocolate preto e leite condensado.";"46,90";"Sim"
"[GRUPO] Sabor Media";"Prestigio";"Mussarela, chocolate preto, coco ralado e leite condensado";"46,90";"Sim"
"[GRUPO] Sabor Media";"Prestigio branco";"Mussarela, chocolate branco, coco ralado e leite condensado";"46,90";"Sim"
"[GRUPO] Sabor Media";"Romeu e julieta";"Mussarela e goiabada";"46,90";"Sim"
"[GRUPO] Sabor Pequena ";"Alho e óleo ";"Molho de tomate caseiro, mussarela, alho frito, azeitonas pretas e orégano. ";"34,90";"Sim"
"[GRUPO] Sabor Pequena ";"Calabresa ";"Molho de tomate caseiro, mussarela, calabresa e orégano.";"34,90";"Sim"
"[GRUPO] Sabor Pequena ";"Calabresa com cebola";"Molho de tomate caseiro, mussarela, calabresa, cebola e orégano.";"34,90";"Sim"
"[GRUPO] Sabor Pequena ";"Crocante";"Molho de tomate caseiro, mussarela, bacon, batata palha e orégano.";"34,90";"Sim"
"[GRUPO] Sabor Pequena ";"Frango catupiry";"Molho de tomate caseiro, mussarela, frango com catupiry e orégano.";"34,90";"Sim"
"[GRUPO] Sabor Pequena ";"Alhobresa";"Molho de tomate caseiro, mussarela, calabresa, alho e orégano.";"34,90";"Sim"
"[GRUPO] Sabor Pequena ";"Frango caipira";"Molho de tomate caseiro, mussarela, frango, milho, bacon, catupiry e orégano.";"34,90";"Sim"
"[GRUPO] Sabor Pequena ";"Fricasse";"Molho de tomate caseiro, mussarela, frango, milho, creme de leite e batata palha.";"34,90";"Sim"
"[GRUPO] Sabor Pequena ";"Lombinho";"Molho de tomate caseiro, mussarela, lombo canadense, cebola e orégano.";"34,90";"Sim"
"[GRUPO] Sabor Pequena ";"Marguerita";"Molho de tomate caseiro, mussarela, tomate, manjericão, azeitonas pretas e orégano.";"34,90";"Sim"
"[GRUPO] Sabor Pequena ";"Milho e bacon";"Molho de tomate caseiro, mussarela, milho e bacon.";"34,90";"Sim"
"[GRUPO] Sabor Pequena ";"Mussarela";"Molho de tomate caseiro, mussarela, tomate, azeitonas verde e orégano.";"34,90";"Sim"
"[GRUPO] Sabor Pequena ";"Americana";"Molho de tomate caseiro, mussarela, milho, bacon, ovos e orégano.";"34,90";"Sim"
"[GRUPO] Sabor Pequena ";"Vegetariana";"Molho de tomate caseiro, mussarela, palmito, milho, brócolis, tomate e orégano.";"34,90";"Sim"
"[GRUPO] Sabor Pequena ";"Brócolis";"Molho de tomate caseiro, mussarela, brócolis, tomate, alho frito e orégano.";"34,90";"Sim"
"[GRUPO] Sabor Pequena ";"Brócolis com bacon";"Molho de tomate caseiro, mussarela, brócolis, bacon, tomate, alho frito e orégano.";"34,90";"Sim"
"[GRUPO] Sabor Pequena ";"Banana com chocolate preto e leite condensado.";"Mussarela, banana, chocolate preto e leite condensado.";"34,90";"Sim"
"[GRUPO] Sabor Pequena ";"Banana com canela";"Mussarela, banana, açúcar, canela e leite condensado";"34,90";"Sim"
"[GRUPO] Sabor Pequena ";" Banana leite ninho e chocolate ao leite";"Banana com leite ninho, chocolate ao leite e leite condensado.";"34,90";"Sim"
"[GRUPO] Sabor Pequena ";"Banana com leite ninho, chocolate ao leite e leite condensado.";"Banana com leite ninho, chocolate ao leite e leite condensado.";"34,90";"Sim"
"[GRUPO] Sabor Pequena ";"Brigadeiro";"Chocolate preto e granulado";"34,90";"Sim"
"[GRUPO] Sabor Pequena ";"Chocolate branco";"Mussarela, chocolate branco e leite condensado";"34,90";"Sim"
"[GRUPO] Sabor Pequena ";"Bem casado";"Mussarela, chocolate preto, chocolate branco e leite condensado";"34,90";"Sim"
"[GRUPO] Sabor Pequena ";"Charge";"Mussarela, chocolate preto, amendoim e leite condensado";"34,90";"Sim"
"[GRUPO] Sabor Pequena ";"Confeti";"Mussarela, chocolate preto, confeti e leite condensado.";"34,90";"Sim"
"[GRUPO] Sabor Pequena ";"Charge branco";"Mussarela, chocolate branco, amendoim e leite condensado";"34,90";"Sim"
"[GRUPO] Sabor Pequena ";"Chocolate preto";"Mussarela, chocolate preto e leite condensado.";"34,90";"Sim"
"[GRUPO] Sabor Pequena ";"Prestigio";"Mussarela, chocolate preto, coco ralado e leite condensado";"34,90";"Sim"
"[GRUPO] Sabor Pequena ";"Prestigio branco";"Mussarela, chocolate branco, coco ralado e leite condensado";"34,90";"Sim"
"[GRUPO] Sabor Pequena ";"Romeu e julieta";"Mussarela e goiabada";"34,90";"Sim"
"[GRUPO] Sabor Familia";"Alho e óleo ";"Molho de tomate caseiro, mussarela, alho frito, azeitonas pretas e orégano. ";"72,90";"Sim"
"[GRUPO] Sabor Familia";"Calabresa ";"Molho de tomate caseiro, mussarela, calabresa e orégano.";"72,90";"Sim"
"[GRUPO] Sabor Familia";"Calabresa com cebola";"Molho de tomate caseiro, mussarela, calabresa, cebola e orégano.";"72,90";"Sim"
"[GRUPO] Sabor Familia";"Crocante";"Molho de tomate caseiro, mussarela, bacon, batata palha e orégano.";"72,90";"Sim"
"[GRUPO] Sabor Familia";"Frango catupiry";"Molho de tomate caseiro, mussarela, frango com catupiry e orégano.";"72,90";"Sim"
"[GRUPO] Sabor Familia";"Alhobresa";"Molho de tomate caseiro, mussarela, calabresa, alho e orégano.";"72,90";"Sim"
"[GRUPO] Sabor Familia";"Frango caipira";"Molho de tomate caseiro, mussarela, frango, milho, bacon, catupiry e orégano.";"72,90";"Sim"
"[GRUPO] Sabor Familia";"Fricasse";"Molho de tomate caseiro, mussarela, frango, milho, creme de leite e batata palha.";"72,90";"Sim"
"[GRUPO] Sabor Familia";"Lombinho";"Molho de tomate caseiro, mussarela, lombo canadense, cebola e orégano.";"72,90";"Sim"
"[GRUPO] Sabor Familia";"Marguerita";"Molho de tomate caseiro, mussarela, tomate, manjericão, azeitonas pretas e orégano.";"72,90";"Sim"
"[GRUPO] Sabor Familia";"Milho e bacon";"Molho de tomate caseiro, mussarela, milho e bacon.";"72,90";"Sim"
"[GRUPO] Sabor Familia";"Mussarela";"Molho de tomate caseiro, mussarela, tomate, azeitonas verde e orégano.";"72,90";"Sim"
"[GRUPO] Sabor Familia";"Americana";"Molho de tomate caseiro, mussarela, milho, bacon, ovos e orégano.";"72,90";"Sim"
"[GRUPO] Sabor Familia";"Vegetariana";"Molho de tomate caseiro, mussarela, palmito, milho, brócolis, tomate e orégano.";"72,90";"Sim"
"[GRUPO] Sabor Familia";"Brócolis";"Molho de tomate caseiro, mussarela, brócolis, tomate, alho frito e orégano.";"72,90";"Sim"
"[GRUPO] Sabor Familia";"Brócolis com bacon";"Molho de tomate caseiro, mussarela, brócolis, bacon, tomate, alho frito e orégano.";"72,90";"Sim"
"[GRUPO] Sabor Familia";"Banana com chocolate preto e leite condensado.";"Mussarela, banana, chocolate preto e leite condensado.";"72,90";"Sim"
"[GRUPO] Sabor Familia";"Banana com canela";"Mussarela, banana, açúcar, canela e leite condensado";"72,90";"Sim"
"[GRUPO] Sabor Familia";" Banana leite ninho e chocolate ao leite";"Banana com leite ninho, chocolate ao leite e leite condensado.";"72,90";"Sim"
"[GRUPO] Sabor Familia";"Banana com leite ninho, chocolate ao leite e leite condensado.";"Banana com leite ninho, chocolate ao leite e leite condensado.";"72,90";"Sim"
"[GRUPO] Sabor Familia";"Brigadeiro";"Chocolate preto e granulado";"72,90";"Sim"
"[GRUPO] Sabor Familia";"Chocolate branco";"Mussarela, chocolate branco e leite condensado";"72,90";"Sim"
"[GRUPO] Sabor Familia";"Bem casado";"Mussarela, chocolate preto, chocolate branco e leite condensado";"72,90";"Sim"
"[GRUPO] Sabor Familia";"Charge";"Mussarela, chocolate preto, amendoim e leite condensado";"72,90";"Sim"
"[GRUPO] Sabor Familia";"Confeti";"Mussarela, chocolate preto, confeti e leite condensado.";"72,90";"Sim"
"[GRUPO] Sabor Familia";"Charge branco";"Mussarela, chocolate branco, amendoim e leite condensado";"72,90";"Sim"
"[GRUPO] Sabor Familia";"Chocolate preto";"Mussarela, chocolate preto e leite condensado.";"72,90";"Sim"
"[GRUPO] Sabor Familia";"Prestigio";"Mussarela, chocolate preto, coco ralado e leite condensado";"72,90";"Sim"
"[GRUPO] Sabor Familia";"Prestigio branco";"Mussarela, chocolate branco, coco ralado e leite condensado";"72,90";"Sim"
"[GRUPO] Sabor Familia";"Romeu e julieta";"Mussarela e goiabada";"72,90";"Sim"
"[GRUPO] Sabor Grande";"Alho e óleo ";"Molho de tomate caseiro, mussarela, alho frito, azeitonas pretas e orégano. ";"59,90";"Sim"
"[GRUPO] Sabor Grande";"Calabresa ";"Molho de tomate caseiro, mussarela, calabresa e orégano.";"59,90";"Sim"
"[GRUPO] Sabor Grande";"Calabresa com cebola";"Molho de tomate caseiro, mussarela, calabresa, cebola e orégano.";"59,90";"Sim"
"[GRUPO] Sabor Grande";"Crocante";"Molho de tomate caseiro, mussarela, bacon, batata palha e orégano.";"59,90";"Sim"
"[GRUPO] Sabor Grande";"Frango catupiry";"Molho de tomate caseiro, mussarela, frango com catupiry e orégano.";"59,90";"Sim"
"[GRUPO] Sabor Grande";"Alhobresa";"Molho de tomate caseiro, mussarela, calabresa, alho e orégano.";"59,90";"Sim"
"[GRUPO] Sabor Grande";"Frango caipira";"Molho de tomate caseiro, mussarela, frango, milho, bacon, catupiry e orégano.";"59,90";"Sim"
"[GRUPO] Sabor Grande";"Fricasse";"Molho de tomate caseiro, mussarela, frango, milho, creme de leite e batata palha.";"59,90";"Sim"
"[GRUPO] Sabor Grande";"Lombinho";"Molho de tomate caseiro, mussarela, lombo canadense, cebola e orégano.";"59,90";"Sim"
"[GRUPO] Sabor Grande";"Marguerita";"Molho de tomate caseiro, mussarela, tomate, manjericão, azeitonas pretas e orégano.";"59,90";"Sim"
"[GRUPO] Sabor Grande";"Milho e bacon";"Molho de tomate caseiro, mussarela, milho e bacon.";"59,90";"Sim"
"[GRUPO] Sabor Grande";"Mussarela";"Molho de tomate caseiro, mussarela, tomate, azeitonas verde e orégano.";"59,90";"Sim"
"[GRUPO] Sabor Grande";"Americana";"Molho de tomate caseiro, mussarela, milho, bacon, ovos e orégano.";"59,90";"Sim"
"[GRUPO] Sabor Grande";"Vegetariana";"Molho de tomate caseiro, mussarela, palmito, milho, brócolis, tomate e orégano.";"59,90";"Sim"
"[GRUPO] Sabor Grande";"Brócolis";"Molho de tomate caseiro, mussarela, brócolis, tomate, alho frito e orégano.";"59,90";"Sim"
"[GRUPO] Sabor Grande";"Brócolis com bacon";"Molho de tomate caseiro, mussarela, brócolis, bacon, tomate, alho frito e orégano.";"59,90";"Sim"
"[GRUPO] Sabor Grande";"Banana com chocolate preto e leite condensado.";"Mussarela, banana, chocolate preto e leite condensado.";"59,90";"Sim"
"[GRUPO] Sabor Grande";"Banana com canela";"Mussarela, banana, açúcar, canela e leite condensado";"59,90";"Sim"
"[GRUPO] Sabor Grande";" Banana leite ninho e chocolate ao leite";"Banana com leite ninho, chocolate ao leite e leite condensado.";"59,90";"Sim"
"[GRUPO] Sabor Grande";"Banana com leite ninho, chocolate ao leite e leite condensado.";"Banana com leite ninho, chocolate ao leite e leite condensado.";"59,90";"Sim"
"[GRUPO] Sabor Grande";"Brigadeiro";"Chocolate preto e granulado";"59,90";"Sim"
"[GRUPO] Sabor Grande";"Chocolate branco";"Mussarela, chocolate branco e leite condensado";"59,90";"Sim"
"[GRUPO] Sabor Grande";"Bem casado";"Mussarela, chocolate preto, chocolate branco e leite condensado";"59,90";"Sim"
"[GRUPO] Sabor Grande";"Charge";"Mussarela, chocolate preto, amendoim e leite condensado";"59,90";"Sim"
"[GRUPO] Sabor Grande";"Confeti";"Mussarela, chocolate preto, confeti e leite condensado.";"59,90";"Sim"
"[GRUPO] Sabor Grande";"Charge branco";"Mussarela, chocolate branco, amendoim e leite condensado";"59,90";"Sim"
"[GRUPO] Sabor Grande";"Chocolate preto";"Mussarela, chocolate preto e leite condensado.";"59,90";"Sim"
"[GRUPO] Sabor Grande";"Prestigio";"Mussarela, chocolate preto, coco ralado e leite condensado";"59,90";"Sim"
"[GRUPO] Sabor Grande";"Prestigio branco";"Mussarela, chocolate branco, coco ralado e leite condensado";"59,90";"Sim"
"[GRUPO] Sabor Grande";"Romeu e julieta";"Mussarela e goiabada";"59,90";"Sim"